condition,jd_tdb,date_tdb,astronomical_year,era,display_year,month,day,time_tdb,calendar,outer_body,outer_orbit_index,outer_phase,perihelion_jd_tdb,perihelion_date_tdb,perihelion_q_km,outer_distance_km,delta_outer_km,inner_distance_km,residual_km,roots_in_orbit
3_6,264454.007115781948,3989 BCE-01-14 12:10:15,-3988,BCE,3989,1,14,12:10:15,Julian,saturn,0,Approaching perihelion,256990.843967764580,4010 BCE-08-09 08:15:19,1321077262.510481595993,1470211874.408393859863,149134611.897912263870,149134611.897897183895,-0.000010281801,1
3_6,271128.878847960266,3971 BCE-04-24 09:05:32,-3970,BCE,3971,4,24,09:05:32,Julian,saturn,1,Receding from perihelion,267713.921192573733,3981 BCE-12-17 10:06:31,1322309993.033904790878,1474708891.070119380951,152398898.036214590073,152398898.036215156317,-0.000010281801,2
3_6,275289.765270635136,3960 BCE-09-14 06:21:59,-3959,BCE,3960,9,14,06:21:59,Julian,saturn,1,Approaching perihelion,267713.921192573733,3981 BCE-12-17 10:06:31,1322309993.033904790878,1469808633.168244838715,147498640.134340047836,147498640.134340524673,-0.000010281801,2
3_6,281825.527170845016,3942 BCE-08-07 00:39:08,-3941,BCE,3942,8,7,00:39:08,Julian,saturn,2,Receding from perihelion,278538.529280490766,3951 BCE-08-07 00:42:10,1321904747.054362773895,1471030521.652514219284,149125774.598151445389,149125774.598135173321,-0.000010281801,2
3_6,285988.134309754649,3931 BCE-12-29 15:13:24,-3930,BCE,3931,12,29,15:13:24,Julian,saturn,2,Approaching perihelion,278538.529280490766,3951 BCE-08-07 00:42:10,1321904747.054362773895,1470297659.054322481155,148392911.999959707260,148392911.999955564737,-0.000010281801,2
3_6,292696.106969588553,3912 BCE-05-11 14:34:02,-3911,BCE,3912,5,11,14:34:02,Julian,saturn,3,Receding from perihelion,289258.908195000608,3922 BCE-12-13 09:47:48,1322974587.988792181015,1475284445.980637311935,152309857.991845130920,152309857.991845458746,-0.000010281801,2
3_6,296712.722331945493,3901 BCE-05-10 05:20:09,-3900,BCE,3901,5,10,05:20:09,Julian,saturn,3,Approaching perihelion,289258.908195000608,3922 BCE-12-13 09:47:48,1322974587.988792181015,1475299494.043414831161,152324906.054622650146,152324906.054620325565,-0.000010281801,2
3_6,303388.691379576805,3883 BCE-08-20 04:35:35,-3882,BCE,3883,8,20,04:35:35,Julian,saturn,4,Receding from perihelion,300081.850726131059,3892 BCE-07-31 08:25:03,1322938292.782763481140,1471467513.665520191193,148529220.882756710052,148529220.882752597332,-0.000010281801,2
3_6,307514.212473657972,3872 BCE-12-05 17:05:58,-3871,BCE,3872,12,5,17:05:58,Julian,saturn,4,Approaching perihelion,300081.850726131059,3892 BCE-07-31 08:25:03,1322938292.782763481140,1470404641.402076244354,147466348.619312763214,147466348.619312256575,-0.000010281801,2
3_6,314250.989696890290,3853 BCE-05-16 11:45:10,-3852,BCE,3853,5,16,11:45:10,Julian,saturn,5,Receding from perihelion,310797.352765709395,3863 BCE-12-01 20:27:59,1323496194.083182334900,1475743460.784490585327,152247266.701308250427,152247266.701307684183,-0.000010281801,2
3_6,318215.706081282289,3842 BCE-03-25 04:56:45,-3841,BCE,3842,3,25,04:56:45,Julian,saturn,5,Approaching perihelion,310797.352765709395,3863 BCE-12-01 20:27:59,1323496194.083182334900,1475454805.704939126968,151958611.621756792068,151958611.621758699417,-0.000010281801,2
3_6,324948.065529048734,3824 BCE-08-29 13:34:22,-3823,BCE,3824,8,29,13:34:22,Julian,saturn,6,Receding from perihelion,321610.990519336890,3833 BCE-07-10 11:46:21,1324179032.513741493225,1472314159.306030988693,148135126.792289495468,148135126.792288899422,-0.000010281801,2
3_6,329019.285654420208,3813 BCE-10-21 18:51:21,-3812,BCE,3813,10,21,18:51:21,Julian,saturn,6,Approaching perihelion,321610.990519336890,3833 BCE-07-10 11:46:21,1324179032.513741493225,1470990558.708242893219,146811526.194501399994,146811526.194503366947,-0.000010281801,2
3_6,335802.186212375760,3794 BCE-05-18 16:28:09,-3793,BCE,3794,5,18,16:28:09,Julian,saturn,7,Receding from perihelion,332328.604900149221,3804 BCE-11-13 02:31:03,1324205602.522156715393,1476432713.278994083405,152227110.756837368011,152227110.756836086512,-0.000010281801,2
3_6,339727.633906724222,3783 BCE-02-15 03:12:50,-3782,BCE,3783,2,15,03:12:50,Julian,saturn,7,Approaching perihelion,332328.604900149221,3804 BCE-11-13 02:31:03,1324205602.522156715393,1474771912.240783452988,150566309.718626737595,150566309.718629181385,-0.000010281801,2
3_6,346499.049878213089,3765 BCE-08-30 13:11:49,-3764,BCE,3765,8,30,13:11:49,Julian,saturn,8,Receding from perihelion,343132.773348638148,3774 BCE-06-13 06:33:37,1325192088.644033432007,1473300407.860206127167,148108319.216172695160,148108319.216175794601,-0.000010281801,2
3_6,350395.549476988672,3754 BCE-05-02 01:11:15,-3753,BCE,3754,5,2,01:11:15,Julian,saturn,8,Approaching perihelion,343132.773348638148,3774 BCE-06-13 06:33:37,1325192088.644033432007,1477574939.539185285568,152382850.895151853561,152382850.895152091980,-0.000010281801,2
3_6,357337.778604978113,3735 BCE-05-04 06:41:11,-3734,BCE,3735,5,4,06:41:11,Julian,saturn,9,Receding from perihelion,353845.173004972166,3745 BCE-10-10 16:09:08,1324828597.759696483612,1477204426.731775045395,152375828.972078561783,152375828.972077935934,-0.000010281801,2
3_6,361238.378544818901,3724 BCE-01-06 21:05:06,-3723,BCE,3724,1,6,21:05:06,Julian,saturn,9,Approaching perihelion,353845.173004972166,3745 BCE-10-10 16:09:08,1324828597.759696483612,1473531142.734903097153,148702544.975206613541,148702544.975204050541,-0.000010281801,2
3_6,368044.076344869973,3706 BCE-08-26 13:49:56,-3705,BCE,3706,8,26,13:49:56,Julian,saturn,10,Receding from perihelion,364644.286215621803,3715 BCE-05-05 18:52:09,1326214460.309207439423,1474549313.223373413086,148334852.914165973663,148334852.914164572954,-0.000010281801,2
3_6,371893.501297394629,3695 BCE-03-11 00:01:52,-3694,BCE,3695,3,11,00:01:52,Julian,saturn,10,Approaching perihelion,364644.286215621803,3715 BCE-05-05 18:52:09,1326214460.309207439423,1477699394.540218591690,151484934.231011152267,151484934.231009393930,-0.000010281801,2
3_6,378838.249359241338,3676 BCE-03-15 17:59:05,-3675,BCE,3676,3,15,17:59:05,Julian,saturn,11,Receding from perihelion,375357.801761276089,3686 BCE-09-04 07:14:32,1325211918.372014045715,1476866196.555413246155,151654278.183399200439,151654278.183398991823,-0.000010281801,2
3_6,382744.536701940699,3666 BCE-11-25 00:52:51,-3665,BCE,3666,11,25,00:52:51,Julian,saturn,11,Approaching perihelion,375357.801761276089,3686 BCE-09-04 07:14:32,1325211918.372014045715,1472326129.241455078125,147114210.869441032410,147114210.869440644979,-0.000010281801,2
3_6,389576.116751772235,3647 BCE-08-08 14:48:07,-3646,BCE,3647,8,8,14:48:07,Julian,saturn,12,Receding from perihelion,386146.049332337396,3656 BCE-03-18 13:11:02,1326771648.513131856918,1475944670.035561800003,149173021.522429943085,149173021.522429674864,-0.000010281801,2
3_6,393409.445312012569,3636 BCE-02-04 22:41:15,-3635,BCE,3636,2,4,22:41:15,Julian,saturn,12,Approaching perihelion,386146.049332337396,3656 BCE-03-18 13:11:02,1326771648.513131856918,1476809949.640746593475,150038301.127614736557,150038301.127627372742,-0.000010281801,2
3_6,400241.361313013767,3618 BCE-10-20 20:40:17,-3617,BCE,3618,10,20,20:40:17,Julian,saturn,13,Receding from perihelion,396862.748497686058,3627 BCE-07-21 05:57:50,1325421674.888747930527,1472257073.204849243164,146835398.316101312637,146835398.316100090742,-0.000010281801,2
3_6,404170.145914018503,3607 BCE-07-23 15:30:07,-3606,BCE,3607,7,23,15:30:07,Julian,saturn,13,Approaching perihelion,396862.748497686058,3627 BCE-07-21 05:57:50,1325421674.888747930527,1475370518.722001314163,149948843.833253383636,149948843.833253502846,-0.000010281801,2
3_6,411103.457389226009,3588 BCE-07-16 22:58:38,-3587,BCE,3588,7,16,22:58:38,Julian,saturn,14,Receding from perihelion,407650.031630381825,3597 BCE-02-01 12:45:33,1327080525.398404121399,1477341621.329813480377,150261095.931409358978,150261095.931420594454,-0.000010281801,2
3_6,414933.913941816718,3577 BCE-01-11 09:56:05,-3576,BCE,3577,1,11,09:56:05,Julian,saturn,14,Approaching perihelion,407650.031630381825,3597 BCE-02-01 12:45:33,1327080525.398404121399,1475890091.851548671722,148809566.453144550323,148809566.453146219254,-0.000010281801,2
3_6,421746.478597915790,3559 BCE-09-05 23:29:11,-3558,BCE,3559,9,5,23:29:11,Julian,saturn,15,Receding from perihelion,418365.849483315600,3568 BCE-06-04 08:23:15,1325121387.036125421524,1473071178.349392890930,147949791.313267469406,147949791.313265800476,-0.000010281801,2
3_6,425622.252123649698,3548 BCE-04-16 18:03:03,-3547,BCE,3548,4,16,18:03:03,Julian,saturn,15,Approaching perihelion,418365.849483315600,3568 BCE-06-04 08:23:15,1325121387.036125421524,1477435290.931309938431,152313903.895184516907,152313903.895184069872,-0.000010281801,2
3_6,432624.012358372158,3529 BCE-06-17 12:17:48,-3528,BCE,3529,6,17,12:17:48,Julian,saturn,16,Receding from perihelion,429151.173328119097,3539 BCE-12-14 16:09:36,1327073038.110253095627,1478564781.378914594650,151491743.268661499023,151491743.268663823605,-0.000010281801,2
3_6,436466.230565466743,3519 BCE-12-24 17:32:01,-3518,BCE,3519,12,24,17:32:01,Julian,saturn,16,Approaching perihelion,429151.173328119097,3539 BCE-12-14 16:09:36,1327073038.110253095627,1475098709.686966657639,148025671.576713562012,148025671.576730906963,-0.000010281801,2
3_6,443263.078644886380,3500 BCE-08-03 13:53:15,-3499,BCE,3500,8,3,13:53:15,Julian,saturn,17,Receding from perihelion,439876.146649844886,3509 BCE-04-25 15:31:11,1324745263.598807573318,1474206016.442511081696,149460752.843703508377,149460752.843701452017,-0.000010281801,2
3_6,447150.488433817110,3489 BCE-03-25 23:43:21,-3488,BCE,3489,3,25,23:43:21,Julian,saturn,17,Approaching perihelion,439876.146649844886,3509 BCE-04-25 15:31:11,1324745263.598807573318,1476649508.737342119217,151904245.138534545898,151904245.138534128666,-0.000010281801,2
3_6,454130.235730834713,3470 BCE-05-05 17:39:27,-3469,BCE,3470,5,5,17:39:27,Julian,saturn,18,Receding from perihelion,450659.188834670116,3480 BCE-11-02 16:31:55,1326607140.162581682205,1478980670.623158693314,152373530.460577011108,152373530.460578888655,-0.000010281801,2
3_6,458009.685823543812,3460 BCE-12-18 04:27:35,-3459,BCE,3460,12,18,04:27:35,Julian,saturn,18,Approaching perihelion,450659.188834670116,3480 BCE-11-02 16:31:55,1326607140.162581682205,1474369342.750200271606,147762202.587618589401,147762202.587619930506,-0.000010281801,2
3_6,464780.636973826506,3441 BCE-07-02 03:17:15,-3440,BCE,3441,7,2,03:17:15,Julian,saturn,19,Receding from perihelion,461391.919656414131,3450 BCE-03-23 10:04:18,1324088160.898160696030,1475047563.980074644089,150959403.081913948059,150959403.081911444664,-0.000010281801,2
3_6,468693.313295493426,3430 BCE-03-19 19:31:09,-3429,BCE,3430,3,19,19:31:09,Julian,saturn,19,Approaching perihelion,461391.919656414131,3450 BCE-03-23 10:04:18,1324088160.898160696030,1475775817.545197725296,151687656.647037029266,151687656.647035449743,-0.000010281801,2
3_6,475550.672236913175,3412 BCE-12-27 04:08:01,-3411,BCE,3412,12,27,04:08:01,Julian,saturn,20,Receding from perihelion,472174.629413838848,3421 BCE-09-29 03:06:21,1326293947.710240602493,1474388824.183860301971,148094876.473619699478,148094876.473619610071,-0.000010281801,2
3_6,479559.481640957587,3401 BCE-12-17 23:33:34,-3400,BCE,3401,12,17,23:33:34,Julian,saturn,20,Approaching perihelion,472174.629413838848,3421 BCE-09-29 03:06:21,1326293947.710240602493,1474041360.750159263611,147747413.039918661118,147747413.039918631315,-0.000010281801,2
3_6,486300.631767733197,3382 BCE-06-03 03:09:45,-3381,BCE,3382,6,3,03:09:45,Julian,saturn,21,Receding from perihelion,482921.192373562022,3391 BCE-03-02 16:37:01,1323346954.581706523895,1475324957.194254398346,151978002.612547874451,151978002.612548887730,-0.000010281801,2
3_6,490246.829588049615,3371 BCE-03-23 07:54:36,-3370,BCE,3371,3,23,07:54:36,Julian,saturn,21,Approaching perihelion,482921.192373562022,3391 BCE-03-02 16:37:01,1323346954.581706523895,1475128037.084921121597,151781082.503214597702,151781082.503214806318,-0.000010281801,2
3_6,497036.804927725694,3353 BCE-10-24 07:19:06,-3352,BCE,3353,10,24,07:19:06,Julian,saturn,22,Receding from perihelion,493693.653302274179,3362 BCE-08-30 03:40:45,1325708963.844098329544,1472552160.366436243057,146843196.522337913513,146843196.522338300943,-0.000010281801,2
3_6,501115.651639805466,3342 BCE-12-25 03:38:22,-3341,BCE,3342,12,25,03:38:22,Julian,saturn,22,Approaching perihelion,493693.653302274179,3362 BCE-08-30 03:40:45,1325708963.844098329544,1473680742.719657659531,147971778.875559329987,147971778.875558018684,-0.000010281801,2
3_6,507830.563819302130,3323 BCE-05-14 01:31:54,-3322,BCE,3323,5,14,01:31:54,Julian,saturn,23,Receding from perihelion,504458.529253923276,3332 BCE-02-18 00:42:08,1323000203.910581111908,1475322514.823116779327,152322310.912535667419,152322310.912537008524,-0.000010281801,2
3_6,511802.869498994260,3312 BCE-03-29 08:52:05,-3311,BCE,3312,3,29,08:52:05,Julian,saturn,23,Approaching perihelion,504458.529253923276,3332 BCE-02-18 00:42:08,1323000203.910581111908,1474932746.114671945572,151932542.204090833664,151932542.204090207815,-0.000010281801,2
3_6,518569.166086643585,3294 BCE-10-07 15:59:10,-3293,BCE,3294,10,7,15:59:10,Julian,saturn,24,Receding from perihelion,515221.347687144123,3303 BCE-08-07 20:20:40,1325215334.158317089081,1472297951.713315248489,147082617.554998159409,147082617.554999738932,-0.000010281801,2
3_6,522676.377953490883,3282 BCE-01-04 21:04:15,-3281,BCE,3282,1,4,21:04:15,Julian,saturn,24,Approaching perihelion,515221.347687144123,3303 BCE-08-07 20:20:40,1325215334.158317089081,1473618632.249722957611,148403298.091405868530,148403298.091408103704,-0.000010281801,2
3_6,529367.964948835666,3264 BCE-05-01 11:09:32,-3263,BCE,3264,5,1,11:09:32,Julian,saturn,25,Receding from perihelion,526006.684203616809,3273 BCE-02-17 04:25:15,1322671551.043350934982,1475044219.288649797440,152372668.245298862457,152372668.245298594236,-0.000010281801,2
3_6,533360.120755903190,3253 BCE-04-05 14:53:53,-3252,BCE,3253,4,5,14:53:53,Julian,saturn,25,Approaching perihelion,526006.684203616809,3273 BCE-02-17 04:25:15,1322671551.043350934982,1474759548.172610521317,152087997.129259586334,152087997.129257023335,-0.000010281801,2
3_6,540114.259019482066,3235 BCE-10-02 18:12:59,-3234,BCE,3235,10,2,18:12:59,Julian,saturn,26,Receding from perihelion,536751.424873429700,3244 BCE-07-18 22:11:49,1325009769.114878416061,1472210234.399060010910,147200465.284181594849,147200465.284185796976,-0.000010281801,2
3_6,544233.937143867835,3223 BCE-01-12 10:29:29,-3222,BCE,3223,1,12,10:29:29,Julian,saturn,26,Approaching perihelion,536751.424873429700,3244 BCE-07-18 22:11:49,1325009769.114878416061,1473735257.931547164917,148725488.816668748856,148725488.816672056913,-0.000010281801,2
3_6,550926.399922094308,3205 BCE-05-09 21:35:53,-3204,BCE,3205,5,9,21:35:53,Julian,saturn,27,Receding from perihelion,547562.875129989116,3214 BCE-02-23 09:00:11,1322826773.027968645096,1475175096.812839031219,152348323.784870386124,152348323.784871995449,-0.000010281801,2
3_6,554915.274856873439,3194 BCE-04-11 18:35:48,-3193,BCE,3194,4,11,18:35:48,Julian,saturn,27,Approaching perihelion,547562.875129989116,3214 BCE-02-23 09:00:11,1322826773.027968645096,1475004874.066011428833,152178101.038042783737,152178101.038049668074,-0.000010281801,2
3_6,561666.440534741501,3176 BCE-10-04 22:34:22,-3175,BCE,3176,10,4,22:34:22,Julian,saturn,28,Receding from perihelion,558295.321701908484,3185 BCE-07-12 19:43:15,1324851744.758922338486,1472008215.085234403610,147156470.326312065125,147156470.326316326857,-0.000010281801,2
3_6,565787.798648742842,3164 BCE-01-16 07:10:03,-3163,BCE,3164,1,16,07:10:03,Julian,saturn,28,Approaching perihelion,558295.321701908484,3185 BCE-07-12 19:43:15,1324851744.758922338486,1473741387.490965127945,148889642.732042789459,148889642.732040047646,-0.000010281801,2
3_6,572490.971925495076,3146 BCE-05-25 11:19:34,-3145,BCE,3146,5,25,11:19:34,Julian,saturn,29,Receding from perihelion,569116.787876152201,3155 BCE-02-27 06:54:32,1323267933.368358373642,1475454327.351571321487,152186393.983212947845,152186393.983214110136,-0.000010281801,2
3_6,576462.452480886597,3135 BCE-04-08 22:51:34,-3134,BCE,3135,4,8,22:51:34,Julian,saturn,29,Approaching perihelion,569116.787876152201,3155 BCE-02-27 06:54:32,1323267933.368358373642,1475389893.913901805878,152121960.545543432236,152121960.545546263456,-0.000010281801,2
3_6,583229.644638859900,3117 BCE-10-18 03:28:17,-3116,BCE,3117,10,18,03:28:17,Julian,saturn,30,Receding from perihelion,579845.573254152201,3126 BCE-07-14 01:45:29,1325105443.817593812943,1472032871.913532972336,146927428.095939159393,146927428.095935910940,-0.000010281801,2
3_6,587335.714340965031,3105 BCE-01-15 05:08:39,-3104,BCE,3105,1,15,05:08:39,Julian,saturn,30,Approaching perihelion,579845.573254152201,3126 BCE-07-14 01:45:29,1325105443.817593812943,1473888269.748563289642,148782825.930969476700,148782825.930982083082,-0.000010281801,2
3_6,594061.259661743883,3087 BCE-06-14 18:13:55,-3086,BCE,3087,6,14,18:13:55,Julian,saturn,31,Receding from perihelion,590674.587926062173,3096 BCE-03-07 02:06:37,1324013008.517636299133,1475726817.111387491226,151713808.593751192093,151713808.593754738569,-0.000010281801,2
3_6,598001.000653251540,3076 BCE-03-28 12:00:56,-3075,BCE,3076,3,28,12:00:56,Julian,saturn,31,Approaching perihelion,590674.587926062173,3096 BCE-03-07 02:06:37,1324013008.517636299133,1475855651.218625783920,151842642.700989484787,151842642.700993180275,-0.000010281801,2
3_6,604793.294966889429,3058 BCE-11-01 19:04:45,-3057,BCE,3058,11,1,19:04:45,Julian,saturn,32,Receding from perihelion,601393.852008827496,3067 BCE-07-12 08:26:54,1325432964.256425619125,1472267044.900288343430,146834080.643862724304,146834080.643858581781,-0.000010281801,2
3_6,608875.264772058115,3046 BCE-01-04 18:21:16,-3045,BCE,3046,1,4,18:21:16,Julian,saturn,32,Approaching perihelion,601393.852008827496,3067 BCE-07-12 08:26:54,1325432964.256425619125,1473743056.514262199402,148310092.257836580276,148310092.257836043835,-0.000010281801,2
3_6,615632.374159059371,3028 BCE-07-05 20:58:47,-3027,BCE,3028,7,5,20:58:47,Julian,saturn,33,Receding from perihelion,612225.161007991177,3037 BCE-03-07 15:51:51,1325108110.647771835327,1476077059.185020208359,150968948.537248373032,150968948.537252455950,-0.000010281801,2
3_6,619531.778528411523,3017 BCE-03-09 06:41:05,-3016,BCE,3017,3,9,06:41:05,Julian,saturn,33,Approaching perihelion,612225.161007991177,3037 BCE-03-07 15:51:51,1325108110.647771835327,1476297102.920672655106,151188992.272900819778,151188992.272900700569,-0.000010281801,2
3_6,626367.968003605492,2999 BCE-11-26 11:13:56,-2998,BCE,2999,11,26,11:13:56,Julian,saturn,34,Receding from perihelion,622943.251906432095,3008 BCE-07-11 18:02:45,1326052265.954349756241,1473096881.751186370850,147044615.796836614609,147044615.796831250191,-0.000010281801,2
3_6,630404.366588687291,2988 BCE-12-14 20:47:53,-2987,BCE,2988,12,14,20:47:53,Julian,saturn,34,Approaching perihelion,622943.251906432095,3008 BCE-07-11 18:02:45,1326052265.954349756241,1473566167.824787616730,147513901.870437860489,147513901.870433986187,-0.000010281801,2
3_6,637196.478308022721,2969 BCE-07-19 23:28:46,-2968,BCE,2969,7,19,23:28:46,Julian,saturn,35,Receding from perihelion,633767.305979903438,2978 BCE-02-28 19:20:37,1326114387.774006366730,1476488470.148184299469,150374082.374177932739,150374082.374178737402,-0.000010281801,2
3_6,641058.287064202246,2958 BCE-02-14 18:53:22,-2957,BCE,2958,2,14,18:53:22,Julian,saturn,35,Approaching perihelion,633767.305979903438,2978 BCE-02-28 19:20:37,1326114387.774006366730,1476284830.411641836166,150170442.637635469437,150170442.637627780437,-0.000010281801,2
3_6,647961.934551239247,2939 BCE-01-09 10:25:45,-2938,BCE,2939,1,9,10:25:45,Julian,saturn,36,Receding from perihelion,644482.668637532624,2949 BCE-07-01 04:02:50,1326772729.945396661758,1475253659.855436563492,148480929.910039901733,148480929.910039812326,-0.000010281801,2
3_6,651915.031120697618,2929 BCE-11-05 12:44:49,-2928,BCE,2929,11,5,12:44:49,Julian,saturn,36,Approaching perihelion,644482.668637532624,2949 BCE-07-01 04:02:50,1326772729.945396661758,1473605376.758725643158,146832646.813328981400,146832646.813331007957,-0.000010281801,2
3_6,658760.199874107493,2910 BCE-08-03 16:47:49,-2909,BCE,2910,8,3,16:47:49,Julian,saturn,37,Receding from perihelion,655302.700598283904,2919 BCE-02-14 04:48:52,1327396346.871324300766,1477145005.917933464050,149748659.046609163284,149748659.046605676413,-0.000010281801,2
3_6,662578.301460217917,2899 BCE-01-15 19:14:06,-2898,BCE,2899,1,15,19:14:06,Julian,saturn,37,Approaching perihelion,655302.700598283904,2919 BCE-02-14 04:48:52,1327396346.871324300766,1476149496.144534111023,148753149.273209810257,148753149.273209750652,-0.000010281801,2
3_6,669500.787441964727,2881 BCE-12-29 06:53:55,-2880,BCE,2881,12,29,06:53:55,Julian,saturn,38,Receding from perihelion,666014.522529065609,2890 BCE-06-14 00:32:27,1327308993.061730384827,1475313025.287008523941,148004032.225278139114,148004032.225277721882,-0.000010281801,2
3_6,673285.559530896135,2870 BCE-05-11 01:25:43,-2869,BCE,2870,5,11,01:25:43,Julian,saturn,38,Approaching perihelion,666014.522529065609,2890 BCE-06-14 00:32:27,1327308993.061730384827,1479656870.641849279404,152347877.580118894577,152347877.580118298531,-0.000010281801,2
3_6,680314.699106262531,2851 BCE-08-08 04:46:43,-2850,BCE,2851,8,8,04:46:43,Julian,saturn,39,Receding from perihelion,676823.753092604340,2860 BCE-01-16 06:04:27,1328463437.506587266922,1478011514.388324499130,149548076.881737232208,149548076.881737828255,-0.000010281801,2
3_6,684090.762240302982,2841 BCE-12-09 06:17:38,-2840,BCE,2841,12,9,06:17:38,Julian,saturn,39,Approaching perihelion,676823.753092604340,2860 BCE-01-16 06:04:27,1328463437.506587266922,1475787578.966995477676,147324141.460408210754,147324141.460411667824,-0.000010281801,2
3_6,691024.662851637229,2822 BCE-12-04 03:54:30,-2821,BCE,2822,12,4,03:54:30,Julian,saturn,40,Receding from perihelion,687536.688059171429,2831 BCE-05-17 04:30:48,1328022825.435053348541,1475190432.651807069778,147167607.216753721237,147167607.216754108667,-0.000010281801,2
3_6,694779.802797124023,2811 BCE-03-16 07:16:02,-2810,BCE,2811,3,16,07:16:02,Julian,saturn,40,Approaching perihelion,687536.688059171429,2831 BCE-05-17 04:30:48,1328022825.435053348541,1479381417.915930509567,151358592.480877161026,151358592.480900973082,-0.000010281801,2
3_6,701859.759132986772,2792 BCE-08-03 06:13:09,-2791,BCE,2792,8,3,06:13:09,Julian,saturn,41,Receding from perihelion,698338.261408626451,2802 BCE-12-12 18:16:26,1329227112.495130062103,1479023943.877979993820,149796831.382849931717,149796831.382852882147,-0.000010281801,2
3_6,705581.751561692334,2782 BCE-10-12 06:02:15,-2781,BCE,2782,10,12,06:02:15,Julian,saturn,41,Approaching perihelion,698338.261408626451,2802 BCE-12-12 18:16:26,1329227112.495130062103,1476331030.976721525192,147103918.481591463089,147103918.481591433287,-0.000010281801,2
3_6,712535.533748206915,2763 BCE-10-26 00:48:36,-2762,BCE,2763,10,26,00:48:36,Julian,saturn,42,Receding from perihelion,709049.679816032411,2772 BCE-04-10 04:18:56,1328329265.644623756409,1475223278.537829637527,146894012.893205881119,146894012.893207281828,-0.000010281801,2
3_6,716290.265601504245,2752 BCE-02-04 18:22:28,-2751,BCE,2752,2,4,18:22:28,Julian,saturn,42,Approaching perihelion,709049.679816032411,2772 BCE-04-10 04:18:56,1328329265.644623756409,1477964256.942884922028,149634991.298261165619,149634991.298262596130,-0.000010281801,2
3_6,723399.120028129662,2733 BCE-07-23 14:52:50,-2732,BCE,2733,7,23,14:52:50,Julian,saturn,43,Receding from perihelion,719842.781863905955,2743 BCE-10-28 06:45:53,1329994010.686152935028,1480301300.306429386139,150307289.620276451111,150307289.620245665312,-0.000010281801,2
3_6,726959.453801930416,2723 BCE-04-22 22:53:28,-2722,BCE,2723,4,22,22:53:28,Julian,saturn,43,Approaching perihelion,719842.781863905955,2743 BCE-10-28 06:45:53,1329994010.686152935028,1482251054.661498785019,152257043.975345849991,152257043.975345849991,-0.000010281801,2
3_6,734053.657912780996,2704 BCE-09-24 03:47:24,-2703,BCE,2704,9,24,03:47:24,Julian,saturn,44,Receding from perihelion,730560.328680622508,2713 BCE-03-01 19:53:18,1328439959.704314708710,1476037880.737920522690,147597921.033605813980,147597921.033605515957,-0.000010281801,2
3_6,737807.412400366622,2693 BCE-01-03 21:53:51,-2692,BCE,2693,1,3,21:53:51,Julian,saturn,44,Approaching perihelion,730560.328680622508,2713 BCE-03-01 19:53:18,1328439959.704314708710,1476575609.728689670563,148135650.024374961853,148135650.024374425411,-0.000010281801,2
3_6,744925.858667902299,2674 BCE-07-01 08:36:29,-2673,BCE,2674,7,1,08:36:29,Julian,saturn,45,Receding from perihelion,741345.676590841380,2684 BCE-09-11 04:14:17,1330218148.962088346481,1481509104.596881151199,151290955.634792804718,151290955.634793937206,-0.000010281801,2
3_6,748475.458974154782,2664 BCE-03-19 23:00:55,-2663,BCE,2664,3,19,23:00:55,Julian,saturn,45,Approaching perihelion,741345.676590841380,2684 BCE-09-11 04:14:17,1330218148.962088346481,1481658680.014893293381,151440531.052804946899,151440531.052806735039,-0.000010281801,2
3_6,755571.900585294585,2645 BCE-08-23 09:36:51,-2644,BCE,2645,8,23,09:36:51,Julian,saturn,46,Receding from perihelion,752063.369568777038,2654 BCE-01-14 20:52:11,1328385439.444023370743,1477285575.972729682922,148900136.528706312180,148900136.528705030680,-0.000010281801,2
3_6,759324.933401558781,2635 BCE-12-02 10:24:06,-2634,BCE,2635,12,2,10:24:06,Julian,saturn,46,Approaching perihelion,752063.369568777038,2654 BCE-01-14 20:52:11,1328385439.444023370743,1475494776.190249443054,147109336.746226072311,147109336.746229350567,-0.000010281801,2
3_6,766445.494055604562,2615 BCE-05-31 23:51:26,-2614,BCE,2615,5,31,23:51:26,Julian,saturn,47,Receding from perihelion,762851.255527632777,2625 BCE-07-28 18:07:58,1330300994.440012931824,1482441200.133225202560,152140205.693212270737,152140205.693208992481,-0.000010281801,2
3_6,770007.153186788550,2605 BCE-03-01 15:40:35,-2604,BCE,2605,3,1,15:40:35,Julian,saturn,47,Approaching perihelion,762851.255527632777,2625 BCE-07-28 18:07:58,1330300994.440012931824,1481013602.979115247726,150712608.539102315903,150712608.539102315903,-0.000010281801,2
3_6,777088.963283814956,2586 BCE-07-22 11:07:08,-2585,BCE,2586,7,22,11:07:08,Julian,saturn,48,Receding from perihelion,773573.102105917525,2596 BCE-12-05 14:27:02,1328006924.082275629044,1478459152.261873722076,150452228.179598093033,150452228.179593414068,-0.000010281801,2
3_6,780842.357069310267,2576 BCE-10-30 20:34:11,-2575,BCE,2576,10,30,20:34:11,Julian,saturn,48,Approaching perihelion,773573.102105917525,2596 BCE-12-05 14:27:02,1328006924.082275629044,1474887447.205717325211,146880523.123441696167,146880523.123440682888,-0.000010281801,2
3_6,787920.004466290236,2556 BCE-03-17 12:06:26,-2555,BCE,2556,3,17,12:06:26,Julian,saturn,49,Receding from perihelion,784355.329363289638,2566 BCE-06-13 19:54:17,1330110091.702474832535,1481419006.827044487000,151308915.124569654465,151308915.124570161104,-0.000010281801,2
3_6,791547.189104508841,2546 BCE-02-20 16:32:19,-2545,BCE,2546,2,20,16:32:19,Julian,saturn,49,Approaching perihelion,784355.329363289638,2566 BCE-06-13 19:54:17,1330110091.702474832535,1480365975.534165382385,150255883.831690549850,150255883.831687033176,-0.000010281801,2
3_6,798607.065920826513,2527 BCE-06-20 13:34:56,-2526,BCE,2527,6,20,13:34:56,Julian,saturn,50,Receding from perihelion,795089.173921992537,2537 BCE-11-01 16:10:27,1327647657.644166707993,1479337238.950301170349,151689581.306134462357,151689581.306137472391,-0.000010281801,2
3_6,802356.576888151467,2517 BCE-09-25 01:50:43,-2516,BCE,2517,9,25,01:50:43,Julian,saturn,50,Approaching perihelion,795089.173921992537,2537 BCE-11-01 16:10:27,1327647657.644166707993,1475274905.815457582474,147627248.171290874481,147627248.171290606260,-0.000010281801,2
3_6,809327.932930046576,2498 BCE-10-27 10:23:25,-2497,BCE,2498,10,27,10:23:25,Julian,saturn,51,Receding from perihelion,805869.892242871341,2507 BCE-05-09 09:24:50,1329781671.858240604401,1476704466.994095563889,146922795.135854959488,146922795.135850101709,-0.000010281801,2
3_6,813095.164845927153,2487 BCE-02-18 15:57:23,-2486,BCE,2487,2,18,15:57:23,Julian,saturn,51,Approaching perihelion,805869.892242871341,2507 BCE-05-09 09:24:50,1329781671.858240604401,1479928450.835874795914,150146778.977634191513,150146778.977636277676,-0.000010281801,2
3_6,820114.408901111223,2468 BCE-05-08 21:48:49,-2467,BCE,2468,5,8,21:48:49,Julian,saturn,52,Receding from perihelion,816611.574489364401,2478 BCE-10-06 01:47:16,1327057208.537834167480,1479395507.277474403381,152338298.739640235901,152338298.739642441273,-0.000010281801,2
3_6,823882.215834369999,2458 BCE-09-01 17:10:48,-2457,BCE,2458,9,1,17:10:48,Julian,saturn,52,Approaching perihelion,816611.574489364401,2478 BCE-10-06 01:47:16,1327057208.537834167480,1475655678.585827589035,148598470.047993421555,148598470.047993063927,-0.000010281801,2
3_6,830852.471315474948,2439 BCE-10-01 23:18:42,-2438,BCE,2439,10,1,23:18:42,Julian,saturn,53,Receding from perihelion,827386.734360206989,2448 BCE-04-06 05:37:29,1329501830.694598674774,1476954900.108381748199,147453069.413783073425,147453069.413786709309,-0.000010281801,2
3_6,834647.872097584419,2428 BCE-02-21 08:55:49,-2427,BCE,2428,2,21,08:55:49,Julian,saturn,53,Approaching perihelion,827386.734360206989,2448 BCE-04-06 05:37:29,1329501830.694598674774,1479756302.747456312180,150254472.052857637405,150254472.052849531174,-0.000010281801,2
3_6,841598.555797371082,2409 BCE-03-04 01:20:21,-2408,BCE,2409,3,4,01:20:21,Julian,saturn,54,Receding from perihelion,838147.795735597378,2419 BCE-09-22 07:05:52,1326710905.113384723663,1477444907.873861789703,150734002.760477066040,150734002.760478645563,-0.000010281801,2
3_6,845451.741010284866,2399 BCE-09-21 05:47:03,-2398,BCE,2399,9,21,05:47:03,Julian,saturn,54,Approaching perihelion,838147.795735597378,2419 BCE-09-22 07:05:52,1326710905.113384723663,1474533002.987263202667,147822097.873878479004,147822097.873877942562,-0.000010281801,2
3_6,852383.791017732117,2380 BCE-09-13 06:59:04,-2379,BCE,2380,9,13,06:59:04,Julian,saturn,55,Receding from perihelion,848906.393894781591,2389 BCE-03-06 21:27:13,1328984046.033569812775,1477111667.775962591171,148127621.742392778397,148127621.742396831512,-0.000010281801,2
3_6,856205.110255923006,2369 BCE-02-29 14:38:46,-2368,BCE,2369,2,29,14:38:46,Julian,saturn,55,Approaching perihelion,848906.393894781591,2389 BCE-03-06 21:27:13,1328984046.033569812775,1479549478.752778768539,150565432.719208955765,150565432.719211012125,-0.000010281801,2
3_6,863063.610982605955,2351 BCE-12-10 02:39:49,-2350,BCE,2351,12,10,02:39:49,Julian,saturn,56,Receding from perihelion,859689.437682396849,2360 BCE-09-13 22:30:16,1326527822.866184234619,1473759802.446388006210,147231979.580203771591,147231979.580202251673,-0.000010281801,2
3_6,867019.216275431565,2340 BCE-10-08 17:11:26,-2339,BCE,2340,10,8,17:11:26,Julian,saturn,56,Approaching perihelion,859689.437682396849,2360 BCE-09-13 22:30:16,1326527822.866184234619,1473817627.608349323273,147289804.742165088654,147289804.742164224386,-0.000010281801,2
3_6,873927.631083848304,2321 BCE-09-07 03:08:46,-2320,BCE,2321,9,7,03:08:46,Julian,saturn,57,Receding from perihelion,870435.191278401529,2330 BCE-02-14 16:35:26,1328736001.221645355225,1477133868.280444383621,148397867.058799028397,148397867.058808803558,-0.000010281801,2
3_6,877762.424980450887,2310 BCE-03-08 22:11:58,-2309,BCE,2310,3,8,22:11:58,Julian,saturn,57,Approaching perihelion,870435.191278401529,2330 BCE-02-14 16:35:26,1328736001.221645355225,1479604454.271057367325,150868453.049412012100,150868453.049409717321,-0.000010281801,2
3_6,884605.607093508122,2292 BCE-12-02 02:34:13,-2291,BCE,2292,12,2,02:34:13,Julian,saturn,58,Receding from perihelion,881240.692985198693,2301 BCE-09-15 04:37:54,1326379461.629616022110,1473437303.842528343201,147057842.212912321091,147057842.212912499905,-0.000010281801,2
3_6,888584.596985616954,2281 BCE-10-24 02:19:40,-2280,BCE,2281,10,24,02:19:40,Julian,saturn,58,Approaching perihelion,881240.692985198693,2301 BCE-09-15 04:37:54,1326379461.629616022110,1473372617.845381259918,146993156.215765237808,146993156.215765833855,-0.000010281801,2
3_6,895476.120154082892,2262 BCE-09-06 14:53:01,-2261,BCE,2262,9,6,14:53:01,Julian,saturn,59,Receding from perihelion,891971.774594045361,2271 BCE-02-01 06:35:25,1328483108.832800626755,1476956342.568727731705,148473233.735927104950,148473233.735926717520,-0.000010281801,2
3_6,899317.261986710131,2251 BCE-03-13 18:17:16,-2250,BCE,2251,3,13,18:17:16,Julian,saturn,59,Approaching perihelion,891971.774594045361,2271 BCE-02-01 06:35:25,1328483108.832800626755,1479533484.004661083221,151050375.171860456467,151050375.171858280897,-0.000010281801,2
3_6,906201.362069727504,2232 BCE-01-16 20:41:23,-2231,BCE,2232,1,16,20:41:23,Julian,saturn,60,Receding from perihelion,902795.534353971947,2242 BCE-09-21 00:49:28,1326814115.648683547974,1475347578.511578559875,148533462.862895011902,148533462.862894743681,-0.000010281801,2
3_6,910133.649982218049,2222 BCE-10-24 03:35:58,-2221,BCE,2222,10,24,03:35:58,Julian,saturn,60,Approaching perihelion,902795.534353971947,2242 BCE-09-21 00:49:28,1326814115.648683547974,1473829429.247194766998,147015313.598511219025,147015313.598509252071,-0.000010281801,2
3_6,917029.873879094957,2203 BCE-09-10 08:58:23,-2202,BCE,2203,9,10,08:58:23,Julian,saturn,61,Receding from perihelion,913521.236497594626,2212 BCE-01-31 17:40:33,1328350684.871576547623,1476676868.855245590210,148326183.983669042587,148326183.983667016029,-0.000010281801,2
3_6,920869.104786433629,2192 BCE-03-15 14:30:54,-2191,BCE,2192,3,15,14:30:54,Julian,saturn,61,Approaching perihelion,913521.236497594626,2212 BCE-01-31 17:40:33,1328350684.871576547623,1479455300.420077800751,151104615.548501253128,151104615.548498749733,-0.000010281801,2
3_6,927844.342944845674,2173 BCE-04-19 20:13:50,-2172,BCE,2173,4,19,20:13:50,Julian,saturn,62,Receding from perihelion,924350.345844271942,2183 BCE-09-25 20:18:01,1327305003.210397720337,1479425813.336787700653,152120810.126389980316,152120810.126378953457,-0.000010281801,2
3_6,931664.761597367469,2163 BCE-10-05 06:16:42,-2162,BCE,2163,10,5,06:16:42,Julian,saturn,62,Approaching perihelion,924350.345844271942,2183 BCE-09-25 20:18:01,1327305003.210397720337,1474749502.256887912750,147444499.046490192413,147444499.046488791704,-0.000010281801,2
3_6,938591.031408129958,2144 BCE-09-21 12:45:14,-2143,BCE,2144,9,21,12:45:14,Julian,saturn,63,Receding from perihelion,935070.914660019567,2153 BCE-02-01 09:57:07,1328685071.530435085297,1476584117.730273962021,147899046.199838876724,147899046.199842005968,-0.000010281801,2
3_6,942411.072572120116,2133 BCE-03-07 13:44:30,-2132,BCE,2133,3,7,13:44:30,Julian,saturn,63,Approaching perihelion,935070.914660019567,2153 BCE-02-01 09:57:07,1328685071.530435085297,1479449616.558012485504,150764545.027577400208,150764545.027615755796,-0.000010281801,2
3_6,949430.996139977127,2114 BCE-05-27 11:54:26,-2113,BCE,2114,5,27,11:54:26,Julian,saturn,64,Receding from perihelion,945906.734755913611,2124 BCE-10-02 05:38:03,1328130673.384730339050,1480377841.330037832260,152247167.945307493210,152247167.945306360722,-0.000010281801,2
3_6,953100.597622593632,2104 BCE-06-13 02:20:35,-2103,BCE,2104,6,13,02:20:35,Julian,saturn,64,Approaching perihelion,945906.734755913611,2124 BCE-10-02 05:38:03,1328130673.384730339050,1480099488.331367492676,151968814.946637153625,151968814.946627348661,-0.000010281801,2
3_6,960152.742370116292,2085 BCE-10-03 05:49:01,-2084,BCE,2085,10,3,05:49:01,Julian,saturn,65,Receding from perihelion,956621.706262902590,2094 BCE-02-02 04:57:01,1329077118.458426475525,1476591290.813992977142,147514172.355566501617,147514172.355570316315,-0.000010281801,2
3_6,963943.990043016500,2074 BCE-02-19 11:45:40,-2073,BCE,2074,2,19,11:45:40,Julian,saturn,65,Approaching perihelion,956621.706262902590,2094 BCE-02-02 04:57:01,1329077118.458426475525,1479072664.623070001602,149995546.164643526077,149995546.164630532265,-0.000010281801,2
3_6,971006.793963186443,2055 BCE-06-22 07:03:18,-2054,BCE,2055,6,22,07:03:18,Julian,saturn,66,Receding from perihelion,967451.393540361081,2065 BCE-09-26 21:26:42,1329271484.985535621643,1481017885.511919736862,151746400.526384115219,151746400.526386260986,-0.000010281801,2
3_6,974602.780777180567,2045 BCE-04-26 06:44:19,-2044,BCE,2045,4,26,06:44:19,Julian,saturn,66,Approaching perihelion,967451.393540361081,2065 BCE-09-26 21:26:42,1329271484.985535621643,1481465963.062563180923,152194478.077027559280,152194478.077030211687,-0.000010281801,2
3_6,981718.841886537499,2026 BCE-10-20 08:12:19,-2025,BCE,2026,10,20,08:12:19,Julian,saturn,67,Receding from perihelion,978169.051070881775,2035 BCE-01-30 13:13:33,1329813300.553004264832,1476929408.996824502945,147116108.443820238113,147116108.443817526102,-0.000010281801,2
3_6,985468.875055367826,2015 BCE-01-25 09:00:05,-2014,BCE,2015,1,25,09:00:05,Julian,saturn,67,Approaching perihelion,978169.051070881775,2035 BCE-01-30 13:13:33,1329813300.553004264832,1478631093.038278579712,148817792.485274314880,148817792.485234498978,-0.000010281801,2
3_6,992575.271338910912,1996 BCE-07-10 18:30:44,-1995,BCE,1996,7,10,18:30:44,Julian,saturn,68,Receding from perihelion,988991.009128244012,2006 BCE-09-17 12:13:09,1330428308.659171819687,1481565507.497858285904,151137198.838686466217,151137198.838683903217,-0.000010281801,2
3_6,996116.198218097095,1986 BCE-03-21 16:45:26,-1985,BCE,1986,3,21,16:45:26,Julian,saturn,68,Approaching perihelion,988991.009128244012,2006 BCE-09-17 12:13:09,1330428308.659171819687,1481659719.706484317780,151231411.047312498093,151231411.047337949276,-0.000010281801,2
3_6,1003276.806245413958,1967 BCE-10-28 07:20:59,-1966,BCE,1967,10,28,07:20:59,Julian,saturn,69,Receding from perihelion,999703.202811209019,1976 BCE-01-14 16:52:03,1330530644.592179298401,1477522608.910650014877,146991964.318470716476,146991964.318467408419,-0.000010281801,2
3_6,1006982.043362319004,1957 BCE-12-19 13:02:27,-1956,BCE,1957,12,19,13:02:27,Julian,saturn,69,Approaching perihelion,999703.202811209019,1976 BCE-01-14 16:52:03,1330530644.592179298401,1477936305.771017074585,147405661.178837776184,147405661.178837269545,-0.000010281801,2
3_6,1014140.192910993239,1937 BCE-07-25 16:37:48,-1936,BCE,1937,7,25,16:37:48,Julian,saturn,70,Receding from perihelion,1010519.824027711991,1947 BCE-08-27 07:46:36,1331759994.682759284973,1482298312.221508741379,150538317.538749456406,150538317.538762152195,-0.000010281801,2
3_6,1017630.221978394547,1927 BCE-02-13 17:19:39,-1926,BCE,1927,2,13,17:19:39,Julian,saturn,70,Approaching perihelion,1010519.824027711991,1947 BCE-08-27 07:46:36,1331759994.682759284973,1481430270.752750635147,149670276.069991350174,149670276.069994539022,-0.000010281801,2
3_6,1024827.757506140624,1908 BCE-10-29 06:10:49,-1907,BCE,1908,10,29,06:10:49,Julian,saturn,71,Receding from perihelion,1021231.474939430365,1918 BCE-12-24 23:23:55,1331271942.800870895386,1478255970.249523878098,146984027.448652982712,146984027.448649644852,-0.000010281801,2
3_6,1028349.093982888618,1898 BCE-06-20 14:15:20,-1897,BCE,1898,6,20,14:15:20,Julian,saturn,71,Approaching perihelion,1021231.474939430365,1918 BCE-12-24 23:23:55,1331271942.800870895386,1483110657.818530797958,151838715.017659902573,151838715.017659872770,-0.000010281801,2
3_6,1035691.597938879509,1878 BCE-07-28 02:21:02,-1877,BCE,1878,7,28,02:21:02,Julian,saturn,72,Receding from perihelion,1032034.283099374268,1888 BCE-07-22 18:47:40,1332746680.951301097870,1483239416.652480363846,150492735.701179265976,150492735.701174855232,-0.000010281801,2
3_6,1039143.013359260978,1868 BCE-01-07 12:19:14,-1867,BCE,1868,1,7,12:19:14,Julian,saturn,72,Approaching perihelion,1032034.283099374268,1888 BCE-07-22 18:47:40,1332746680.951301097870,1480765108.643271446228,148018427.691970348358,148018427.691966861486,-0.000010281801,2
3_6,1046367.441980902804,1849 BCE-10-18 22:36:27,-1848,BCE,1849,10,18,22:36:27,Julian,saturn,73,Receding from perihelion,1042747.120463880361,1859 BCE-11-20 14:53:28,1331947640.864952564240,1479114400.384725332260,147166759.519772768021,147166759.519769638777,-0.000010281801,2
3_6,1049818.460407233331,1839 BCE-03-31 23:02:59,-1838,BCE,1839,3,31,23:02:59,Julian,saturn,73,Approaching perihelion,1042747.120463880361,1859 BCE-11-20 14:53:28,1331947640.864952564240,1483494765.804913997650,151547124.939961433411,151547124.939954072237,-0.000010281801,2
3_6,1057235.937039159238,1819 BCE-07-22 10:29:20,-1818,BCE,1819,7,22,10:29:20,Julian,saturn,74,Receding from perihelion,1053543.681380442344,1829 BCE-06-12 04:21:11,1333594744.045629024506,1484340828.086393356323,150746084.040764331818,150746084.040766984224,-0.000010281801,2
3_6,1060647.804187178146,1810 BCE-11-24 07:18:02,-1809,BCE,1810,11,24,07:18:02,Julian,saturn,74,Approaching perihelion,1053543.681380442344,1829 BCE-06-12 04:21:11,1333594744.045629024506,1480515489.568263769150,146920745.522634744644,146920745.522628158331,-0.000010281801,2
3_6,1067891.449761018390,1790 BCE-09-23 22:47:39,-1789,BCE,1790,9,23,22:47:39,Julian,saturn,75,Receding from perihelion,1064255.783429430565,1800 BCE-10-10 06:48:08,1332116712.847717761993,1480075441.479018926620,147958728.631301164627,147958728.631293594837,-0.000010281801,2
3_6,1071330.279347185977,1780 BCE-02-21 18:42:16,-1779,BCE,1780,2,21,18:42:16,Julian,saturn,75,Approaching perihelion,1064255.783429430565,1800 BCE-10-10 06:48:08,1332116712.847717761993,1482109960.562168836594,149993247.714451074600,149993247.714460283518,-0.000010281801,2
3_6,1078769.290920080151,1760 BCE-07-05 18:58:55,-1759,BCE,1760,7,5,18:58:55,Julian,saturn,76,Receding from perihelion,1075044.614796451293,1770 BCE-04-25 02:45:18,1334099965.206417798996,1485490940.367037296295,151390975.160619497299,151390975.160593807697,-0.000010281801,2
3_6,1082014.356326061767,1751 BCE-05-24 20:33:07,-1750,BCE,1751,5,24,20:33:07,Julian,saturn,76,Approaching perihelion,1075044.614796451293,1770 BCE-04-25 02:45:18,1334099965.206417798996,1486381123.686484336853,152281158.480066537857,152281158.480067849159,-0.000010281801,2
3_6,1089415.066730108811,1731 BCE-08-28 13:36:05,-1730,BCE,1731,8,28,13:36:05,Julian,saturn,77,Receding from perihelion,1085761.630530999741,1741 BCE-08-27 03:07:58,1332224920.851332187653,1481324430.715721130371,149099509.864388942719,149099509.864380449057,-0.000010281801,2
3_6,1092850.677175430348,1721 BCE-01-24 04:15:08,-1720,BCE,1721,1,24,04:15:08,Julian,saturn,77,Approaching perihelion,1085761.630530999741,1741 BCE-08-27 03:07:58,1332224920.851332187653,1480844020.070697069168,148619099.219364881516,148619099.219355583191,-0.000010281801,2
3_6,1100283.005295140203,1701 BCE-05-30 12:07:38,-1700,BCE,1701,5,30,12:07:38,Julian,saturn,78,Receding from perihelion,1096546.731366920751,1711 BCE-03-08 05:33:10,1334055295.700033664703,1486286506.124079942703,152231210.424046278000,152231210.424046099186,-0.000010281801,2
3_6,1103532.983148483327,1692 BCE-04-23 11:35:44,-1691,BCE,1692,4,23,11:35:44,Julian,saturn,78,Approaching perihelion,1096546.731366920751,1711 BCE-03-08 05:33:10,1334055295.700033664703,1486138199.026785373688,152082903.326751708984,152082903.326748192310,-0.000010281801,2
3_6,1110931.173641306115,1672 BCE-07-25 16:10:03,-1671,BCE,1672,7,25,16:10:03,Julian,saturn,79,Receding from perihelion,1107265.537437684834,1682 BCE-07-13 00:53:55,1331880529.135145187378,1482534814.847877264023,150654285.712732076645,150654285.712725996971,-0.000010281801,2
3_6,1114379.405500578461,1662 BCE-01-02 21:43:55,-1661,BCE,1662,1,2,21:43:55,Julian,saturn,79,Approaching perihelion,1107265.537437684834,1682 BCE-07-13 00:53:55,1331880529.135145187378,1479644660.126504659653,147764130.991359472275,147764130.991365075111,-0.000010281801,2
3_6,1121657.138526413823,1643 BCE-12-06 15:19:29,-1642,BCE,1643,12,6,15:19:29,Julian,saturn,80,Receding from perihelion,1118050.418477629311,1652 BCE-01-20 22:02:36,1333980818.039029598236,1481036537.208879947662,147055719.169850349426,147055719.169852972031,-0.000010281801,2
3_6,1125069.839772180654,1633 BCE-04-10 08:09:16,-1632,BCE,1633,4,10,08:09:16,Julian,saturn,80,Approaching perihelion,1118050.418477629311,1652 BCE-01-20 22:02:36,1333980818.039029598236,1485758348.508953571320,151777530.469923973083,151777530.469921261072,-0.000010281801,2
3_6,1132440.452223932138,1613 BCE-06-14 22:51:12,-1612,BCE,1613,6,14,22:51:12,Julian,saturn,81,Receding from perihelion,1128780.570886275498,1623 BCE-06-08 01:42:05,1331292331.800048828125,1483295542.668099880219,152003210.868051052094,152003210.868046075106,-0.000010281801,2
3_6,1135920.047486444935,1604 BCE-12-24 13:08:23,-1603,BCE,1604,12,24,13:08:23,Julian,saturn,81,Approaching perihelion,1128780.570886275498,1623 BCE-06-08 01:42:05,1331292331.800048828125,1478751809.216225624084,147459477.416176795959,147459477.416184246540,-0.000010281801,2
3_6,1143154.443574158708,1584 BCE-10-14 22:38:45,-1583,BCE,1584,10,14,22:38:45,Julian,saturn,82,Receding from perihelion,1139559.219725619536,1594 BCE-12-11 17:16:24,1333525217.087252616882,1480871160.285287618637,147345943.198035001755,147345943.198033243418,-0.000010281801,2
3_6,1146617.556325489189,1574 BCE-04-09 01:21:07,-1573,BCE,1574,4,9,01:21:07,Julian,saturn,82,Approaching perihelion,1139559.219725619536,1594 BCE-12-11 17:16:24,1333525217.087252616882,1485227485.179698228836,151702268.092445611954,151702268.092411756516,-0.000010281801,2
3_6,1153927.816094589420,1554 BCE-04-14 07:35:11,-1553,BCE,1554,4,14,07:35:11,Julian,saturn,83,Receding from perihelion,1150300.359331170097,1564 BCE-05-08 20:37:26,1330854705.482204198837,1482695240.992233753204,151840535.510029554367,151840535.510028123856,-0.000010281801,2
3_6,1157466.601237780182,1545 BCE-12-21 02:25:47,-1544,BCE,1545,12,21,02:25:47,Julian,saturn,83,Approaching perihelion,1150300.359331170097,1564 BCE-05-08 20:37:26,1330854705.482204198837,1478215289.162864923477,147360583.680660724640,147360583.680660337210,-0.000010281801,2
3_6,1164678.878377931193,1525 BCE-09-19 09:04:52,-1524,BCE,1525,9,19,09:04:52,Julian,saturn,84,Receding from perihelion,1161077.024072524393,1535 BCE-11-09 12:34:40,1333092603.789838790894,1481309603.632792711258,148216999.842953920364,148216999.842959135771,-0.000010281801,2
3_6,1168174.247539845295,1515 BCE-04-15 17:56:27,-1514,BCE,1515,4,15,17:56:27,Julian,saturn,84,Approaching perihelion,1161077.024072524393,1535 BCE-11-09 12:34:40,1333092603.789838790894,1484962336.342049837112,151869732.552211046219,151869732.552210479975,-0.000010281801,2
3_6,1175324.238390510203,1496 BCE-11-11 17:43:17,-1495,BCE,1496,11,11,17:43:17,Julian,saturn,85,Receding from perihelion,1171832.657712181564,1505 BCE-04-21 03:47:06,1330315742.496706008911,1477236774.358510732651,146921031.861804723740,146921031.861803323030,-0.000010281801,2
3_6,1179020.074173243251,1486 BCE-12-25 13:46:49,-1485,BCE,1486,12,25,13:46:49,Julian,saturn,85,Approaching perihelion,1171832.657712181564,1505 BCE-04-21 03:47:06,1330315742.496706008911,1477763455.921040534973,147447713.424334526062,147447713.424334406853,-0.000010281801,2
3_6,1186211.987057847902,1466 BCE-09-03 11:41:22,-1465,BCE,1466,9,3,11:41:22,Julian,saturn,86,Receding from perihelion,1182592.779890134698,1476 BCE-10-06 06:43:03,1332706583.199975967407,1481662135.264307260513,148955552.064331293106,148955552.064336568117,-0.000010281801,2
3_6,1189732.885786206927,1456 BCE-04-24 09:15:32,-1455,BCE,1456,4,24,09:15:32,Julian,saturn,86,Approaching perihelion,1182592.779890134698,1476 BCE-10-06 06:43:03,1332706583.199975967407,1484754952.976542472839,152048369.776566505432,152048369.776571661234,-0.000010281801,2
3_6,1196860.827267640736,1437 BCE-10-29 07:51:16,-1436,BCE,1437,10,29,07:51:16,Julian,saturn,87,Receding from perihelion,1193376.624581891345,1446 BCE-04-16 02:59:24,1330175112.683372259140,1477248475.958986043930,147073363.275613784790,147073363.275620937347,-0.000010281801,2
3_6,1200575.360641340725,1427 BCE-12-30 20:39:19,-1426,BCE,1427,12,30,20:39:19,Julian,saturn,87,Approaching perihelion,1193376.624581891345,1446 BCE-04-16 02:59:24,1330175112.683372259140,1477772544.726673364639,147597432.043301105499,147597432.043302416801,-0.000010281801,2
3_6,1207753.049904054729,1407 BCE-08-25 13:11:52,-1406,BCE,1407,8,25,13:11:52,Julian,saturn,88,Receding from perihelion,1204119.067419997649,1417 BCE-09-12 13:37:05,1332340391.062779903412,1481721636.783638477325,149381245.720858573914,149381245.720867753029,-0.000010281801,2
3_6,1211292.636936780531,1397 BCE-05-04 03:17:11,-1396,BCE,1397,5,4,03:17:11,Julian,saturn,88,Approaching perihelion,1204119.067419997649,1417 BCE-09-12 13:37:05,1332340391.062779903412,1484530449.505659818649,152190058.442879915237,152190058.442886203527,-0.000010281801,2
3_6,1218406.591815492837,1378 BCE-10-26 02:12:13,-1377,BCE,1378,10,26,02:12:13,Julian,saturn,89,Receding from perihelion,1214923.415179828880,1387 BCE-04-12 21:57:52,1330172441.019086122513,1477327003.998101234436,147154562.979015111923,147154562.979008197784,-0.000010281801,2
3_6,1222128.677358094370,1367 BCE-01-03 04:15:24,-1366,BCE,1367,1,3,04:15:24,Julian,saturn,89,Approaching perihelion,1214923.415179828880,1387 BCE-04-12 21:57:52,1330172441.019086122513,1477867519.628933429718,147695078.609847307205,147695078.609840571880,-0.000010281801,2
3_6,1229304.057276436826,1348 BCE-08-26 13:22:29,-1347,BCE,1348,8,26,13:22:29,Julian,saturn,90,Receding from perihelion,1225655.126958649373,1358 BCE-08-30 15:02:49,1332274604.107298851013,1481625490.580544233322,149350886.473245382309,149350886.473248332739,-0.000010281801,2
3_6,1232848.113353097346,1338 BCE-05-10 14:43:14,-1337,BCE,1338,5,10,14:43:14,Julian,saturn,90,Approaching perihelion,1225655.126958649373,1358 BCE-08-30 15:02:49,1332274604.107298851013,1484514850.071052312851,152240245.963753461838,152240245.963757395744,-0.000010281801,2
3_6,1239966.570010266500,1319 BCE-11-05 01:40:49,-1318,BCE,1319,11,5,01:40:49,Julian,saturn,91,Receding from perihelion,1236479.253999986686,1328 BCE-04-18 18:05:46,1330489295.823239564896,1477492396.266889810562,147003100.443650245667,147003100.443651556969,-0.000010281801,2
3_6,1243678.660409733886,1308 BCE-01-03 03:50:59,-1307,BCE,1308,1,3,03:50:59,Julian,saturn,91,Approaching perihelion,1236479.253999986686,1328 BCE-04-18 18:05:46,1330489295.823239564896,1478176237.909843683243,147686942.086604118347,147686942.086603283882,-0.000010281801,2
3_6,1250856.695746892365,1289 BCE-08-29 04:41:53,-1288,BCE,1289,8,29,04:41:53,Julian,saturn,92,Receding from perihelion,1247199.244856137084,1299 BCE-08-24 17:52:36,1332175591.322135448456,1481420599.655034780502,149245008.332899332047,149245008.332900941372,-0.000010281801,2
3_6,1254396.536718990654,1279 BCE-05-09 00:52:53,-1278,BCE,1279,5,9,00:52:53,Julian,saturn,92,Approaching perihelion,1247199.244856137084,1299 BCE-08-24 17:52:36,1332175591.322135448456,1484400170.782193422318,152224579.460057973862,152224579.460062474012,-0.000010281801,2
3_6,1261544.818015852245,1260 BCE-12-03 07:37:57,-1259,BCE,1260,12,3,07:37:57,Julian,saturn,93,Receding from perihelion,1258033.569364381023,1269 BCE-04-23 01:39:53,1331199277.517735719681,1478184531.293128728867,146985253.775393009186,146985253.775407463312,-0.000010281801,2
3_6,1265220.861491994699,1250 BCE-12-27 08:40:33,-1249,BCE,1250,12,27,08:40:33,Julian,saturn,93,Approaching perihelion,1258033.569364381023,1269 BCE-04-23 01:39:53,1331199277.517735719681,1478643821.571088790894,147444544.053353071213,147444544.053352117538,-0.000010281801,2
3_6,1272417.363359949319,1230 BCE-09-09 20:43:14,-1229,BCE,1230,9,9,20:43:14,Julian,saturn,94,Receding from perihelion,1268751.502884267364,1240 BCE-08-27 00:04:09,1332459577.206993341446,1481237196.657500505447,148777619.450507164001,148777619.450511544943,-0.000010281801,2
3_6,1275933.699658882106,1220 BCE-04-26 04:47:31,-1219,BCE,1220,4,26,04:47:31,Julian,saturn,94,Approaching perihelion,1268751.502884267364,1240 BCE-08-27 00:04:09,1332459577.206993341446,1484490698.934356689453,152031121.727363348007,152031121.727363586426,-0.000010281801,2
3_6,1283225.389659120701,1200 BCE-04-12 21:21:07,-1199,BCE,1200,4,12,21:21:07,Julian,saturn,95,Receding from perihelion,1279586.486359546427,1210 BCE-04-26 23:40:21,1331897090.925771951675,1483605696.915425539017,151708605.989653587341,151708605.989654242992,-0.000010281801,2
3_6,1286756.077080865391,1191 BCE-12-12 13:50:59,-1190,BCE,1191,12,12,13:50:59,Julian,saturn,95,Approaching perihelion,1279586.486359546427,1210 BCE-04-26 23:40:21,1331897090.925771951675,1479003650.273702144623,147106559.347930192947,147106559.347936749458,-0.000010281801,2
3_6,1293980.096168030985,1171 BCE-09-22 14:18:29,-1170,BCE,1171,9,22,14:18:29,Julian,saturn,96,Receding from perihelion,1290299.738987239543,1181 BCE-08-25 05:44:08,1332893308.599123954773,1481145408.206935882568,148252099.607811927795,148252099.607817858458,-0.000010281801,2
3_6,1297462.597593427170,1161 BCE-04-05 02:20:32,-1160,BCE,1161,4,5,02:20:32,Julian,saturn,96,Approaching perihelion,1290299.738987239543,1181 BCE-08-25 05:44:08,1332893308.599123954773,1484356625.149414539337,151463316.550290584564,151463316.550282180309,-0.000010281801,2
3_6,1304828.351585866883,1141 BCE-06-04 20:26:17,-1140,BCE,1141,6,4,20:26:17,Julian,saturn,97,Receding from perihelion,1301136.023381891660,1151 BCE-04-26 12:33:40,1332995218.258241653442,1485204462.921083927155,152209244.662842273712,152209244.662838071585,-0.000010281801,2
3_6,1308270.287642080337,1132 BCE-11-06 18:54:12,-1131,BCE,1132,11,6,18:54:12,Julian,saturn,97,Approaching perihelion,1301136.023381891660,1151 BCE-04-26 12:33:40,1332995218.258241653442,1480003722.682226896286,147008504.423985242844,147008504.423981428146,-0.000010281801,2
3_6,1315540.837572657038,1112 BCE-10-03 08:06:06,-1111,BCE,1112,10,3,08:06:06,Julian,saturn,98,Receding from perihelion,1311847.796837649075,1122 BCE-08-24 07:07:27,1333323168.806625843048,1481180378.124873161316,147857209.318247318268,147857209.318247973919,-0.000010281801,2
3_6,1318988.177241062047,1102 BCE-03-12 16:15:14,-1101,BCE,1102,3,12,16:15:14,Julian,saturn,98,Approaching perihelion,1311847.796837649075,1122 BCE-08-24 07:07:27,1333323168.806625843048,1483838580.954587697983,150515412.147961854935,150515412.147951453924,-0.000010281801,2
3_6,1326403.242227660026,1082 BCE-06-30 17:48:48,-1081,BCE,1082,6,30,17:48:48,Julian,saturn,99,Receding from perihelion,1322674.743084797636,1092 BCE-04-15 05:50:03,1334063026.958834409714,1485801166.053193569183,151738139.094359159470,151738139.094364285469,-0.000010281801,2
3_6,1329644.022773501696,1073 BCE-05-14 12:32:48,-1072,BCE,1073,5,14,12:32:48,Julian,saturn,99,Approaching perihelion,1322674.743084797636,1092 BCE-04-15 05:50:03,1334063026.958834409714,1486303064.850101709366,152240037.891267299652,152240037.891270935535,-0.000010281801,2
3_6,1337104.026706412435,1053 BCE-10-16 12:38:27,-1052,BCE,1053,10,16,12:38:27,Julian,saturn,100,Receding from perihelion,1333386.971718169516,1063 BCE-08-13 11:19:16,1334106056.747278213501,1481556769.957715988159,147450713.210437774658,147450713.210448384285,-0.000010281801,2
3_6,1340505.979115626309,1043 BCE-02-08 11:29:56,-1042,BCE,1043,2,8,11:29:56,Julian,saturn,100,Approaching perihelion,1333386.971718169516,1063 BCE-08-13 11:19:16,1334106056.747278213501,1483153028.137302875519,149046971.390024662018,149046971.390000671148,-0.000010281801,2
3_6,1347969.315572277177,1023 BCE-07-16 19:34:25,-1022,BCE,1023,7,16,19:34:25,Julian,saturn,101,Receding from perihelion,1344208.463148781098,1033 BCE-03-29 23:06:56,1335109623.188530445099,1486343789.774322032928,151234166.585791587830,151234166.585785180330,-0.000010281801,2
3_6,1351152.632926744642,1014 BCE-04-04 03:11:25,-1013,BCE,1014,4,4,03:11:25,Julian,saturn,101,Approaching perihelion,1344208.463148781098,1033 BCE-03-29 23:06:56,1335109623.188530445099,1486458545.674489259720,151348922.485958814621,151348922.485960662365,-0.000010281801,2
3_6,1358656.732996530132,0994 BCE-10-20 05:35:31,-993,BCE,994,10,20,05:35:31,Julian,saturn,102,Receding from perihelion,1354916.850336566102,1004 BCE-07-24 08:24:29,1334665776.243165493011,1482056211.801564216614,147390435.558398723602,147390435.558404147625,-0.000010281801,2
3_6,1362015.685726680327,0985 BCE-12-30 04:27:27,-984,BCE,985,12,30,04:27:27,Julian,saturn,102,Approaching perihelion,1354916.850336566102,1004 BCE-07-24 08:24:29,1334665776.243165493011,1482149813.227244615555,147484036.984079122543,147484036.984071999788,-0.000010281801,2
3_6,1369529.725113135763,0964 BCE-07-27 05:24:10,-963,BCE,964,7,27,05:24:10,Julian,saturn,103,Receding from perihelion,1365727.816093744477,0974 BCE-02-28 07:35:10,1336248466.804651975632,1487097404.736701965332,150848937.932049989700,150848937.932030856609,-0.000010281801,2
3_6,1372665.466073208721,0955 BCE-02-25 23:11:09,-954,BCE,955,2,25,23:11:09,Julian,saturn,103,Approaching perihelion,1365727.816093744477,0974 BCE-02-28 07:35:10,1336248466.804651975632,1486052536.901608467102,149804070.096956491470,149804070.096963971853,-0.000010281801,2
3_6,1380204.357161575928,0935 BCE-10-17 20:34:19,-934,BCE,935,10,17,20:34:19,Julian,saturn,104,Receding from perihelion,1376441.383427953580,0945 BCE-06-28 21:12:08,1335288949.761346101761,1482753857.019606590271,147464907.258260488510,147464907.258263796568,-0.000010281801,2
3_6,1383358.204781087814,0926 BCE-06-06 16:54:53,-925,BCE,926,6,6,16:54:53,Julian,saturn,104,Approaching perihelion,1376441.383427953580,0945 BCE-06-28 21:12:08,1335288949.761346101761,1487494860.788980484009,152205911.027634382248,152205911.027631700039,-0.000010281801,2
3_6,1391078.286105606239,0905 BCE-07-25 18:51:59,-904,BCE,905,7,25,18:51:59,Julian,saturn,105,Receding from perihelion,1387239.873756995192,0915 BCE-01-21 08:58:13,1337043894.912701845169,1487963577.889537334442,150919682.976835489273,150919682.976842135191,-0.000010281801,2
3_6,1394180.510630541248,0896 BCE-01-22 00:15:18,-895,BCE,896,1,22,00:15:18,Julian,saturn,105,Approaching perihelion,1387239.873756995192,0915 BCE-01-21 08:58:13,1337043894.912701845169,1485291345.384555101395,148247450.471853256226,148247450.471846163273,-0.000010281801,2
3_6,1401739.622811238747,0876 BCE-10-03 02:56:51,-875,BCE,876,10,3,02:56:51,Julian,saturn,106,Receding from perihelion,1397952.308976403205,0886 BCE-05-21 19:24:56,1335742510.444366693497,1483694322.097048521042,147951811.652681827545,147951811.652675092220,-0.000010281801,2
3_6,1404844.874876301270,0867 BCE-04-04 08:59:49,-866,BCE,867,4,4,08:59:49,Julian,saturn,106,Approaching perihelion,1397952.308976403205,0886 BCE-05-21 19:24:56,1335742510.444366693497,1487060441.122066736221,151317930.677700042725,151317930.677707880735,-0.000010281801,2
3_6,1412620.575999139808,0846 BCE-07-19 01:49:26,-845,BCE,846,7,19,01:49:26,Julian,saturn,107,Receding from perihelion,1408747.027523753466,0857 BCE-12-09 12:39:38,1337747318.710830211639,1488969762.675250053406,151222443.964419841766,151222443.964421421289,-0.000010281801,2
3_6,1415693.737346564885,0838 BCE-12-17 05:41:47,-837,BCE,838,12,17,05:41:47,Julian,saturn,107,Approaching perihelion,1408747.027523753466,0857 BCE-12-09 12:39:38,1337747318.710830211639,1484884586.764179229736,147137268.053349018097,147137268.053353458643,-0.000010281801,2
3_6,1423266.651858980767,0817 BCE-09-10 03:38:41,-816,BCE,817,9,10,03:38:41,Julian,saturn,108,Receding from perihelion,1419461.722246185644,0827 BCE-04-11 05:20:02,1335873391.386810779572,1484780157.892574310303,148906766.505763530731,148906766.505768209696,-0.000010281801,2
3_6,1426361.622174021322,0808 BCE-03-02 02:55:56,-807,BCE,808,3,2,02:55:56,Julian,saturn,108,Approaching perihelion,1419461.722246185644,0827 BCE-04-11 05:20:02,1335873391.386810779572,1485817248.550176620483,149943857.163365840912,149943857.163368374109,-0.000010281801,2
3_6,1434146.225391073385,0787 BCE-06-24 17:24:34,-786,BCE,787,6,24,17:24:34,Julian,saturn,109,Receding from perihelion,1430246.967311965534,0798 BCE-10-21 11:12:56,1338003041.796403408051,1489935102.501024723053,151932060.704621315002,151932060.704625189304,-0.000010281801,4
3_6,1437075.867123100208,0779 BCE-07-02 08:48:39,-778,BCE,779,7,2,08:48:39,Julian,saturn,109,Approaching perihelion,1430246.967311965534,0798 BCE-10-21 11:12:56,1338003041.796403408051,1489759249.765110731125,151756207.968707323074,151756207.968707382679,-0.000010281801,4
3_6,1437127.952293512411,0779 BCE-08-23 10:51:18,-778,BCE,779,8,23,10:51:18,Julian,saturn,109,Approaching perihelion,1430246.967311965534,0798 BCE-10-21 11:12:56,1338003041.796403408051,1487758308.271743774414,149755266.475340366364,149755266.475341528654,-0.000010281801,4
3_6,1437187.413988885004,0779 BCE-10-21 21:56:09,-778,BCE,779,10,21,21:56:09,Julian,saturn,109,Approaching perihelion,1430246.967311965534,0798 BCE-10-21 11:12:56,1338003041.796403408051,1485406538.665931463242,147403496.869528055191,147403496.869529008865,-0.000010281801,4
3_6,1444791.453829060076,0758 BCE-08-16 22:53:31,-757,BCE,758,8,16,22:53:31,Julian,saturn,110,Receding from perihelion,1440967.729029149283,0768 BCE-02-26 05:29:48,1335925814.393390893936,1485994835.687840461731,150069021.294449567795,150069021.294446527958,-0.000010281801,2
3_6,1447887.585109636886,0749 BCE-02-07 02:02:33,-748,BCE,749,2,7,02:02:33,Julian,saturn,110,Approaching perihelion,1440967.729029149283,0768 BCE-02-26 05:29:48,1335925814.393390893936,1484765014.398689270020,148839200.005298376083,148839200.005303502083,-0.000010281801,2
3_6,1455646.541351066669,0728 BCE-05-06 00:59:33,-727,BCE,728,5,6,00:59:33,Julian,saturn,111,Receding from perihelion,1451751.434533853782,0739 BCE-09-05 22:25:44,1338014627.721166372299,1490104072.390340328217,152089444.669173955917,152089444.669173747301,-0.000010281801,2
3_6,1458584.115428417223,0720 BCE-05-21 14:46:13,-719,BCE,720,5,21,14:46:13,Julian,saturn,111,Approaching perihelion,1451751.434533853782,0739 BCE-09-05 22:25:44,1338014627.721166372299,1490258399.077317953110,152243771.356151580811,152243771.356148779392,-0.000010281801,2
3_6,1466304.064694901463,0699 BCE-07-10 13:33:10,-698,BCE,699,7,10,13:33:10,Julian,saturn,112,Receding from perihelion,1462476.010271941544,0709 BCE-01-16 12:14:47,1335518757.997031688690,1487062015.376807451248,151543257.379775762558,151543257.379769206047,-0.000010281801,2
3_6,1469424.464455829700,0690 BCE-01-24 23:08:49,-689,BCE,690,1,24,23:08:49,Julian,saturn,112,Approaching perihelion,1462476.010271941544,0709 BCE-01-16 12:14:47,1335518757.997031688690,1483790226.725050210953,148271468.728018522263,148271468.728015154600,-0.000010281801,2
3_6,1477012.792264734861,0670 BCE-11-04 07:00:52,-669,BCE,670,11,4,07:00:52,Julian,saturn,113,Receding from perihelion,1473255.932558908826,0680 BCE-07-22 10:22:53,1337857332.831718921661,1484996507.237185478210,147139174.405466556549,147139174.405470341444,-0.000010281801,2
3_6,1480124.390473929001,0661 BCE-05-11 21:22:17,-660,BCE,661,5,11,21:22:17,Julian,saturn,113,Approaching perihelion,1473255.932558908826,0680 BCE-07-22 10:22:53,1337857332.831718921661,1490023980.099469900131,152166647.267750978470,152166647.267746239901,-0.000010281801,2
3_6,1487805.663260389585,0640 BCE-05-23 03:55:06,-639,BCE,640,5,23,03:55:06,Julian,saturn,114,Receding from perihelion,1483995.356048121583,0651 BCE-12-16 20:32:43,1335127711.353169202805,1487368934.078105211258,152241222.724936008453,152241222.724935799837,-0.000010281801,2
3_6,1490970.143809952540,0631 BCE-01-20 15:27:05,-630,BCE,631,1,20,15:27:05,Julian,saturn,114,Approaching perihelion,1483995.356048121583,0651 BCE-12-16 20:32:43,1335127711.353169202805,1483218242.220331192017,148090530.867161989212,148090530.867199748755,-0.000010281801,2
3_6,1498528.997885420220,0611 BCE-10-01 11:56:57,-610,BCE,611,10,1,11:56:57,Julian,saturn,115,Receding from perihelion,1494766.712282441556,0621 BCE-06-13 05:05:41,1337342491.414451122284,1485468359.048606395721,148125867.634155273438,148125867.634160071611,-0.000010281801,2
3_6,1501680.605996241327,0602 BCE-05-19 02:32:38,-601,BCE,602,5,19,02:32:38,Julian,saturn,115,Approaching perihelion,1494766.712282441556,0621 BCE-06-13 05:05:41,1337342491.414451122284,1489562019.414443731308,152219527.999992609024,152219527.999995082617,-0.000010281801,2
3_6,1509170.350567673799,0582 BCE-11-19 20:24:49,-581,BCE,582,11,19,20:24:49,Julian,saturn,116,Receding from perihelion,1505519.720584231894,0592 BCE-11-21 05:17:38,1334690529.449836969376,1481661734.972918033600,146971205.523081064224,146971205.523075401783,-0.000010281801,2
3_6,1512521.811055249302,0572 BCE-01-22 07:27:55,-571,BCE,572,1,22,07:27:55,Julian,saturn,116,Approaching perihelion,1505519.720584231894,0592 BCE-11-21 05:17:38,1334690529.449836969376,1482835637.391219615936,148145107.941382646561,148145107.941379070282,-0.000010281801,2
3_6,1520060.201350768097,0552 BCE-09-12 16:49:57,-551,BCE,552,9,12,16:49:57,Julian,saturn,117,Receding from perihelion,1516281.477374821203,0562 BCE-05-09 23:27:25,1336996305.260868787766,1485922316.131483078003,148926010.870614290237,148926010.870589882135,-0.000010281801,2
3_6,1523242.719581695739,0543 BCE-05-31 05:16:12,-542,BCE,543,5,31,05:16:12,Julian,saturn,117,Approaching perihelion,1516281.477374821203,0562 BCE-05-09 23:27:25,1336996305.260868787766,1489243215.223001003265,152246909.962132215500,152246909.962136715651,-0.000010281801,2
3_6,1530693.406590461498,0523 BCE-10-23 21:45:29,-522,BCE,523,10,23,21:45:29,Julian,saturn,118,Receding from perihelion,1527058.134272893891,0533 BCE-11-09 15:13:21,1334230600.197499752045,1481650534.926089286804,147419934.728589534760,147419934.728629529476,-0.000010281801,2
3_6,1534079.976060116198,0513 BCE-01-31 11:25:32,-512,BCE,513,1,31,11:25:32,Julian,saturn,118,Approaching perihelion,1527058.134272893891,0533 BCE-11-09 15:13:21,1334230600.197499752045,1482695255.201136350632,148464655.003636598587,148464655.003635108471,-0.000010281801,2
3_6,1541595.651939529227,0493 BCE-08-29 03:38:48,-492,BCE,493,8,29,03:38:48,Julian,saturn,119,Receding from perihelion,1537799.131647756090,0503 BCE-04-07 15:09:34,1336457847.962303638458,1486051084.408195972443,149593236.445892333984,149593236.445895284414,-0.000010281801,2
3_6,1544815.289783222601,0484 BCE-06-22 18:57:17,-483,BCE,484,6,22,18:57:17,Julian,saturn,119,Approaching perihelion,1537799.131647756090,0503 BCE-04-07 15:09:34,1336457847.962303638458,1488474447.249177217484,152016599.286873579025,152016599.286876261234,-0.000010281801,2
3_6,1552238.185816800222,0464 BCE-10-18 16:27:35,-463,BCE,464,10,18,16:27:35,Julian,saturn,120,Receding from perihelion,1548604.118115120335,0474 BCE-11-06 14:50:05,1334240156.726679801941,1481819139.552824735641,147578982.826144933701,147578982.826142072678,-0.000010281801,2
3_6,1555635.311411737930,0454 BCE-02-05 19:28:26,-453,BCE,454,2,5,19:28:26,Julian,saturn,120,Approaching perihelion,1548604.118115120335,0474 BCE-11-06 14:50:05,1334240156.726679801941,1482917362.464232444763,148677205.737552642822,148677205.737561166286,-0.000010281801,2
3_6,1563140.216085299617,0434 BCE-08-24 17:11:10,-433,BCE,434,8,24,17:11:10,Julian,saturn,121,Receding from perihelion,1559334.184417987010,0444 BCE-03-23 16:25:34,1336065671.464520215988,1485918302.077797889709,149852630.613277673721,149852630.613271504641,-0.000010281801,2
3_6,1566498.901752343634,0425 BCE-11-03 09:38:31,-424,BCE,425,11,3,09:38:31,Julian,saturn,121,Approaching perihelion,1559334.184417987010,0444 BCE-03-23 16:25:34,1336065671.464520215988,1483264969.820815086365,147199298.356294870377,147199298.356295675039,-0.000010281801,2
3_6,1573790.176679212600,0405 BCE-10-20 16:14:25,-404,BCE,405,10,20,16:14:25,Julian,saturn,122,Receding from perihelion,1570156.265304092085,0415 BCE-11-08 18:22:02,1334320936.855045795441,1481856583.253545522690,147535646.398499727249,147535646.398490637541,-0.000010281801,2
3_6,1577187.635254473891,0395 BCE-02-08 03:14:46,-394,BCE,395,2,8,03:14:46,Julian,saturn,122,Approaching perihelion,1570156.265304092085,0415 BCE-11-08 18:22:02,1334320936.855045795441,1483082284.819488763809,148761347.964442968369,148761347.964456170797,-0.000010281801,2
3_6,1584693.995507833082,0375 BCE-08-28 11:53:32,-374,BCE,375,8,28,11:53:32,Julian,saturn,123,Receding from perihelion,1580876.316074830946,0385 BCE-03-15 19:35:09,1336027678.911413431168,1485724897.551371335983,149697218.639957904816,149697218.639964610338,-0.000010281801,2
3_6,1588051.615626653889,0366 BCE-11-07 02:46:30,-365,BCE,366,11,7,02:46:30,Julian,saturn,123,Approaching perihelion,1580876.316074830946,0385 BCE-03-15 19:35:09,1336027678.911413431168,1483183472.099492788315,147155793.188079357147,147155793.188077121973,-0.000010281801,2
3_6,1595357.362511595478,0346 BCE-11-07 20:42:01,-345,BCE,346,11,7,20:42:01,Julian,saturn,124,Receding from perihelion,1591714.928173780441,0356 BCE-11-17 10:16:34,1334846759.927287817001,1481997955.711288452148,147151195.784000635147,147151195.784005522728,-0.000010281801,2
3_6,1598735.466976501280,0336 BCE-02-05 23:12:27,-335,BCE,336,2,5,23:12:27,Julian,saturn,124,Approaching perihelion,1591714.928173780441,0356 BCE-11-17 10:16:34,1334846759.927287817001,1483502066.881212472916,148655306.953924655914,148655306.953904747963,-0.000010281801,2
3_6,1606252.053601721302,0316 BCE-09-05 13:17:11,-315,BCE,316,9,5,13:17:11,Julian,saturn,125,Receding from perihelion,1602428.462306060595,0326 BCE-03-18 23:05:43,1336072404.972935199738,1485421498.583799839020,149349093.610864639282,149349093.610865175724,-0.000010281801,2
3_6,1609471.574497172842,0307 BCE-06-30 01:47:17,-306,BCE,307,6,30,01:47:17,Julian,saturn,125,Approaching perihelion,1602428.462306060595,0326 BCE-03-18 23:05:43,1336072404.972935199738,1487972311.772453546524,151899906.799518346786,151899906.799518406391,-0.000010281801,2
3_6,1616939.507283724379,0287 BCE-12-10 00:10:29,-286,BCE,287,12,10,00:10:29,Julian,saturn,126,Receding from perihelion,1613268.110431913752,0297 BCE-11-20 14:39:01,1335670511.327834129333,1482678896.983644962311,147008385.655810832977,147008385.655804127455,-0.000010281801,2
3_6,1620273.348030885216,0277 BCE-01-25 20:21:10,-276,BCE,277,1,25,20:21:10,Julian,saturn,126,Approaching perihelion,1613268.110431913752,0297 BCE-11-20 14:39:01,1335670511.327834129333,1483826411.668040752411,148155900.340206623077,148155900.340198606253,-0.000010281801,2
3_6,1627819.311237615300,0257 BCE-09-22 19:28:11,-256,BCE,257,9,22,19:28:11,Julian,saturn,127,Receding from perihelion,1623982.605074346066,0267 BCE-03-23 02:31:18,1336595053.336413145065,1485201101.711232185364,148606048.374819040298,148606048.374821960926,-0.000010281801,2
3_6,1630979.030600452563,0248 BCE-05-18 12:44:04,-247,BCE,248,5,18,12:44:04,Julian,saturn,127,Approaching perihelion,1623982.605074346066,0267 BCE-03-23 02:31:18,1336595053.336413145065,1488766238.397452831268,152171185.061039686203,152171185.061041742563,-0.000010281801,2
3_6,1638661.044901242945,0227 BCE-05-30 13:04:39,-226,BCE,227,5,30,13:04:39,Julian,saturn,128,Receding from perihelion,1634821.000589694828,0238 BCE-11-24 12:00:51,1336661780.945995569229,1488888954.270782709122,152227173.324787139893,152227173.324791729450,-0.000010281801,2
3_6,1641801.414955962915,0218 BCE-01-03 21:57:32,-217,BCE,218,1,3,21:57:32,Julian,saturn,128,Approaching perihelion,1634821.000589694828,0238 BCE-11-24 12:00:51,1336661780.945995569229,1484098290.614408969879,147436509.668413400650,147436509.668410509825,-0.000010281801,2
3_6,1649384.701156622730,0198 BCE-10-09 04:49:40,-197,BCE,198,10,9,04:49:40,Julian,saturn,129,Receding from perihelion,1645529.677077245200,0208 BCE-03-20 04:14:59,1337160514.198034048080,1485173431.684264421463,148012917.486230373383,148012917.486238270998,-0.000010281801,2
3_6,1652493.481877215672,0189 BCE-04-12 23:33:54,-188,BCE,189,4,12,23:33:54,Julian,saturn,129,Approaching perihelion,1645529.677077245200,0208 BCE-03-20 04:14:59,1337160514.198034048080,1488541285.763616800308,151380771.565582752228,151380771.565587937832,-0.000010281801,2
3_6,1660251.384462964488,0168 BCE-07-09 21:13:38,-167,BCE,168,7,9,21:13:38,Julian,saturn,130,Receding from perihelion,1656364.494185380870,0179 BCE-11-17 23:51:38,1337949320.603562116623,1489625364.823880910873,151676044.220318794250,151676044.220318347216,-0.000010281801,2
3_6,1663303.502157707931,0160 BCE-11-17 00:03:06,-159,BCE,160,11,17,00:03:06,Julian,saturn,130,Approaching perihelion,1656364.494185380870,0179 BCE-11-17 23:51:38,1337949320.603562116623,1484996252.689281940460,147046932.085719823837,147046932.085718214512,-0.000010281801,2
3_6,1670952.282262698282,0139 BCE-10-26 18:46:27,-138,BCE,139,10,26,18:46:27,Julian,saturn,131,Receding from perihelion,1667074.750550647033,0149 BCE-03-15 06:00:48,1337895338.634563684464,1485361121.324262380600,147465782.689698696136,147465782.689695984125,-0.000010281801,2
3_6,1674008.148282087641,0130 BCE-03-09 15:33:32,-129,BCE,130,3,9,15:33:32,Julian,saturn,131,Approaching perihelion,1667074.750550647033,0149 BCE-03-15 06:00:48,1337895338.634563684464,1487856076.123884677887,149960737.489320993423,149960737.489327877760,-0.000010281801,2
3_6,1681822.418110274011,0109 BCE-07-30 22:02:05,-108,BCE,109,7,30,22:02:05,Julian,saturn,132,Receding from perihelion,1677897.051000645850,0120 BCE-10-31 13:13:26,1339073808.666241884232,1490068116.477551937103,150994307.811310052872,150994307.811349958181,-0.000010281801,2
3_6,1684653.209025640506,0101 BCE-04-30 17:00:59,-100,BCE,101,4,30,17:00:59,Julian,saturn,132,Approaching perihelion,1677897.051000645850,0120 BCE-10-31 13:13:26,1339073808.666241884232,1490921749.392354011536,151847940.726112127304,151847940.726116567850,-0.000010281801,2
3_6,1692518.554546917789,0080 BCE-11-12 01:18:33,-79,BCE,80,11,12,01:18:33,Julian,saturn,133,Receding from perihelion,1688606.266512223985,0090 BCE-02-25 18:23:47,1338719285.485053062439,1485846741.876929759979,147127456.391876697540,147127456.391873538494,-0.000010281801,2
3_6,1695517.070079214638,0071 BCE-01-27 13:40:55,-70,BCE,71,1,27,13:40:55,Julian,saturn,133,Approaching perihelion,1688606.266512223985,0090 BCE-02-25 18:23:47,1338719285.485053062439,1486893556.669963836670,148174271.184910774231,148174271.184891462326,-0.000010281801,2
3_6,1703388.321763744112,0050 BCE-08-16 19:43:20,-49,BCE,50,8,16,19:43:20,Julian,saturn,134,Receding from perihelion,1699422.165866140276,0061 BCE-10-06 15:58:51,1340264194.188847303391,1490624252.244493722916,150360058.055646419525,150360058.055653929710,-0.000010281801,2
3_6,1706161.269001294859,0042 BCE-03-20 18:27:22,-41,BCE,42,3,20,18:27:22,Julian,saturn,134,Approaching perihelion,1699422.165866140276,0061 BCE-10-06 15:58:51,1340264194.188847303391,1490665721.917383432388,150401527.728536128998,150401527.728531688452,-0.000010281801,2
3_6,1714067.222101429943,0021 BCE-11-10 17:19:50,-20,BCE,21,11,10,17:19:50,Julian,saturn,135,Receding from perihelion,1710129.749257298885,0031 BCE-01-30 05:58:56,1339233765.862481117249,1486386786.674284458160,147153020.811803340912,147153020.811800926924,-0.000010281801,2
3_6,1717010.891454383265,0013 BCE-12-02 09:23:42,-12,BCE,13,12,2,09:23:42,Julian,saturn,135,Approaching perihelion,1710129.749257298885,0031 BCE-01-30 05:58:56,1339233765.862481117249,1486213450.401998758316,146979684.539517641068,146979684.539521574974,-0.000010281801,2
3_6,1724943.679321123287,0010 CE-08-22 04:18:13,10,CE,10,8,22,04:18:13,Julian,saturn,136,Receding from perihelion,1720932.772346523823,0002 BCE-08-29 06:32:11,1341164021.997608661652,1491300872.182463169098,150136850.184854507446,150136850.184861928225,-0.000010281801,2
3_6,1727675.432912728749,0018 CE-02-12 22:23:24,18,CE,18,2,12,22:23:24,Julian,saturn,136,Approaching perihelion,1720932.772346523823,0002 BCE-08-29 06:32:11,1341164021.997608661652,1489968421.068348884583,148804399.070740222931,148804399.070749193430,-0.000010281801,2
3_6,1735609.516347542871,0039 CE-11-04 00:23:32,39,CE,39,11,4,00:23:32,Julian,saturn,137,Receding from perihelion,1731646.014837422874,0028 CE-12-27 12:21:22,1339806325.966596603394,1487119770.262545108795,147313444.295948505402,147313444.295954942703,-0.000010281801,2
3_6,1738331.367445174372,0047 CE-04-17 20:49:07,47,CE,47,4,17,20:49:07,Julian,saturn,137,Approaching perihelion,1731646.014837422874,0028 CE-12-27 12:21:22,1339806325.966596603394,1491239044.432316780090,151432718.465720176697,151432718.465720862150,-0.000010281801,2
3_6,1746486.509436565218,0069 CE-08-15 00:13:35,69,CE,69,8,15,00:13:35,Julian,saturn,138,Receding from perihelion,1742440.491394382203,0058 CE-07-17 23:47:36,1341682540.097071170807,1492140711.697663545609,150458171.600592374802,150458171.600584894419,-0.000010281801,2
3_6,1749194.759351977846,0077 CE-01-13 06:13:28,77,CE,77,1,13,06:13:28,Julian,saturn,138,Approaching perihelion,1742440.491394382203,0058 CE-07-17 23:47:36,1341682540.097071170807,1489322434.486057281494,147639894.388986110687,147639894.388981699944,-0.000010281801,2
3_6,1757136.309056297410,0098 CE-10-11 19:25:02,98,CE,98,10,11,19:25:02,Julian,saturn,139,Receding from perihelion,1753152.999034109293,0087 CE-11-15 11:58:37,1339935534.146286964417,1487953232.872740745544,148017698.726453781128,148017698.726453870535,-0.000010281801,2
3_6,1759846.426969426451,0106 CE-03-13 22:14:50,106,CE,106,3,13,22:14:50,Julian,saturn,139,Approaching perihelion,1753152.999034109293,0087 CE-11-15 11:58:37,1339935534.146286964417,1489994866.362112522125,150059332.215825557709,150059332.215816587210,-0.000010281801,2
3_6,1768023.410634089261,0128 CE-08-01 21:51:19,128,CE,128,8,1,21:51:19,Julian,saturn,140,Receding from perihelion,1763942.611202969216,0117 CE-05-31 02:40:08,1342122188.922798395157,1493118553.878516912460,150996364.955718517303,150996364.955721527338,-0.000010281801,2
3_6,1770709.669797124341,0135 CE-12-10 04:04:30,135,CE,135,12,10,04:04:30,Julian,saturn,140,Approaching perihelion,1763942.611202969216,0117 CE-05-31 02:40:08,1342122188.922798395157,1489122359.374582290649,147000170.451783895493,147000170.451783061028,-0.000010281801,2
3_6,1778658.590836503077,0157 CE-09-14 02:10:48,157,CE,157,9,14,02:10:48,Julian,saturn,141,Receding from perihelion,1774661.870628237957,0146 CE-10-05 08:53:42,1339823893.226201057434,1488993078.299870252609,149169185.073669195175,149169185.073699116707,-0.000010281801,2
3_6,1781376.426537168678,0165 CE-02-21 22:14:13,165,CE,165,2,21,22:14:13,Julian,saturn,141,Approaching perihelion,1774661.870628237957,0146 CE-10-05 08:53:42,1339823893.226201057434,1488978680.837579488754,149154787.611378431320,149154787.611330479383,-0.000010281801,2
3_6,1789543.593428975902,0187 CE-07-04 02:14:32,187,CE,187,7,4,02:14:32,Julian,saturn,142,Receding from perihelion,1785444.822285812115,0176 CE-04-13 07:44:05,1342029772.277038097382,1493924988.783246040344,151895216.506207942963,151895216.506213754416,-0.000010281801,2
3_6,1792074.693958093878,0194 CE-06-08 04:39:18,194,CE,194,6,8,04:39:18,Julian,saturn,142,Approaching perihelion,1785444.822285812115,0176 CE-04-13 07:44:05,1342029772.277038097382,1494228865.327338695526,152199093.050300598145,152199093.050297468901,-0.000010281801,2
3_6,1800179.256786168320,0216 CE-08-15 18:09:46,216,CE,216,8,15,18:09:46,Julian,saturn,143,Receding from perihelion,1796169.269048003014,0205 CE-08-23 18:27:26,1339654956.695087671280,1490132357.014115571976,150477400.319027900696,150477400.318995684385,-0.000010281801,2
3_6,1802912.413688303903,0224 CE-02-08 21:55:43,224,CE,224,2,8,21:55:43,Julian,saturn,143,Approaching perihelion,1796169.269048003014,0205 CE-08-23 18:27:26,1339654956.695087671280,1488192119.979779243469,148537163.284691572189,148537163.284689575434,-0.000010281801,2
3_6,1810889.752724180464,0245 CE-12-12 06:03:55,245,CE,245,12,12,06:03:55,Julian,saturn,144,Receding from perihelion,1806953.077466495102,0235 CE-03-03 13:51:33,1341886313.498108863831,1488904506.524340391159,147018193.026231527328,147018193.026233255863,-0.000010281801,4
3_6,1810994.132780426880,0246 CE-03-26 15:11:12,246,CE,246,3,26,15:11:12,Julian,saturn,144,Receding from perihelion,1806953.077466495102,0235 CE-03-03 13:51:33,1341886313.498108863831,1492428550.659084081650,150542237.160975217819,150542237.160975784063,-0.000010281801,4
3_6,1811036.359617244219,0246 CE-05-07 20:37:51,246,CE,246,5,7,20:37:51,Julian,saturn,144,Receding from perihelion,1806953.077466495102,0235 CE-03-03 13:51:33,1341886313.498108863831,1493790403.113380193710,151904089.615271329880,151904089.615272045135,-0.000010281801,4
3_6,1813615.497612269130,0253 CE-05-29 23:56:34,253,CE,253,5,29,23:56:34,Julian,saturn,144,Approaching perihelion,1806953.077466495102,0235 CE-03-03 13:51:33,1341886313.498108863831,1494073177.158466815948,152186863.660357952118,152186863.660358130932,-0.000010281801,4
3_6,1821691.127813761588,0275 CE-07-09 15:04:03,275,CE,275,7,9,15:04:03,Julian,saturn,145,Receding from perihelion,1817686.586055688327,0264 CE-07-22 02:03:55,1339202018.435646533966,1490990993.691771745682,151788975.256125211716,151788975.256129771471,-0.000010281801,2
3_6,1824458.377149397274,0283 CE-02-04 21:03:06,283,CE,283,2,4,21:03:06,Julian,saturn,145,Approaching perihelion,1817686.586055688327,0264 CE-07-22 02:03:55,1339202018.435646533966,1487561386.255172491074,148359367.819525957108,148359367.819532811642,-0.000010281801,2
3_6,1832396.784398313379,0304 CE-10-30 06:49:32,304,CE,304,10,30,06:49:32,Julian,saturn,146,Receding from perihelion,1828459.621217652457,0294 CE-01-19 02:54:33,1341590808.303472042084,1489078583.140802145004,147487774.837330102921,147487774.837334543467,-0.000010281801,2
3_6,1835166.467696722364,0312 CE-05-30 23:13:29,312,CE,312,5,30,23:13:29,Julian,saturn,146,Approaching perihelion,1828459.621217652457,0294 CE-01-19 02:54:33,1341590808.303472042084,1493781238.603284358978,152190430.299812316895,152190430.299832731485,-0.000010281801,2
3_6,1843055.486855684780,0334 CE-01-04 23:41:04,334,CE,334,1,4,23:41:04,Julian,saturn,147,Receding from perihelion,1839212.873097977601,0323 CE-06-29 08:57:16,1338920534.400894641876,1486280082.559026956558,147359548.158132314682,147359548.158133029938,-0.000010281801,4
3_6,1843103.476127386792,0334 CE-02-21 23:25:37,334,CE,334,2,21,23:25:37,Julian,saturn,147,Receding from perihelion,1839212.873097977601,0323 CE-06-29 08:57:16,1338920534.400894641876,1487992931.814870595932,149072397.413975954056,149072397.413976669312,-0.000010281801,4
3_6,1843192.285500152502,0334 CE-05-21 18:51:07,334,CE,334,5,21,18:51:07,Julian,saturn,147,Receding from perihelion,1839212.873097977601,0323 CE-06-29 08:57:16,1338920534.400894641876,1491032962.257743597031,152112427.856848955154,152112427.856849074364,-0.000010281801,4
3_6,1846010.404807334533,0342 CE-02-06 21:42:55,342,CE,342,2,6,21:42:55,Julian,saturn,147,Approaching perihelion,1839212.873097977601,0323 CE-06-29 08:57:16,1338920534.400894641876,1487350452.227328062057,148429917.826433420181,148429917.826431930065,-0.000010281801,4
3_6,1853922.744952326640,0363 CE-10-07 05:52:44,363,CE,363,10,7,05:52:44,Julian,saturn,148,Receding from perihelion,1849973.788890120341,0352 CE-12-14 06:56:00,1341173916.459810018539,1489474402.092932939529,148300485.633122920990,148300485.633126437664,-0.000010281801,2
3_6,1856729.602261052700,0371 CE-06-14 02:27:15,371,CE,371,6,14,02:27:15,Julian,saturn,148,Approaching perihelion,1849973.788890120341,0352 CE-12-14 06:56:00,1341173916.459810018539,1493351914.920339345932,152177998.460529327393,152177998.460532158613,-0.000010281801,2
3_6,1864556.095447867177,0392 CE-11-16 14:17:27,392,CE,392,11,16,14:17:27,Julian,saturn,149,Receding from perihelion,1860745.126562902704,0382 CE-06-11 15:02:15,1338622820.582999706268,1485768903.117401361465,147146082.534401655197,147146082.534402698278,-0.000010281801,2
3_6,1867565.181217126548,0401 CE-02-11 16:20:57,401,CE,401,2,11,16:20:57,Julian,saturn,149,Approaching perihelion,1860745.126562902704,0382 CE-06-11 15:02:15,1338622820.582999706268,1487237473.456378221512,148614652.873378515244,148614652.873420834541,-0.000010281801,2
3_6,1875460.820239287568,0422 CE-09-25 07:41:09,422,CE,422,9,25,07:41:09,Julian,saturn,150,Receding from perihelion,1871488.829714731313,0411 CE-11-10 07:54:47,1340900221.268405437469,1489704591.882373809814,148804370.613968372345,148804370.613971084356,-0.000010281801,4
3_6,1878297.845172635047,0430 CE-07-02 08:17:03,430,CE,430,7,2,08:17:03,Julian,saturn,150,Approaching perihelion,1871488.829714731313,0411 CE-11-10 07:54:47,1340900221.268405437469,1492861704.567822217941,151961483.299416780472,151961483.299417257309,-0.000010281801,4
3_6,1878360.542316441657,0430 CE-09-03 01:00:56,430,CE,430,9,3,01:00:56,Julian,saturn,150,Approaching perihelion,1871488.829714731313,0411 CE-11-10 07:54:47,1340900221.268405437469,1490693743.095632553101,149793521.827227115631,149793521.827226459980,-0.000010281801,4
3_6,1878432.565936575411,0430 CE-11-14 01:34:57,430,CE,430,11,14,01:34:57,Julian,saturn,150,Approaching perihelion,1871488.829714731313,0411 CE-11-10 07:54:47,1340900221.268405437469,1488100624.051703453064,147200402.783298015594,147200402.783296167850,-0.000010281801,4
3_6,1886094.124756843550,0451 CE-11-05 14:59:39,451,CE,451,11,5,14:59:39,Julian,saturn,151,Receding from perihelion,1882291.032493666047,0441 CE-06-07 12:46:47,1338573549.179667949677,1485958927.176826000214,147385377.997158050537,147385377.997165054083,-0.000010281801,2
3_6,1889120.440224487102,0460 CE-02-17 22:33:55,460,CE,460,2,17,22:33:55,Julian,saturn,151,Approaching perihelion,1882291.032493666047,0441 CE-06-07 12:46:47,1338573549.179667949677,1487400212.900900840759,148826663.721232891083,148826663.721228152514,-0.000010281801,2
3_6,1897001.208272704156,0481 CE-09-15 16:59:55,481,CE,481,9,15,16:59:55,Julian,saturn,152,Receding from perihelion,1893014.181262555299,0470 CE-10-16 16:21:01,1340465434.655214548111,1489705946.535903692245,149240511.880689144135,149240511.880690276623,-0.000010281801,2
3_6,1900000.674178489484,0489 CE-12-02 04:10:49,489,CE,489,12,2,04:10:49,Julian,saturn,152,Approaching perihelion,1893014.181262555299,0470 CE-10-16 16:21:01,1340465434.655214548111,1487477227.680031538010,147011793.024816989899,147011793.024800360203,-0.000010281801,2
3_6,1907646.890462938230,0510 CE-11-08 09:22:16,510,CE,510,11,8,09:22:16,Julian,saturn,153,Receding from perihelion,1903839.421712705167,0500 CE-06-05 22:07:16,1338788048.115194797516,1486121366.210183143616,147333318.094988346100,147333318.094993710518,-0.000010281801,2
3_6,1910672.143728984287,0519 CE-02-19 15:26:58,519,CE,519,2,19,15:26:58,Julian,saturn,153,Approaching perihelion,1903839.421712705167,0500 CE-06-05 22:07:16,1338788048.115194797516,1487675617.653457880020,148887569.538263082504,148887569.538253337145,-0.000010281801,2
3_6,1918553.473200401058,0540 CE-09-17 23:21:25,540,CE,540,9,17,23:21:25,Julian,saturn,154,Receding from perihelion,1914557.062670972431,0529 CE-10-09 13:30:15,1340375396.756207227707,1489530973.240244626999,149155576.484037399292,149155576.484042942524,-0.000010281801,2
3_6,1921553.039047487546,0548 CE-12-04 12:56:14,548,CE,548,12,4,12:56:14,Julian,saturn,154,Approaching perihelion,1914557.062670972431,0529 CE-10-09 13:30:15,1340375396.756207227707,1487386257.287225723267,147010860.531018495560,147010860.531011104584,-0.000010281801,2
3_6,1929206.574888788629,0569 CE-11-18 01:47:50,569,CE,569,11,18,01:47:50,Julian,saturn,155,Receding from perihelion,1925393.363526945002,0559 CE-06-10 20:43:29,1339087389.788578033447,1486250811.427893400192,147163421.639315366745,147163421.639315456152,-0.000010281801,2
3_6,1932221.381737300428,0578 CE-02-18 21:09:42,578,CE,578,2,18,21:09:42,Julian,saturn,155,Approaching perihelion,1925393.363526945002,0559 CE-06-10 20:43:29,1339087389.788578033447,1487927982.326273441315,148840592.537695407867,148840592.537690460682,-0.000010281801,2
3_6,1940111.106879316969,0599 CE-09-26 14:33:54,599,CE,599,9,26,14:33:54,Julian,saturn,156,Receding from perihelion,1936103.811869513476,0588 CE-10-06 07:29:06,1340388883.043424606323,1489225730.937946319580,148836847.894521713257,148836847.894511878490,-0.000010281801,4
3_6,1942947.944562445162,0607 CE-07-03 10:40:10,607,CE,607,7,3,10:40:10,Julian,saturn,156,Approaching perihelion,1936103.811869513476,0588 CE-10-06 07:29:06,1340388883.043424606323,1492350943.795907497406,151962060.752482891083,151962060.752481758595,-0.000010281801,4
3_6,1943009.612489552237,0607 CE-09-03 02:41:59,607,CE,607,9,3,02:41:59,Julian,saturn,156,Approaching perihelion,1936103.811869513476,0588 CE-10-06 07:29:06,1340388883.043424606323,1490260053.058939218521,149871170.015514612198,149871170.015513628721,-0.000010281801,4
3_6,1943086.240551428869,0607 CE-11-18 17:46:24,607,CE,607,11,18,17:46:24,Julian,saturn,156,Approaching perihelion,1936103.811869513476,0588 CE-10-06 07:29:06,1340388883.043424606323,1487556684.118093252182,147167801.074668645859,147167801.074669778347,-0.000010281801,4
3_6,1950794.932484268211,0628 CE-12-26 10:22:47,628,CE,628,12,26,10:22:47,Julian,saturn,157,Receding from perihelion,1946949.126386899501,0618 CE-06-16 15:01:59,1339885905.708651542664,1487033908.806267976761,147148003.097616434097,147148003.097616404295,-0.000010281801,2
3_6,1953761.792846508324,0637 CE-02-09 07:01:42,637,CE,637,2,9,07:01:42,Julian,saturn,157,Approaching perihelion,1946949.126386899501,0618 CE-06-16 15:01:59,1339885905.708651542664,1488315591.385647058487,148429685.676995515823,148429685.677023321390,-0.000010281801,2
3_6,1961672.501436486142,0658 CE-10-08 00:02:04,658,CE,658,10,8,00:02:04,Julian,saturn,158,Receding from perihelion,1957657.862923527602,0647 CE-10-11 08:42:37,1340526146.074232101440,1488905068.132606983185,148378922.058374881744,148378922.058365404606,-0.000010281801,2
3_6,1964465.440998242237,0666 CE-05-31 22:35:02,666,CE,666,5,31,22:35:02,Julian,saturn,158,Approaching perihelion,1957657.862923527602,0647 CE-10-11 08:42:37,1340526146.074232101440,1492680368.509944200516,152154222.435712099075,152154222.435714662075,-0.000010281801,2
3_6,1972526.716107490240,0688 CE-06-26 05:11:12,688,CE,688,6,26,05:11:12,Julian,saturn,159,Receding from perihelion,1968500.122872606618,0677 CE-06-17 14:56:56,1340692031.542881727219,1492758980.468628644943,152066948.925746917725,152066948.925749003887,-0.000010281801,2
3_6,1975293.341441582656,0696 CE-01-22 20:11:41,696,CE,696,1,22,20:11:41,Julian,saturn,159,Approaching perihelion,1968500.122872606618,0677 CE-06-17 14:56:56,1340692031.542881727219,1488450848.041146993637,147758816.498265266418,147758816.498269647360,-0.000010281801,2
3_6,1983244.765201043105,0717 CE-10-30 06:21:53,717,CE,717,10,30,06:21:53,Julian,saturn,160,Receding from perihelion,1979208.607310480205,0706 CE-10-12 02:34:32,1341146770.571027517319,1488770257.957423686981,147623487.386396169662,147623487.386396110058,-0.000010281801,2
3_6,1985978.781357064610,0725 CE-04-25 06:45:09,725,CE,725,4,25,06:45:09,Julian,saturn,160,Approaching perihelion,1979208.607310480205,0706 CE-10-12 02:34:32,1341146770.571027517319,1492599718.500346183777,151452947.929318666458,151452947.929313004017,-0.000010281801,2
3_6,1994109.765616090503,0747 CE-07-30 06:22:29,747,CE,747,7,30,06:22:29,Julian,saturn,161,Receding from perihelion,1990049.365164246643,0736 CE-06-16 20:45:50,1341716976.450612306595,1493017046.201810121536,151300069.751197814941,151300069.751199454069,-0.000010281801,2
3_6,1996811.920621273573,0754 CE-12-22 10:05:42,754,CE,754,12,22,10:05:42,Julian,saturn,161,Approaching perihelion,1990049.365164246643,0736 CE-06-16 20:45:50,1341716976.450612306595,1488806553.295401811600,147089576.844789505005,147089576.844792753458,-0.000010281801,2
3_6,2004816.993571332656,0776 CE-11-21 11:50:45,776,CE,776,11,21,11:50:45,Julian,saturn,162,Receding from perihelion,2000754.751962192822,0765 CE-10-08 06:02:50,1341695900.442512750626,1488848345.081946849823,147152444.639434099197,147152444.639436066151,-0.000010281801,2
3_6,2007493.703471289016,0784 CE-03-21 04:52:59,784,CE,784,3,21,04:52:59,Julian,saturn,162,Approaching perihelion,2000754.751962192822,0765 CE-10-08 06:02:50,1341695900.442512750626,1491800862.917280197144,150104962.474767446518,150104962.474818229675,-0.000010281801,2
3_6,2015687.818689251784,0806 CE-08-27 07:38:55,806,CE,806,8,27,07:38:55,Julian,saturn,163,Receding from perihelion,2011585.429641195573,0795 CE-06-03 22:18:41,1342976528.813949346542,1493209275.241577863693,150232746.427628517151,150232746.427628487349,-0.000010281801,2
3_6,2018136.588305598591,0813 CE-05-11 02:07:10,813,CE,813,5,11,02:07:10,Julian,saturn,163,Approaching perihelion,2011585.429641195573,0795 CE-06-03 22:18:41,1342976528.813949346542,1494814601.335252285004,151838072.521302938461,151838072.521301209927,-0.000010281801,2
3_6,2026413.580719402293,0836 CE-01-08 01:56:14,836,CE,836,1,8,01:56:14,Julian,saturn,164,Receding from perihelion,2022295.466416737763,0824 CE-09-28 23:11:38,1342464641.769992351532,1489795825.659021854401,147331183.889029502869,147331183.889029234648,-0.000010281801,4
3_6,2026443.027334593004,0836 CE-02-06 12:39:22,836,CE,836,2,6,12:39:22,Julian,saturn,164,Receding from perihelion,2022295.466416737763,0824 CE-09-28 23:11:38,1342464641.769992351532,1490683172.695844173431,148218530.925851821899,148218530.925852090120,-0.000010281801,4
3_6,2026580.152830629842,0836 CE-06-22 15:40:05,836,CE,836,6,22,15:40:05,Julian,saturn,164,Receding from perihelion,2022295.466416737763,0824 CE-09-28 23:11:38,1342464641.769992351532,1494582781.712415218353,152118139.942422866821,152118139.942430883646,-0.000010281801,4
3_6,2029005.092522707069,0843 CE-02-11 14:13:14,843,CE,843,2,11,14:13:14,Julian,saturn,164,Approaching perihelion,2022295.466416737763,0824 CE-09-28 23:11:38,1342464641.769992351532,1490896912.904711484909,148432271.134719133377,148432271.134719848633,-0.000010281801,4
3_6,2037257.342861086130,0865 CE-09-15 20:13:43,865,CE,865,9,15,20:13:43,Julian,saturn,165,Receding from perihelion,2033114.850628467044,0854 CE-05-14 08:24:54,1344062624.662749052048,1493455105.484017848969,149392480.821268796921,149392480.821265131235,-0.000010281801,2
3_6,2039643.730383687187,0872 CE-03-29 05:31:45,872,CE,872,3,29,05:31:45,Julian,saturn,165,Approaching perihelion,2033114.850628467044,0854 CE-05-14 08:24:54,1344062624.662749052048,1494466262.892991781235,150403638.230242729187,150403638.230281949043,-0.000010281801,2
3_6,2048153.653899997706,0895 CE-07-17 03:41:37,895,CE,895,7,17,03:41:37,Julian,saturn,166,Receding from perihelion,2043821.197577482089,0883 CE-09-05 16:44:31,1343227018.646158695221,1494948119.122769355774,151721100.476610660553,151721100.476617008448,-0.000010281801,4
3_6,2050302.288846619893,0901 CE-06-03 18:55:56,901,CE,901,6,3,18:55:56,Julian,saturn,166,Approaching perihelion,2043821.197577482089,0883 CE-09-05 16:44:31,1343227018.646158695221,1495371440.286832809448,152144421.640674114227,152144421.640677124262,-0.000010281801,4
3_6,2050404.925341491355,0901 CE-09-14 10:12:30,901,CE,901,9,14,10:12:30,Julian,saturn,166,Approaching perihelion,2043821.197577482089,0883 CE-09-05 16:44:31,1343227018.646158695221,1492696252.620388269424,149469233.974229574203,149469233.974229663610,-0.000010281801,4
3_6,2050491.839154581074,0901 CE-12-10 08:08:23,901,CE,901,12,10,08:08:23,Julian,saturn,166,Approaching perihelion,2043821.197577482089,0883 CE-09-05 16:44:31,1343227018.646158695221,1490261872.454694509506,147034853.808535814285,147034853.808533936739,-0.000010281801,4
3_6,2058824.066788034979,0924 CE-10-02 13:36:10,924,CE,924,10,2,13:36:10,Julian,saturn,167,Receding from perihelion,2054633.613605713937,0913 CE-04-13 02:43:36,1345197379.016654014587,1493884837.575742244720,148687458.559088230133,148687458.559090912342,-0.000010281801,2
3_6,2061155.301931072026,0931 CE-02-19 19:14:47,931,CE,931,2,19,19:14:47,Julian,saturn,167,Approaching perihelion,2054633.613605713937,0913 CE-04-13 02:43:36,1345197379.016654014587,1493922115.118502140045,148724736.101848125458,148724736.101855307817,-0.000010281801,2
3_6,2069710.035106214229,0954 CE-07-23 12:50:33,954,CE,954,7,23,12:50:33,Julian,saturn,168,Receding from perihelion,2065342.517525470350,0942 CE-08-08 00:25:14,1343808727.032552242279,1495362896.462435007095,151554169.429882764816,151554169.429884105921,-0.000010281801,2
3_6,2071793.938829892082,0960 CE-04-06 10:31:55,960,CE,960,4,6,10:31:55,Julian,saturn,168,Approaching perihelion,2065342.517525470350,0942 CE-08-08 00:25:14,1343808727.032552242279,1494516856.892351865768,150708129.859799623489,150708129.859799653292,-0.000010281801,2
3_6,2080376.701293231454,0983 CE-10-06 04:49:52,983,CE,983,10,6,04:49:52,Julian,saturn,169,Receding from perihelion,2076139.621697640279,0972 CE-02-29 02:55:15,1345943300.980178117752,1494540239.546462059021,148596938.566283941269,148596938.566279381514,-0.000010281801,2
3_6,2082666.228250297718,0990 CE-01-11 17:28:41,990,CE,990,1,11,17:28:41,Julian,saturn,169,Approaching perihelion,2076139.621697640279,0972 CE-02-29 02:55:15,1345943300.980178117752,1493345535.497018098831,147402234.516839981079,147402234.516839534044,-0.000010281801,2
3_6,2091256.421484224964,1013 CE-07-19 22:06:56,1013,CE,1013,7,19,22:06:56,Julian,saturn,170,Receding from perihelion,2086853.348941954551,1001 CE-06-29 20:22:29,1344283247.952728509903,1495939207.409515857697,151655959.456787347794,151655959.456790179014,-0.000010281801,2
3_6,2093306.644294482423,1019 CE-03-01 03:27:47,1019,CE,1019,3,1,03:27:47,Julian,saturn,170,Approaching perihelion,2086853.348941954551,1001 CE-06-29 20:22:29,1344283247.952728509903,1493376341.049911499023,149093093.097182989120,149093093.097204327583,-0.000010281801,2
3_6,2101920.444787846413,1042 CE-09-29 22:40:30,1042,CE,1042,9,29,22:40:30,Julian,saturn,171,Receding from perihelion,2097645.699331980664,1031 CE-01-16 04:47:02,1346465008.383502483368,1495338952.331371068954,148873943.947868585587,148873943.947912871838,-0.000010281801,2
3_6,2103977.886268388480,1048 CE-05-18 09:16:14,1048,CE,1048,5,18,09:16:14,Julian,saturn,171,Approaching perihelion,2097645.699331980664,1031 CE-01-16 04:47:02,1346465008.383502483368,1498398542.971817493439,151933534.588315010071,151933534.588319212198,-0.000010281801,2
3_6,2112565.340957827866,1071 CE-11-21 20:10:59,1071,CE,1071,11,21,20:10:59,Julian,saturn,172,Receding from perihelion,2108358.262738431338,1060 CE-05-15 18:18:21,1344294239.454320430756,1491505771.182985067368,147211531.728664636612,147211531.728662192822,-0.000010281801,4
3_6,2112699.279079029802,1072 CE-04-03 18:41:52,1072,CE,1072,4,3,18:41:52,Julian,saturn,172,Receding from perihelion,2108358.262738431338,1060 CE-05-15 18:18:21,1344294239.454320430756,1494851291.969321012497,150557052.515000581741,150557052.514998674393,-0.000010281801,4
3_6,2112769.518507279456,1072 CE-06-13 00:26:39,1072,CE,1072,6,13,00:26:39,Julian,saturn,172,Receding from perihelion,2108358.262738431338,1060 CE-05-15 18:18:21,1344294239.454320430756,1496452882.225146055222,152158642.770825624466,152158642.770830899477,-0.000010281801,4
3_6,2114830.991652033292,1078 CE-02-03 11:47:59,1078,CE,1078,2,3,11:47:59,Julian,saturn,172,Approaching perihelion,2108358.262738431338,1060 CE-05-15 18:18:21,1344294239.454320430756,1492352341.223777770996,148058101.769457340240,148058101.769455850124,-0.000010281801,4
3_6,2123455.362006258219,1101 CE-09-14 20:41:17,1101,CE,1101,9,14,20:41:17,Julian,saturn,173,Receding from perihelion,2119144.201302330475,1089 CE-11-25 16:49:53,1346671391.347997188568,1496209944.156066656113,149538552.808069467545,149538552.808054447174,-0.000010281801,2
3_6,2125504.876368965488,1107 CE-04-26 09:01:58,1107,CE,1107,4,26,09:01:58,Julian,saturn,173,Approaching perihelion,2119144.201302330475,1089 CE-11-25 16:49:53,1346671391.347997188568,1498011528.635084629059,151340137.287087440491,151340137.287083029747,-0.000010281801,2
3_6,2134080.750205876771,1130 CE-10-18 06:00:18,1130,CE,1130,10,18,06:00:18,Julian,saturn,174,Receding from perihelion,2129867.347611584235,1119 CE-04-05 20:20:34,1344230455.933187484741,1492407764.692888498306,148177308.759701013565,148177308.759704232216,-0.000010281801,2
3_6,2136364.116466233507,1137 CE-01-17 14:47:43,1137,CE,1137,1,17,14:47:43,Julian,saturn,174,Approaching perihelion,2129867.347611584235,1119 CE-04-05 20:20:34,1344230455.933187484741,1491759002.853827238083,147528546.920639753342,147528546.920642435551,-0.000010281801,2
3_6,2144977.375731617678,1160 CE-08-17 21:01:03,1160,CE,1160,8,17,21:01:03,Julian,saturn,175,Receding from perihelion,2140646.362737217918,1148 CE-10-08 20:42:20,1346386708.057841300964,1497117318.589514970779,150730610.531673669815,150730610.531701922417,-0.000010281801,2
3_6,2147052.217467521783,1166 CE-04-23 17:13:09,1166,CE,1166,4,23,17:13:09,Julian,saturn,175,Approaching perihelion,2140646.362737217918,1148 CE-10-08 20:42:20,1346386708.057841300964,1497627050.289200067520,151240342.231358766556,151240342.231371670961,-0.000010281801,2
3_6,2155597.441818187013,1189 CE-09-14 22:36:13,1189,CE,1189,9,14,22:36:13,Julian,saturn,176,Receding from perihelion,2151378.310234310105,1178 CE-02-25 19:26:44,1343852592.052592515945,1493428294.977246761322,149575702.924654245377,149575702.924666076899,-0.000010281801,2
3_6,2157908.942403901834,1196 CE-01-13 10:37:04,1196,CE,1196,1,13,10:37:04,Julian,saturn,176,Approaching perihelion,2151378.310234310105,1178 CE-02-25 19:26:44,1343852592.052592515945,1491248191.762759208679,147395599.710166692734,147395599.710164338350,-0.000010281801,2
3_6,2166500.105518580880,1219 CE-07-22 14:31:57,1219,CE,1219,7,22,14:31:57,Julian,saturn,177,Receding from perihelion,2162153.102067417465,1207 CE-08-27 14:26:59,1346195734.471273899078,1497837011.169316291809,151641276.698042392731,151641276.698048979044,-0.000010281801,2
3_6,2168603.934573153034,1225 CE-04-25 10:25:47,1225,CE,1225,4,25,10:25:47,Julian,saturn,177,Approaching perihelion,2162153.102067417465,1207 CE-08-27 14:26:59,1346195734.471273899078,1497482334.991073131561,151286600.519799232483,151286600.519822150469,-0.000010281801,2
3_6,2177112.630852506962,1248 CE-08-11 03:08:26,1248,CE,1248,8,11,03:08:26,Julian,saturn,178,Receding from perihelion,2172901.432374441996,1237 CE-01-29 22:22:37,1343329393.555340766907,1494346722.449292182922,151017328.893951416016,151017328.893957942724,-0.000010281801,2
3_6,2179468.648997624870,1255 CE-01-23 03:34:33,1255,CE,1255,1,23,03:34:33,Julian,saturn,178,Approaching perihelion,2172901.432374441996,1237 CE-01-29 22:22:37,1343329393.555340766907,1490966358.448851108551,147636964.893510341644,147636964.893507957458,-0.000010281801,2
3_6,2187819.093958398327,1277 CE-12-03 14:15:18,1277,CE,1277,12,3,14:15:18,Julian,saturn,179,Receding from perihelion,2183660.191899202764,1266 CE-07-15 16:36:20,1345673953.637118101120,1492776607.109837055206,147102653.472718954086,147102653.472721427679,-0.000010281801,4
3_6,2187947.284431670327,1278 CE-04-10 18:49:35,1278,CE,1278,4,10,18:49:35,Julian,saturn,179,Receding from perihelion,2183660.191899202764,1266 CE-07-15 16:36:20,1345673953.637118101120,1496399560.070604801178,150725606.433486700058,150725606.433486700058,-0.000010281801,4
3_6,2187997.810287130997,1278 CE-05-31 07:26:49,1278,CE,1278,5,31,07:26:49,Julian,saturn,179,Receding from perihelion,2183660.191899202764,1266 CE-07-15 16:36:20,1345673953.637118101120,1497731756.559626340866,152057802.922508239746,152057802.922507137060,-0.000010281801,4
3_6,2190162.734527118038,1284 CE-05-04 05:37:43,1284,CE,1284,5,4,05:37:43,Julian,saturn,179,Approaching perihelion,2183660.191899202764,1266 CE-07-15 16:36:20,1345673953.637118101120,1497216214.928135633469,151542261.291017532349,151542261.291007757187,-0.000010281801,4
3_6,2198634.576167435385,1307 CE-07-15 01:49:41,1307,CE,1307,7,15,01:49:41,Julian,saturn,180,Receding from perihelion,2194431.566538842861,1296 CE-01-11 01:35:49,1343115716.915531635284,1494951422.664381027222,151835705.748849391937,151835705.748839348555,-0.000010281801,2
3_6,2201027.378682578448,1314 CE-01-31 21:05:18,1314,CE,1314,1,31,21:05:18,Julian,saturn,180,Approaching perihelion,2194431.566538842861,1296 CE-01-11 01:35:49,1343115716.915531635284,1491012813.913708209991,147897096.998176574707,147897096.998180240393,-0.000010281801,2
3_6,2209341.660395017359,1336 CE-11-06 03:50:58,1336,CE,1336,11,6,03:50:58,Julian,saturn,181,Receding from perihelion,2205175.976830414031,1325 CE-06-11 11:26:38,1345157685.929270505905,1492776870.260024309158,147619184.330753803253,147619184.330757886171,-0.000010281801,2
3_6,2211728.949601531494,1343 CE-05-21 10:47:26,1343,CE,1343,5,21,10:47:26,Julian,saturn,181,Approaching perihelion,2205175.976830414031,1325 CE-06-11 11:26:38,1345157685.929270505905,1497064197.512494087219,151906511.583223581314,151906511.583215653896,-0.000010281801,2
3_6,2219986.141139982734,1365 CE-12-28 15:23:14,1365,CE,1365,12,28,15:23:14,Julian,saturn,182,Receding from perihelion,2215973.468327426817,1355 CE-01-02 23:14:23,1342878289.507409811020,1490004413.758973598480,147126124.251563787460,147126124.251563251019,-0.000010281801,4
3_6,2220057.688900451642,1366 CE-03-10 04:32:01,1366,CE,1366,3,10,04:32:01,Julian,saturn,182,Receding from perihelion,2215973.468327426817,1355 CE-01-02 23:14:23,1342878289.507409811020,1492234717.588578224182,149356428.081168413162,149356428.081165879965,-0.000010281801,4
3_6,2220152.592110756319,1366 CE-06-13 02:12:38,1366,CE,1366,6,13,02:12:38,Julian,saturn,182,Receding from perihelion,2215973.468327426817,1355 CE-01-02 23:14:23,1342878289.507409811020,1495015432.338287115097,152137142.830877304077,152137142.830875426531,-0.000010281801,4
3_6,2222586.399001328740,1373 CE-02-09 21:34:34,1373,CE,1373,2,9,21:34:34,Julian,saturn,182,Approaching perihelion,2215973.468327426817,1355 CE-01-02 23:14:23,1342878289.507409811020,1491080780.641901493073,148202491.134491682053,148202491.134480267763,-0.000010281801,4
3_6,2230882.282507167663,1395 CE-10-28 18:46:49,1395,CE,1395,10,28,18:46:49,Julian,saturn,183,Receding from perihelion,2226697.184291254729,1384 CE-05-13 16:25:23,1344856853.320148468018,1492770936.809696674347,147914083.489548206329,147914083.489556819201,-0.000010281801,2
3_6,2233288.004612904508,1402 CE-05-30 12:06:39,1402,CE,1402,5,30,12:06:39,Julian,saturn,183,Approaching perihelion,2226697.184291254729,1384 CE-05-13 16:25:23,1344856853.320148468018,1496893181.148608207703,152036327.828459739685,152036327.828459769487,-0.000010281801,2
3_6,2241533.841067724861,1424 CE-12-26 08:11:08,1424,CE,1424,12,26,08:11:08,Julian,saturn,184,Receding from perihelion,2237525.589907115791,1414 CE-01-05 02:09:28,1343038138.948917865753,1490147596.382700681686,147109457.433782815933,147109457.433785885572,-0.000010281801,4
3_6,2241615.957032580860,1425 CE-03-18 10:58:08,1425,CE,1425,3,18,10:58:08,Julian,saturn,184,Receding from perihelion,2237525.589907115791,1414 CE-01-05 02:09:28,1343038138.948917865753,1492740862.407395124435,149702723.458477258682,149702723.458476513624,-0.000010281801,4
3_6,2241696.569002584554,1425 CE-06-07 01:39:22,1425,CE,1425,6,7,01:39:22,Julian,saturn,184,Receding from perihelion,2237525.589907115791,1414 CE-01-05 02:09:28,1343038138.948917865753,1495138963.635268926620,152100824.686351060867,152100824.686347544193,-0.000010281801,4
3_6,2244141.587390855420,1432 CE-02-16 02:05:51,1432,CE,1432,2,16,02:05:51,Julian,saturn,184,Approaching perihelion,2237525.589907115791,1414 CE-01-05 02:09:28,1343038138.948917865753,1491430060.318731307983,148391921.369813442230,148391921.369821369648,-0.000010281801,4
3_6,2252430.205745940097,1454 CE-10-26 16:56:16,1454,CE,1454,10,26,16:56:16,Julian,saturn,185,Receding from perihelion,2248237.241270166822,1443 CE-05-04 17:47:26,1344581153.331176757812,1492577565.312644481659,147996411.981467723846,147996411.981455981731,-0.000010281801,2
3_6,2254841.913108258974,1461 CE-06-03 09:54:53,1461,CE,1461,6,3,09:54:53,Julian,saturn,185,Approaching perihelion,2248237.241270166822,1443 CE-05-04 17:47:26,1344581153.331176757812,1496651116.154865264893,152069962.823688507080,152069962.823693811893,-0.000010281801,2
3_6,2263264.986194251105,1484 CE-06-25 11:40:07,1484,CE,1484,6,25,11:40:07,Julian,saturn,186,Receding from perihelion,2259076.659584485460,1473 CE-01-06 03:49:48,1343448233.929328441620,1495548380.707216501236,152100146.777888059616,152100146.777894884348,-0.000010281801,2
3_6,2265688.885508370120,1491 CE-02-13 09:15:08,1491,CE,1491,2,13,09:15:08,Julian,saturn,186,Approaching perihelion,2259076.659584485460,1473 CE-01-06 03:49:48,1343448233.929328441620,1491727642.105899572372,148279408.176571130753,148279408.176524281502,-0.000010281801,2
3_6,2273993.229361327365,1513 CE-11-08 17:30:17,1513,CE,1513,11,8,17:30:17,Julian,saturn,187,Receding from perihelion,2269787.408683389891,1502 CE-05-04 21:48:30,1344698381.403357028961,1492306034.516547203064,147607653.113190174103,147607653.113188892603,-0.000010281801,2
3_6,2276380.072379481047,1520 CE-05-22 13:44:14,1520,CE,1520,5,22,13:44:14,Julian,saturn,187,Approaching perihelion,2269787.408683389891,1502 CE-05-04 21:48:30,1344698381.403357028961,1496593194.861136436462,151894813.457779407501,151894813.457786738873,-0.000010281801,2
3_6,2284842.328566578217,1543 CE-07-23 19:53:08,1543,CE,1543,7,23,19:53:08,Julian,saturn,188,Receding from perihelion,2280634.761979813688,1532 CE-01-15 06:17:15,1344119896.725488424301,1495793510.281875848770,151673613.556387424469,151673613.556392252445,-0.000010281801,2
3_6,2287228.688753711525,1550 CE-02-03 04:31:48,1550,CE,1550,2,3,04:31:48,Julian,saturn,188,Approaching perihelion,2280634.761979813688,1532 CE-01-15 06:17:15,1344119896.725488424301,1492028443.472122192383,147908546.746633768082,147908546.746635496616,-0.000010281801,2
3_6,2295562.857236921787,1572 CE-11-28 08:34:25,1572,CE,1572,11,28,08:34:25,Julian,saturn,189,Receding from perihelion,2291337.537801325787,1561 CE-05-05 00:54:26,1344914012.732245445251,1492122443.543371200562,147208430.811125755310,147208430.811135351658,-0.000010281801,2
3_6,2297908.235533337109,1579 CE-05-01 17:39:10,1579,CE,1579,5,1,17:39:10,Julian,saturn,189,Approaching perihelion,2291337.537801325787,1561 CE-05-05 00:54:26,1344914012.732245445251,1496258854.639044284821,151344841.906798839569,151344841.906800985336,-0.000010281801,2
3_6,2306423.567547831219,1602 CE-09-03 01:37:16,1602,CE,1602,9,3,01:37:16,Gregorian,saturn,190,Receding from perihelion,2302187.678863267414,1591 CE-01-28 04:17:34,1345129146.719933271408,1495793629.203848838806,150664482.483915567398,150664482.483912229538,-0.000010281801,2
3_6,2308753.506979183760,1609 CE-01-19 00:10:03,1609,CE,1609,1,19,00:10:03,Gregorian,saturn,190,Approaching perihelion,2302187.678863267414,1591 CE-01-28 04:17:34,1345129146.719933271408,1492396179.835616588593,147267033.115683317184,147267033.115681976080,-0.000010281801,2
3_6,2317344.308025749400,1632 CE-07-27 19:23:33,1632,CE,1632,7,27,19:23:33,Gregorian,saturn,191,Receding from perihelion,2312892.252818033565,1620 CE-05-19 18:04:03,1345439700.838425397873,1497249938.803869485855,151810237.965444087982,151810237.965434700251,-0.000010281801,2
3_6,2319430.626110639423,1638 CE-04-14 03:01:36,1638,CE,1638,4,14,03:01:36,Gregorian,saturn,191,Approaching perihelion,2312892.252818033565,1620 CE-05-19 18:04:03,1345439700.838425397873,1495757568.848903179169,150317868.010477781296,150317868.010480165482,-0.000010281801,2
3_6,2327998.531987732276,1661 CE-09-28 00:46:04,1661,CE,1661,9,28,00:46:04,Gregorian,saturn,192,Receding from perihelion,2323733.930438521318,1650 CE-01-24 10:19:50,1346068102.114937305450,1495701020.932833671570,149632918.817896366119,149632918.817900270224,-0.000010281801,2
3_6,2330069.961826677900,1667 CE-05-31 11:05:02,1667,CE,1667,5,31,11:05:02,Gregorian,saturn,192,Approaching perihelion,2323733.930438521318,1650 CE-01-24 10:19:50,1346068102.114937305450,1497890335.726007938385,151822233.611070632935,151822233.611079216003,-0.000010281801,2
3_6,2338928.119293284602,1691 CE-08-31 14:51:47,1691,CE,1691,8,31,14:51:47,Gregorian,saturn,193,Receding from perihelion,2334438.417268156074,1679 CE-05-16 22:00:52,1346114263.738978624344,1496918218.772810935974,150803955.033832311630,150803955.033818930387,-0.000010281801,2
3_6,2340945.214657124598,1697 CE-03-09 17:09:06,1697,CE,1697,3,9,17:09:06,Gregorian,saturn,193,Approaching perihelion,2334438.417268156074,1679 CE-05-16 22:00:52,1346114263.738978624344,1494903210.654749155045,148788946.915770530701,148788946.915762454271,-0.000010281801,2
3_6,2349579.623963111080,1720 CE-10-30 02:58:30,1720,CE,1720,10,30,02:58:30,Gregorian,saturn,194,Receding from perihelion,2345275.941919741686,1709 CE-01-17 10:36:22,1347318402.353641033173,1495672158.528569698334,148353756.174928665161,148353756.174926012754,-0.000010281801,2
3_6,2351578.455110291950,1726 CE-04-20 22:55:22,1726,CE,1726,4,20,22:55:22,Gregorian,saturn,194,Approaching perihelion,2345275.941919741686,1709 CE-01-17 10:36:22,1347318402.353641033173,1497831772.469394445419,150513370.115753412247,150513370.115745991468,-0.000010281801,2
3_6,2360499.671833831351,1750 CE-09-23 04:07:26,1750,CE,1750,9,23,04:07:26,Gregorian,saturn,195,Receding from perihelion,2355978.924649598077,1738 CE-05-08 10:11:30,1346673155.413300752640,1496609043.649553298950,149935888.236252546310,149935888.236253857613,-0.000010281801,4
3_6,2362228.091317011043,1755 CE-06-17 14:11:30,1755,CE,1755,6,17,14:11:30,Gregorian,saturn,195,Approaching perihelion,2355978.924649598077,1738 CE-05-08 10:11:30,1346673155.413300752640,1498718843.203709602356,152045687.790408849716,152045687.790407598019,-0.000010281801,4
3_6,2362318.181637864094,1755 CE-09-15 16:21:34,1755,CE,1755,9,15,16:21:34,Gregorian,saturn,195,Approaching perihelion,2355978.924649598077,1738 CE-05-08 10:11:30,1346673155.413300752640,1496936981.960472822189,150263826.547172069550,150263826.547173976898,-0.000010281801,4
3_6,2362450.163217667956,1756 CE-01-25 15:55:02,1756,CE,1756,1,25,15:55:02,Gregorian,saturn,195,Approaching perihelion,2355978.924649598077,1738 CE-05-08 10:11:30,1346673155.413300752640,1494013908.472944736481,147340753.059643983841,147340753.059641689062,-0.000010281801,4
3_6,2371161.350395265967,1779 CE-12-01 20:24:34,1779,CE,1779,12,1,20:24:34,Gregorian,saturn,196,Receding from perihelion,2366803.851209984627,1767 CE-12-27 08:25:45,1348418603.312770605087,1495820870.521979808807,147402267.209209203720,147402267.209218740463,-0.000010281801,4
3_6,2371307.219976891764,1780 CE-04-25 17:16:46,1780,CE,1780,4,25,17:16:46,Gregorian,saturn,196,Receding from perihelion,2366803.851209984627,1767 CE-12-27 08:25:45,1348418603.312770605087,1499117790.712119340897,150699187.399348735809,150699187.399348378181,-0.000010281801,4
3_6,2371376.988549844362,1780 CE-07-04 11:43:31,1780,CE,1780,7,4,11:43:31,Gregorian,saturn,196,Receding from perihelion,2366803.851209984627,1767 CE-12-27 08:25:45,1348418603.312770605087,1500527242.557573556900,152108639.244802951813,152108639.244805514812,-0.000010281801,4
3_6,2373089.832525002304,1785 CE-03-13 07:58:50,1785,CE,1785,3,13,07:58:50,Gregorian,saturn,196,Approaching perihelion,2366803.851209984627,1767 CE-12-27 08:25:45,1348418603.312770605087,1497276800.823987483978,148858197.511216878891,148858197.511227041483,-0.000010281801,4
3_6,2382072.880126362201,1809 CE-10-17 09:07:23,1809,CE,1809,10,17,09:07:23,Gregorian,saturn,197,Receding from perihelion,2377510.485219713766,1797 CE-04-19 23:38:43,1347490661.209900617599,1496442189.574012994766,148951528.364112377167,148951528.364136874676,-0.000010281801,2
3_6,2383717.241830658633,1814 CE-04-18 17:48:14,1814,CE,1814,4,18,17:48:14,Gregorian,saturn,197,Approaching perihelion,2377510.485219713766,1797 CE-04-19 23:38:43,1347490661.209900617599,1497839597.039504289627,150348935.829603672028,150348935.829597145319,-0.000010281801,2
3_6,2392746.214244463947,1839 CE-01-06 17:08:31,1839,CE,1839,1,6,17:08:31,Gregorian,saturn,198,Receding from perihelion,2388325.848302450031,1826 CE-11-30 08:21:33,1349294811.001446723938,1496399662.477640867233,147104851.476194143295,147104851.476194620132,-0.000010281801,6
3_6,2392797.846404272597,1839 CE-02-27 08:18:49,1839,CE,1839,2,27,08:18:49,Gregorian,saturn,198,Receding from perihelion,2388325.848302450031,1826 CE-11-30 08:21:33,1349294811.001446723938,1497533365.905895471573,148238554.904448747635,148238554.904448688030,-0.000010281801,6
3_6,2392964.990120923612,1839 CE-08-13 11:45:46,1839,CE,1839,8,13,11:45:46,Gregorian,saturn,198,Receding from perihelion,2388325.848302450031,1826 CE-11-30 08:21:33,1349294811.001446723938,1500801143.987177610397,151506332.985730886459,151506332.985736578703,-0.000010281801,6
3_6,2394372.467363303527,1843 CE-06-20 23:13:00,1843,CE,1843,6,20,23:13:00,Gregorian,saturn,198,Approaching perihelion,2388325.848302450031,1826 CE-11-30 08:21:33,1349294811.001446723938,1501353552.550458908081,152058741.549012184143,152058741.549017399549,-0.000010281801,6
3_6,2394452.954616801348,1843 CE-09-09 10:54:39,1843,CE,1843,9,9,10:54:39,Gregorian,saturn,198,Approaching perihelion,2388325.848302450031,1826 CE-11-30 08:21:33,1349294811.001446723938,1499889964.350659132004,150595153.349212408066,150595153.349214226007,-0.000010281801,6
3_6,2394601.027688858099,1844 CE-02-04 12:39:52,1844,CE,1844,2,4,12:39:52,Gregorian,saturn,198,Approaching perihelion,2388325.848302450031,1826 CE-11-30 08:21:33,1349294811.001446723938,1496807501.952537775040,147512690.951091051102,147512690.951096206903,-0.000010281801,6
3_6,2403635.792425384279,1868 CE-10-30 07:01:06,1868,CE,1868,10,30,07:01:06,Gregorian,saturn,199,Receding from perihelion,2399032.153121107724,1856 CE-03-23 15:40:30,1348013328.225924015045,1496459194.810325622559,148445866.584401607513,148445866.584397614002,-0.000010281801,4
3_6,2403853.165957124438,1869 CE-06-04 15:58:59,1869,CE,1869,6,4,15:58:59,Gregorian,saturn,199,Receding from perihelion,2399032.153121107724,1856 CE-03-23 15:40:30,1348013328.225924015045,1499843379.156453847885,151830050.930529832840,151830050.930529445410,-0.000010281801,4
3_6,2403872.335959586781,1869 CE-06-23 20:03:47,1869,CE,1869,6,23,20:03:47,Gregorian,saturn,199,Receding from perihelion,2399032.153121107724,1856 CE-03-23 15:40:30,1348013328.225924015045,1500092152.776339530945,152078824.550415515900,152078824.550415843725,-0.000010281801,4
3_6,2405223.760155544151,1873 CE-03-06 06:14:37,1873,CE,1873,3,6,06:14:37,Gregorian,saturn,199,Approaching perihelion,2399032.153121107724,1856 CE-03-23 15:40:30,1348013328.225924015045,1496519879.434268236160,148506551.208344221115,148506551.208349794149,-0.000010281801,4
3_6,2414538.793874065857,1898 CE-09-06 07:03:11,1898,CE,1898,9,6,07:03:11,Gregorian,saturn,200,Receding from perihelion,2409835.854498076718,1885 CE-10-21 08:30:29,1350232976.040328979492,1500950030.904474735260,150717054.864145755768,150717054.864143818617,-0.000010281801,2
3_6,2415869.896649255883,1902 CE-04-30 09:31:10,1902,CE,1902,4,30,09:31:10,Gregorian,saturn,200,Approaching perihelion,2409835.854498076718,1885 CE-10-21 08:30:29,1350232976.040328979492,1500968257.383961677551,150735281.343632698059,150735281.343643188477,-0.000010281801,2
3_6,2425188.505136233289,1927 CE-11-04 00:07:24,1927,CE,1927,11,4,00:07:24,Gregorian,saturn,201,Receding from perihelion,2420549.901169980876,1915 CE-02-21 09:37:41,1348405602.063611268997,1496765231.850588560104,148359629.786977291107,148359629.786975353956,-0.000010281801,6
3_6,2425376.803971042391,1928 CE-05-10 07:17:43,1928,CE,1928,5,10,07:17:43,Gregorian,saturn,201,Receding from perihelion,2420549.901169980876,1915 CE-02-21 09:37:41,1348405602.063611268997,1499505200.774929285049,151099598.711318016052,151099598.711318731308,-0.000010281801,6
3_6,2425451.200820145663,1928 CE-07-23 16:49:11,1928,CE,1928,7,23,16:49:11,Gregorian,saturn,201,Receding from perihelion,2420549.901169980876,1915 CE-02-21 09:37:41,1348405602.063611268997,1500372263.371794462204,151966661.308183193207,151966661.308183044195,-0.000010281801,6
3_6,2426473.785739152227,1931 CE-05-12 06:51:28,1931,CE,1931,5,12,06:51:28,Gregorian,saturn,201,Approaching perihelion,2420549.901169980876,1915 CE-02-21 09:37:41,1348405602.063611268997,1499546850.448567152023,151141248.384955883026,151141248.384950608015,-0.000010281801,6
3_6,2426638.558180582244,1931 CE-10-24 01:23:47,1931,CE,1931,10,24,01:23:47,Gregorian,saturn,201,Approaching perihelion,2420549.901169980876,1915 CE-02-21 09:37:41,1348405602.063611268997,1497198570.797093391418,148792968.733482122421,148792968.733479678631,-0.000010281801,6
3_6,2426729.619200498797,1932 CE-01-23 02:51:39,1932,CE,1932,1,23,02:51:39,Gregorian,saturn,201,Approaching perihelion,2420549.901169980876,1915 CE-02-21 09:37:41,1348405602.063611268997,1495646791.699076175690,147241189.635464906693,147241189.635464280844,-0.000010281801,6
3_6,2436093.204011383001,1957 CE-09-11 16:53:47,1957,CE,1957,9,11,16:53:47,Gregorian,saturn,202,Receding from perihelion,2431341.598293046467,1944 CE-09-08 02:21:33,1350696768.598202228546,1501253954.609855413437,150557186.011653184891,150557186.011647284031,-0.000010281801,2
3_6,2437393.147436519619,1961 CE-04-03 15:32:19,1961,CE,1961,4,3,15:32:19,Gregorian,saturn,202,Approaching perihelion,2431341.598293046467,1944 CE-09-08 02:21:33,1350696768.598202228546,1500315927.446513414383,149619158.848311185837,149619158.848306477070,-0.000010281801,2
3_6,2446731.767767753918,1986 CE-10-28 06:25:35,1986,CE,1986,10,28,06:25:35,Gregorian,saturn,203,Receding from perihelion,2442055.774919814896,1974 CE-01-08 06:35:53,1348671578.917247056961,1497307689.998939990997,148636111.081692934036,148636111.081687867641,-0.000010281801,4
3_6,2446932.964409271255,1987 CE-05-17 11:08:45,1987,CE,1987,5,17,11:08:45,Gregorian,saturn,203,Receding from perihelion,2442055.774919814896,1974 CE-01-08 06:35:53,1348671578.917247056961,1499959948.367790460587,151288369.450543403625,151288369.450552225113,-0.000010281801,4
3_6,2447000.570557769854,1987 CE-07-24 01:41:36,1987,CE,1987,7,24,01:41:36,Gregorian,saturn,203,Receding from perihelion,2442055.774919814896,1974 CE-01-08 06:35:53,1348671578.917247056961,1500649405.862533092499,151977826.945286035538,151977826.945284634829,-0.000010281801,4
3_6,2447997.426626380533,1990 CE-04-15 22:14:21,1990,CE,1990,4,15,22:14:21,Gregorian,saturn,203,Approaching perihelion,2442055.774919814896,1974 CE-01-08 06:35:53,1348671578.917247056961,1498785902.499437093735,150114323.582190036774,150114323.582218080759,-0.000010281801,4
3_6,2457639.147718484513,2016 CE-09-07 15:32:43,2016,CE,2016,9,7,15:32:43,Gregorian,saturn,204,Receding from perihelion,2452847.184402171988,2003 CE-07-26 16:25:32,1351003748.520987510681,1501730260.381852626801,150726511.860865116119,150726511.860840976238,-0.000010281801,2
3_6,2458926.340408889111,2020 CE-03-17 20:10:11,2020,CE,2020,3,17,20:10:11,Gregorian,saturn,204,Approaching perihelion,2452847.184402171988,2003 CE-07-26 16:25:32,1351003748.520987510681,1499890769.848027467728,148887021.327039957047,148887021.327050238848,-0.000010281801,2
