condition,status,reference_date,generated_date,delta_seconds
1_8,matched,4000 BCE-01-15 07:09:40,4000 BCE-01-15 07:09:39,-0.542729907
1_8,matched,4000 BCE-02-08 04:50:57,4000 BCE-02-08 04:50:57,0.485033076
1_8,matched,4000 BCE-04-12 20:04:53,4000 BCE-04-12 20:04:53,0.483697839
1_8,matched,4000 BCE-05-07 14:23:59,4000 BCE-05-07 14:23:59,0.259689800
1_8,matched,4000 BCE-07-09 09:26:58,4000 BCE-07-09 09:26:58,0.014742929
1_8,matched,4000 BCE-08-03 23:30:23,4000 BCE-08-03 23:30:23,0.118841138
1_8,matched,4000 BCE-10-04 23:12:42,4000 BCE-10-04 23:12:42,0.008934271
1_8,matched,4000 BCE-10-31 08:13:22,4000 BCE-10-31 08:13:22,-0.363159366
1_8,matched,4000 BCE-12-31 13:26:05,4000 BCE-12-31 13:26:05,-0.119313877
1_8,matched,3999 BCE-01-27 16:32:01,3999 BCE-01-27 16:32:01,-0.289965235
1_8,matched,3999 BCE-03-29 04:00:50,3999 BCE-03-29 04:00:50,0.233822409
1_8,matched,3999 BCE-04-26 00:26:34,3999 BCE-04-26 00:26:34,-0.368092954
1_8,matched,3999 BCE-06-24 18:57:17,3999 BCE-06-24 18:57:17,-0.201648474
1_8,matched,3999 BCE-07-23 07:57:00,3999 BCE-07-23 07:56:59,-0.307368580
1_8,matched,3999 BCE-09-20 10:14:01,3999 BCE-09-20 10:14:01,0.108777825
1_8,matched,3999 BCE-10-19 15:08:28,3999 BCE-10-19 15:08:28,-0.350148976
1_8,matched,3999 BCE-12-17 01:49:20,3999 BCE-12-17 01:49:20,0.300526433
1_8,matched,3998 BCE-01-15 22:01:40,3998 BCE-01-15 22:01:40,0.083053764
1_8,matched,3998 BCE-03-14 17:47:16,3998 BCE-03-14 17:47:16,0.391370337
1_8,matched,3998 BCE-04-14 04:35:23,3998 BCE-04-14 04:35:23,0.426252466
1_8,matched,3998 BCE-06-10 10:00:34,3998 BCE-06-10 10:00:34,0.007656869
1_8,matched,3998 BCE-07-11 10:51:44,3998 BCE-07-11 10:51:44,0.006977934
1_8,matched,3998 BCE-09-06 02:27:29,3998 BCE-09-06 02:27:29,-0.433889218
1_8,matched,3998 BCE-10-07 16:52:10,3998 BCE-10-07 16:52:10,0.390364509
1_8,matched,3998 BCE-12-02 19:09:23,3998 BCE-12-02 19:09:23,0.385119114
1_8,matched,3997 BCE-01-03 22:39:18,3997 BCE-01-03 22:39:18,0.232703425
1_8,matched,3997 BCE-02-28 12:04:11,3997 BCE-02-28 12:04:11,0.122019555
1_8,matched,3997 BCE-04-01 04:14:19,3997 BCE-04-01 04:14:19,0.041502994
1_8,matched,3997 BCE-05-26 05:13:13,3997 BCE-05-26 05:13:13,-0.052398629
1_8,matched,3997 BCE-06-28 09:37:37,3997 BCE-06-28 09:37:37,-0.199506059
1_8,matched,3997 BCE-08-21 22:28:59,3997 BCE-08-21 22:28:59,0.109051913
1_8,matched,3997 BCE-09-24 14:52:35,3997 BCE-09-24 14:52:35,-0.217183493
1_8,matched,3997 BCE-11-17 15:50:44,3997 BCE-11-17 15:50:44,0.140934158
1_8,matched,3997 BCE-12-21 20:00:16,3997 BCE-12-21 20:00:16,0.290782470
1_8,matched,3996 BCE-02-13 09:21:01,3996 BCE-02-13 09:21:01,0.350724813
1_8,matched,3996 BCE-03-20 01:01:16,3996 BCE-03-20 01:01:16,0.189965777
1_8,matched,3996 BCE-05-12 02:56:06,3996 BCE-05-12 02:56:06,0.101495627
1_8,matched,3996 BCE-06-16 06:00:48,3996 BCE-06-16 06:00:48,-0.014526676
1_8,matched,3996 BCE-08-07 20:32:14,3996 BCE-08-07 20:32:14,-0.345665496
1_8,matched,3996 BCE-09-12 10:57:44,3996 BCE-09-12 10:57:44,0.109514594
1_8,matched,3996 BCE-11-03 14:06:37,3996 BCE-11-03 14:06:37,-0.348851457
1_8,matched,3996 BCE-12-09 15:57:22,3996 BCE-12-09 15:57:22,0.180812739
1_8,matched,3995 BCE-01-30 07:37:41,3995 BCE-01-30 07:37:41,0.211867690
1_8,matched,3995 BCE-03-07 20:58:48,3995 BCE-03-07 20:58:48,0.212355517
1_8,matched,3995 BCE-04-28 01:09:07,3995 BCE-04-28 01:09:07,-0.460478291
1_8,matched,3995 BCE-06-04 02:05:37,3995 BCE-06-04 02:05:37,0.126281753
1_8,matched,3995 BCE-07-24 18:31:47,3995 BCE-07-24 18:31:47,-0.025683828
1_8,matched,3995 BCE-08-31 07:21:26,3995 BCE-08-31 07:21:26,-0.220824592
1_8,matched,3995 BCE-10-20 11:44:08,3995 BCE-10-20 11:44:08,-0.057377480
1_8,matched,3995 BCE-11-27 12:45:46,3995 BCE-11-27 12:45:46,-0.147937238
1_8,matched,3994 BCE-01-16 04:46:06,3994 BCE-01-16 04:46:06,-0.411036797
1_8,matched,3994 BCE-02-23 18:21:17,3994 BCE-02-23 18:21:17,-0.198595785
1_8,matched,3994 BCE-04-13 21:36:23,3994 BCE-04-13 21:36:23,0.080531649
1_8,matched,3994 BCE-05-23 00:10:19,3994 BCE-05-23 00:10:19,0.452693179
1_8,matched,3994 BCE-07-10 14:15:27,3994 BCE-07-10 14:15:27,0.119080022
1_8,matched,3994 BCE-08-19 06:15:49,3994 BCE-08-19 06:15:49,-0.425827503
1_8,matched,3994 BCE-10-06 06:35:11,3994 BCE-10-06 06:35:11,0.305610895
1_8,matched,3994 BCE-11-15 12:39:49,3994 BCE-11-15 12:39:49,0.206727907
1_8,matched,3993 BCE-01-01 22:35:45,3993 BCE-01-01 22:35:45,0.075155497
1_8,matched,3993 BCE-02-11 19:19:22,3993 BCE-02-11 19:19:22,-0.303020887
1_8,matched,3993 BCE-03-29 14:20:44,3993 BCE-03-29 14:20:44,-0.037929788
1_8,matched,3993 BCE-05-10 02:17:30,3993 BCE-05-10 02:17:30,-0.071881525
1_8,matched,3993 BCE-06-25 05:45:45,3993 BCE-06-25 05:45:45,-0.428975746
1_8,matched,3993 BCE-08-06 09:37:36,3993 BCE-08-06 09:37:36,-0.467820838
1_8,matched,3993 BCE-09-20 20:52:54,3993 BCE-09-20 20:52:54,0.398031436
1_8,matched,3993 BCE-11-02 17:19:58,3993 BCE-11-02 17:19:58,-0.252387486
1_8,matched,3993 BCE-12-17 11:36:23,3993 BCE-12-17 11:36:23,-0.060374849
1_8,matched,3992 BCE-01-30 01:22:52,3992 BCE-01-30 01:22:52,-0.085701607
1_8,matched,3992 BCE-03-15 01:59:10,3992 BCE-03-15 01:59:10,0.079651549
1_8,matched,3992 BCE-04-28 09:43:41,3992 BCE-04-28 09:43:41,-0.307708047
1_8,matched,3992 BCE-06-10 16:04:07,3992 BCE-06-10 16:04:07,-0.066766888
1_8,matched,3992 BCE-07-25 18:26:02,3992 BCE-07-25 18:26:02,-0.235977396
1_8,matched,3992 BCE-09-06 05:47:16,3992 BCE-09-06 05:47:16,-0.180903263
1_8,matched,3992 BCE-10-22 03:31:59,3992 BCE-10-22 03:31:59,0.053686090
1_8,matched,3992 BCE-12-02 19:11:35,3992 BCE-12-02 19:11:35,0.133699737
1_8,matched,3991 BCE-01-18 12:56:21,3991 BCE-01-18 12:56:22,0.561267324
1_8,matched,3991 BCE-02-28 08:16:48,3991 BCE-02-28 08:16:48,0.331510976
1_8,matched,3991 BCE-04-16 22:37:48,3991 BCE-04-16 22:37:48,0.175501965
1_8,matched,3991 BCE-05-26 21:04:09,3991 BCE-05-26 21:04:09,0.316725299
1_8,matched,3991 BCE-07-14 08:36:01,3991 BCE-07-14 08:36:01,-0.101945736
1_8,matched,3991 BCE-08-22 09:36:31,3991 BCE-08-22 09:36:31,0.331495889
1_8,matched,3991 BCE-10-10 18:51:57,3991 BCE-10-10 18:51:57,0.460448116
1_8,matched,3991 BCE-11-17 21:51:37,3991 BCE-11-17 21:51:37,-0.245306455
1_8,matched,3990 BCE-01-07 05:25:13,3990 BCE-01-07 05:25:13,-0.152121484
1_8,matched,3990 BCE-02-13 09:53:37,3990 BCE-02-13 09:53:37,-0.343349576
1_8,matched,3990 BCE-04-05 16:07:21,3990 BCE-04-05 16:07:22,0.515954755
1_8,matched,3990 BCE-05-11 21:45:03,3990 BCE-05-11 21:45:03,0.321100652
1_8,matched,3990 BCE-07-03 03:02:21,3990 BCE-07-03 03:02:21,-0.185685977
1_8,matched,3990 BCE-08-07 09:22:57,3990 BCE-08-07 09:22:57,0.198128074
1_8,matched,3990 BCE-09-29 14:08:49,3990 BCE-09-29 14:08:49,0.464929081
1_8,matched,3990 BCE-11-02 20:52:15,3990 BCE-11-02 20:52:15,0.336942449
1_8,matched,3990 BCE-12-27 01:26:06,3990 BCE-12-27 01:26:06,-0.409005024
1_8,matched,3989 BCE-01-29 08:12:39,3989 BCE-01-29 08:12:39,-0.215805508
1_8,matched,3989 BCE-03-24 12:49:44,3989 BCE-03-24 12:49:44,-0.243697129
1_8,matched,3989 BCE-04-25 19:28:02,3989 BCE-04-25 19:28:02,0.009937584
1_8,matched,3989 BCE-06-21 00:15:15,3989 BCE-06-21 00:15:15,-0.136068463
1_8,matched,3989 BCE-07-22 06:39:35,3989 BCE-07-22 06:39:35,0.093250349
1_8,matched,3989 BCE-09-17 11:47:02,3989 BCE-09-17 11:47:02,-0.194476917
1_8,matched,3989 BCE-10-17 17:43:53,3989 BCE-10-17 17:43:53,0.024602562
1_8,matched,3989 BCE-12-14 23:24:08,3989 BCE-12-14 23:24:08,-0.047721528
1_8,matched,3988 BCE-01-13 04:48:19,3988 BCE-01-13 04:48:19,-0.201568007
1_8,matched,3988 BCE-03-13 11:01:37,3988 BCE-03-13 11:01:37,-0.212345459
1_8,matched,3988 BCE-04-10 15:53:26,3988 BCE-04-10 15:53:26,-0.187179632
1_8,matched,3988 BCE-06-09 22:37:52,3988 BCE-06-09 22:37:53,0.509331375
1_8,matched,3988 BCE-07-07 02:57:15,3988 BCE-07-07 02:57:15,-0.098686852
1_8,matched,3988 BCE-09-06 10:10:51,3988 BCE-09-06 10:10:51,0.039342977
1_8,matched,3988 BCE-10-02 14:03:17,3988 BCE-10-02 14:03:17,0.005582348
1_8,matched,3988 BCE-12-03 21:44:36,3988 BCE-12-03 21:44:36,0.225687772
1_8,matched,3988 BCE-12-29 01:08:44,3988 BCE-12-29 01:08:44,0.378875434
1_8,matched,3987 BCE-03-02 09:14:53,3987 BCE-03-02 09:14:53,0.035284460
1_8,matched,3987 BCE-03-26 12:24:14,3987 BCE-03-26 12:24:14,0.235942192
1_8,matched,3987 BCE-05-29 20:36:50,3987 BCE-05-29 20:36:50,-0.130878389
1_8,matched,3987 BCE-06-21 23:44:47,3987 BCE-06-21 23:44:47,-0.415090285
1_8,matched,3987 BCE-08-26 07:54:37,3987 BCE-08-26 07:54:37,0.078384206
1_8,matched,3987 BCE-09-17 11:06:36,3987 BCE-09-17 11:06:36,-0.341257453
1_8,matched,3987 BCE-11-22 19:06:01,3987 BCE-11-22 19:06:01,-0.202287175
1_8,matched,3987 BCE-12-13 22:35:26,3987 BCE-12-13 22:35:26,0.274510682
1_8,matched,3986 BCE-02-19 06:10:55,3986 BCE-02-19 06:10:55,-0.167953223
1_8,matched,3986 BCE-03-11 10:11:44,3986 BCE-03-11 10:11:44,-0.189563446
1_8,matched,3986 BCE-05-18 17:07:10,3986 BCE-05-18 17:07:10,0.190549158
1_8,matched,3986 BCE-06-06 21:59:37,3986 BCE-06-06 21:59:37,0.263255462
1_8,matched,3986 BCE-08-15 03:53:33,3986 BCE-08-15 03:53:33,-0.260157511
1_8,matched,3986 BCE-09-02 09:53:17,3986 BCE-09-02 09:53:17,0.150436722
1_8,matched,3986 BCE-11-11 14:38:47,3986 BCE-11-11 14:38:47,-0.154490210
1_8,matched,3986 BCE-11-28 21:45:54,3986 BCE-11-28 21:45:54,0.181546994
1_8,matched,3985 BCE-02-08 01:16:40,3985 BCE-02-08 01:16:40,-0.148822367
1_8,matched,3985 BCE-02-24 09:48:30,3985 BCE-02-24 09:48:30,-0.408979878
1_8,matched,3985 BCE-05-06 11:47:23,3985 BCE-05-06 11:47:24,0.514380634
1_8,matched,3985 BCE-05-21 21:57:06,3985 BCE-05-21 21:57:06,-0.307134725
1_8,matched,3985 BCE-08-02 22:18:03,3985 BCE-08-02 22:18:04,0.578089803
1_8,matched,3985 BCE-08-17 10:06:57,3985 BCE-08-17 10:06:57,0.474167615
1_8,matched,3985 BCE-10-30 08:49:25,3985 BCE-10-30 08:49:25,-0.427391566
1_8,matched,3985 BCE-11-12 22:11:58,3985 BCE-11-12 22:11:58,-0.244702958
1_8,matched,3984 BCE-01-26 19:34:29,3984 BCE-01-26 19:34:29,0.387430005
1_8,matched,3984 BCE-02-08 10:02:34,3984 BCE-02-08 10:02:34,-0.375460647
1_8,matched,3984 BCE-04-25 06:30:24,3984 BCE-04-25 06:30:24,-0.341036171
1_8,matched,3984 BCE-05-06 21:44:00,3984 BCE-05-06 21:43:59,-0.192530639
1_8,matched,3984 BCE-07-22 17:52:52,3984 BCE-07-22 17:52:53,0.508079119
1_8,matched,3984 BCE-08-02 08:58:17,3984 BCE-08-02 08:58:17,-0.499594957
1_8,matched,3984 BCE-10-19 06:05:44,3984 BCE-10-19 06:05:44,-0.240086205
1_8,matched,3984 BCE-10-28 19:19:56,3984 BCE-10-28 19:19:56,-0.050623342
1_8,matched,3983 BCE-01-15 19:25:44,3983 BCE-01-15 19:25:44,-0.212466158
1_8,matched,3983 BCE-01-24 04:32:58,3983 BCE-01-24 04:32:58,-0.163582899
1_8,matched,3983 BCE-04-14 10:44:10,3983 BCE-04-14 10:44:10,-0.028615817
1_8,matched,3983 BCE-04-21 11:45:54,3983 BCE-04-21 11:45:54,0.250446238
1_8,matched,3983 BCE-07-12 05:39:47,3983 BCE-07-12 05:39:47,-0.172801316
1_8,matched,3983 BCE-07-17 15:23:57,3983 BCE-07-17 15:23:57,-0.479825400
1_8,matched,3983 BCE-10-09 10:32:06,3983 BCE-10-09 10:32:07,0.802057609
1_8,matched,3983 BCE-10-12 09:03:25,3983 BCE-10-12 09:03:25,-0.436182506
1_8,matched,3838 BCE-05-25 17:27:39,3838 BCE-05-25 17:27:38,-0.776761025
1_8,matched,3838 BCE-05-31 10:31:18,3838 BCE-05-31 10:31:18,-0.041088089
1_8,matched,3838 BCE-08-20 09:39:38,3838 BCE-08-20 09:39:38,0.190865993
1_8,matched,3838 BCE-08-28 16:54:42,3838 BCE-08-28 16:54:42,-0.064337812
1_8,matched,3838 BCE-11-15 08:40:27,3838 BCE-11-15 08:40:27,-0.428709202
1_8,matched,3838 BCE-11-25 16:31:54,3838 BCE-11-25 16:31:54,0.201391988
1_8,matched,3837 BCE-02-10 10:59:44,3837 BCE-02-10 10:59:44,-0.184463896
1_8,matched,3837 BCE-02-22 12:50:10,3837 BCE-02-22 12:50:10,-0.424972549
1_8,matched,3837 BCE-05-07 15:27:02,3837 BCE-05-07 15:27:03,0.559255667
1_8,matched,3837 BCE-05-21 07:00:05,3837 BCE-05-21 07:00:05,0.199782662
1_8,matched,3837 BCE-08-02 21:20:24,3837 BCE-08-02 21:20:24,0.321779586
1_8,matched,3837 BCE-08-17 23:42:12,3837 BCE-08-17 23:42:12,0.348675437
1_8,matched,3837 BCE-10-29 04:19:07,3837 BCE-10-29 04:19:07,-0.285630114
1_8,matched,3837 BCE-11-14 15:18:50,3837 BCE-11-14 15:18:50,0.170367211
1_8,matched,3836 BCE-01-24 12:15:26,3836 BCE-01-24 12:15:26,0.134876557
1_8,matched,3836 BCE-02-11 05:59:50,3836 BCE-02-11 05:59:51,0.536026061
1_8,matched,3836 BCE-04-21 20:54:31,3836 BCE-04-21 20:54:31,-0.444777310
1_8,matched,3836 BCE-05-10 19:57:50,3836 BCE-05-10 19:57:50,-0.048345141
1_8,matched,3836 BCE-07-18 06:11:07,3836 BCE-07-18 06:11:07,0.090454146
1_8,matched,3836 BCE-08-07 09:14:42,3836 BCE-08-07 09:14:42,0.469752029
1_8,matched,3836 BCE-10-13 16:00:25,3836 BCE-10-13 16:00:25,-0.315055624
1_8,matched,3836 BCE-11-03 21:59:17,3836 BCE-11-03 21:59:17,-0.187994353
1_8,matched,3835 BCE-01-09 02:20:16,3835 BCE-01-09 02:20:16,0.035807490
1_8,matched,3835 BCE-01-31 10:12:18,3835 BCE-01-31 10:12:18,0.166288577
1_8,matched,3835 BCE-04-06 13:13:51,3835 BCE-04-06 13:13:51,0.392856449
1_8,matched,3835 BCE-04-29 21:55:49,3835 BCE-04-29 21:55:49,0.071685389
1_8,matched,3835 BCE-07-03 00:30:50,3835 BCE-07-03 00:30:50,0.331636705
1_8,matched,3835 BCE-07-27 09:12:39,3835 BCE-07-27 09:12:39,0.031919964
1_8,matched,3835 BCE-09-28 12:11:10,3835 BCE-09-28 12:11:10,-0.292675942
1_8,matched,3835 BCE-10-23 20:03:00,3835 BCE-10-23 20:02:59,-0.266665220
1_8,matched,3835 BCE-12-25 00:16:08,3835 BCE-12-25 00:16:08,-0.071383640
1_8,matched,3834 BCE-01-20 06:28:45,3834 BCE-01-20 06:28:45,-0.088724121
1_8,matched,3834 BCE-03-22 12:44:48,3834 BCE-03-22 12:44:48,-0.023289956
1_8,matched,3834 BCE-04-18 16:31:07,3834 BCE-04-18 16:31:07,0.248997845
1_8,matched,3834 BCE-06-18 01:39:16,3834 BCE-06-18 01:39:16,-0.189327076
1_8,matched,3834 BCE-07-16 02:11:23,3834 BCE-07-16 02:11:23,-0.100507401
1_8,matched,3834 BCE-09-13 14:50:53,3834 BCE-09-13 14:50:53,0.329710543
1_8,matched,3834 BCE-10-12 11:30:33,3834 BCE-10-12 11:30:33,-0.217852369
1_8,matched,3834 BCE-12-10 04:22:01,3834 BCE-12-10 04:22:01,0.313054025
1_8,matched,3833 BCE-01-08 20:27:03,3833 BCE-01-08 20:27:03,0.359065644
1_8,matched,3833 BCE-03-06 18:15:41,3833 BCE-03-06 18:15:41,-0.458773412
1_8,matched,3833 BCE-04-06 05:01:43,3833 BCE-04-06 05:01:43,-0.229364075
1_8,matched,3833 BCE-06-02 08:29:17,3833 BCE-06-02 08:29:17,0.332431309
1_8,matched,3833 BCE-07-03 13:18:47,3833 BCE-07-03 13:18:47,-0.194064528
1_8,matched,3833 BCE-08-28 23:01:47,3833 BCE-08-28 23:01:47,0.277090631
1_8,matched,3833 BCE-09-29 21:16:59,3833 BCE-09-29 21:16:59,-0.060837530
1_8,matched,3833 BCE-11-24 13:49:50,3833 BCE-11-24 13:49:50,-0.442775711
1_8,matched,3833 BCE-12-27 04:57:36,3833 BCE-12-27 04:57:36,-0.129822269
1_8,matched,3832 BCE-02-20 04:54:42,3832 BCE-02-20 04:54:42,-0.251477212
1_8,matched,3832 BCE-03-25 12:18:36,3832 BCE-03-25 12:18:36,0.348227844
1_8,matched,3832 BCE-05-18 20:19:27,3832 BCE-05-18 20:19:27,0.327256322
1_8,matched,3832 BCE-06-21 19:23:49,3832 BCE-06-21 19:23:49,-0.138935074
1_8,matched,3832 BCE-08-14 11:57:08,3832 BCE-08-14 11:57:08,-0.193013437
1_8,matched,3832 BCE-09-18 02:16:41,3832 BCE-09-18 02:16:41,-0.037356466
1_8,matched,3832 BCE-11-10 03:48:07,3832 BCE-11-10 03:48:08,0.510141067
1_8,matched,3832 BCE-12-15 08:54:38,3832 BCE-12-15 08:54:38,0.233477913
1_8,matched,3831 BCE-02-05 19:51:53,3831 BCE-02-05 19:51:53,0.098752230
1_8,matched,3831 BCE-03-13 15:18:56,3831 BCE-03-13 15:18:56,0.013774820
1_8,matched,3831 BCE-05-04 12:08:15,3831 BCE-05-04 12:08:15,0.260388851
1_8,matched,3831 BCE-06-09 21:31:42,3831 BCE-06-09 21:31:42,0.381450355
1_8,matched,3831 BCE-07-31 04:36:50,3831 BCE-07-31 04:36:50,0.397774950
1_8,matched,3831 BCE-09-06 03:35:47,3831 BCE-09-06 03:35:47,-0.258779526
1_8,matched,3831 BCE-10-26 21:11:26,3831 BCE-10-26 21:11:25,-0.508013740
1_8,matched,3831 BCE-12-03 09:34:15,3831 BCE-12-03 09:34:15,0.272846036
1_8,matched,3830 BCE-01-22 13:52:11,3830 BCE-01-22 13:52:11,0.170885213
1_8,matched,3830 BCE-03-01 15:22:50,3830 BCE-03-01 15:22:50,0.059912167
1_8,matched,3830 BCE-04-20 06:40:29,3830 BCE-04-20 06:40:29,0.321759470
1_8,matched,3830 BCE-05-28 21:07:04,3830 BCE-05-28 21:07:04,0.271196477
1_8,matched,3830 BCE-07-16 23:30:32,3830 BCE-07-16 23:30:32,-0.272453763
1_8,matched,3830 BCE-08-25 02:50:06,3830 BCE-08-25 02:50:06,-0.279107317
1_8,matched,3830 BCE-10-12 16:24:08,3830 BCE-10-12 16:24:08,0.043049455
1_8,matched,3830 BCE-11-21 08:35:01,3830 BCE-11-21 08:35:01,-0.080320425
1_8,matched,3829 BCE-01-08 09:14:11,3829 BCE-01-08 09:14:11,-0.139769912
1_8,matched,3829 BCE-02-17 14:20:51,3829 BCE-02-17 14:20:51,0.429498777
1_8,matched,3829 BCE-04-05 02:01:59,3829 BCE-04-05 02:01:59,0.319752842
1_8,matched,3829 BCE-05-15 20:07:18,3829 BCE-05-15 20:07:18,-0.420119427
1_8,matched,3829 BCE-07-01 18:45:55,3829 BCE-07-01 18:45:55,-0.099707767
1_8,matched,3829 BCE-08-12 02:00:45,3829 BCE-08-12 02:00:45,0.055914000
1_8,matched,3829 BCE-09-27 11:20:27,3829 BCE-09-27 11:20:27,0.074602291
1_8,matched,3829 BCE-11-08 08:05:40,3829 BCE-11-08 08:05:40,-0.133624300
1_8,matched,3829 BCE-12-24 03:47:41,3829 BCE-12-24 03:47:41,0.427839160
1_8,matched,3828 BCE-02-04 14:21:04,3828 BCE-02-04 14:21:04,-0.155591592
1_8,matched,3828 BCE-03-21 20:02:14,3828 BCE-03-21 20:02:14,-0.214588456
1_8,matched,3828 BCE-05-03 20:47:31,3828 BCE-05-03 20:47:31,-0.144235790
1_8,matched,3828 BCE-06-17 12:02:05,3828 BCE-06-17 12:02:05,0.305414759
1_8,matched,3828 BCE-07-31 03:27:44,3828 BCE-07-31 03:27:44,0.320889428
1_8,matched,3828 BCE-09-13 03:46:51,3828 BCE-09-13 03:46:51,0.221045874
1_8,matched,3828 BCE-10-27 10:26:43,3828 BCE-10-27 10:26:43,0.389793701
1_8,matched,3828 BCE-12-09 19:12:10,3828 BCE-12-09 19:12:10,0.011305511
1_8,matched,3827 BCE-01-23 17:46:24,3827 BCE-01-23 17:46:24,-0.292580388
1_8,matched,3827 BCE-03-07 10:21:20,3827 BCE-03-07 10:21:20,0.003143214
1_8,matched,3827 BCE-04-22 01:23:01,3827 BCE-04-22 01:23:01,-0.405891985
1_8,matched,3827 BCE-06-03 01:09:50,3827 BCE-06-03 01:09:50,0.245381892
1_8,matched,3827 BCE-07-19 09:21:46,3827 BCE-07-19 09:21:46,-0.126150995
1_8,matched,3827 BCE-08-29 15:34:05,3827 BCE-08-29 15:34:05,0.117586367
1_8,matched,3827 BCE-10-15 17:43:51,3827 BCE-10-15 17:43:51,-0.275053829
1_8,matched,3827 BCE-11-25 05:36:23,3827 BCE-11-25 05:36:23,0.469002686
1_8,matched,3826 BCE-01-12 02:30:49,3826 BCE-01-12 02:30:49,-0.093049183
1_8,matched,3826 BCE-02-20 19:15:10,3826 BCE-02-20 19:15:10,0.304665416
1_8,matched,3826 BCE-04-10 11:42:00,3826 BCE-04-10 11:42:00,0.477511995
1_8,matched,3826 BCE-05-19 08:32:14,3826 BCE-05-19 08:32:14,-0.088256411
1_8,matched,3826 BCE-07-07 21:15:19,3826 BCE-07-07 21:15:19,-0.166680850
1_8,matched,3826 BCE-08-14 21:24:33,3826 BCE-08-14 21:24:33,-0.143260136
1_8,matched,3826 BCE-10-04 07:15:26,3826 BCE-10-04 07:15:26,0.012542680
1_8,matched,3826 BCE-11-10 09:49:31,3826 BCE-11-10 09:49:31,-0.270980224
1_8,matched,3826 BCE-12-31 17:41:26,3826 BCE-12-31 17:41:26,0.281410664
1_8,matched,3825 BCE-02-05 21:53:25,3825 BCE-02-05 21:53:25,-0.106723420
1_8,matched,3825 BCE-03-29 04:30:41,3825 BCE-03-29 04:30:41,-0.093914196
1_8,matched,3825 BCE-05-03 09:35:23,3825 BCE-05-03 09:35:23,0.111858174
1_8,matched,3825 BCE-06-25 15:44:17,3825 BCE-06-25 15:44:17,0.358527526
1_8,matched,3825 BCE-07-29 20:53:13,3825 BCE-07-29 20:53:13,0.222464092
1_8,matched,3825 BCE-09-22 03:19:20,3825 BCE-09-22 03:19:20,-0.195683911
1_8,matched,3825 BCE-10-25 07:48:07,3825 BCE-10-25 07:48:07,0.160892308
1_8,matched,3825 BCE-12-19 15:20:00,3825 BCE-12-19 15:20:00,0.239688903
1_8,matched,3824 BCE-01-20 18:18:41,3824 BCE-01-20 18:18:41,-0.316866115
1_8,matched,3824 BCE-03-18 03:42:14,3824 BCE-03-18 03:42:14,0.431681424
1_8,matched,3824 BCE-04-18 04:33:42,3824 BCE-04-18 04:33:42,0.309060887
1_8,matched,3824 BCE-06-14 16:25:25,3824 BCE-06-14 16:25:26,0.545179099
1_8,matched,3824 BCE-07-14 14:27:15,3824 BCE-07-14 14:27:15,-0.472568348
1_8,matched,3824 BCE-09-11 05:30:27,3824 BCE-09-11 05:30:27,-0.397744775
1_8,matched,3824 BCE-10-09 23:57:18,3824 BCE-10-09 23:57:18,-0.305258855
1_8,matched,3824 BCE-12-08 18:54:58,3824 BCE-12-08 18:54:58,-0.301909447
1_8,matched,3823 BCE-01-05 09:08:44,3823 BCE-01-05 09:08:44,0.011074170
1_8,matched,3823 BCE-03-07 08:39:19,3823 BCE-03-07 08:39:19,-0.337319635
1_8,matched,3823 BCE-04-02 18:01:46,3823 BCE-04-02 18:01:46,-0.021942146
1_8,matched,3823 BCE-06-03 22:42:59,3823 BCE-06-03 22:42:59,0.437429734
1_8,matched,3823 BCE-06-29 02:39:56,3823 BCE-06-29 02:39:56,0.179671124
1_8,matched,3823 BCE-08-31 13:06:37,3823 BCE-08-31 13:06:37,-0.372775085
1_8,matched,3823 BCE-09-24 10:55:49,3823 BCE-09-24 10:55:49,-0.391785242
1_8,matched,3823 BCE-11-28 03:54:15,3823 BCE-11-28 03:54:15,0.120533444
1_8,matched,3823 BCE-12-20 18:46:18,3823 BCE-12-20 18:46:18,-0.369727425
1_8,matched,3822 BCE-02-24 19:00:39,3822 BCE-02-24 19:00:39,0.052157231
1_8,matched,3822 BCE-03-18 02:20:30,3822 BCE-03-18 02:20:30,-0.408024341
1_8,matched,3822 BCE-05-24 10:28:58,3822 BCE-05-24 10:28:58,-0.421512499
1_8,matched,3822 BCE-06-13 09:31:38,3822 BCE-06-13 09:31:37,-0.551354885
1_8,matched,3822 BCE-08-21 02:26:05,3822 BCE-08-21 02:26:05,-0.430771150
1_8,matched,3822 BCE-09-08 16:18:04,3822 BCE-09-08 16:18:04,0.381002761
1_8,matched,3822 BCE-11-17 18:53:32,3822 BCE-11-17 18:53:32,0.461564586
1_8,matched,3822 BCE-12-04 22:30:56,3822 BCE-12-04 22:30:56,0.004189275
1_8,matched,3821 BCE-02-14 12:01:15,3821 BCE-02-14 12:01:15,-0.387153402
1_8,matched,3821 BCE-03-01 04:03:38,3821 BCE-03-01 04:03:38,0.079178810
1_8,matched,3821 BCE-05-13 05:50:49,3821 BCE-05-13 05:50:49,0.376330689
1_8,matched,3821 BCE-05-27 08:55:17,3821 BCE-05-27 08:55:17,-0.086938776
1_8,matched,3821 BCE-08-10 00:46:25,3821 BCE-08-10 00:46:25,-0.473196991
1_8,matched,3821 BCE-08-22 12:40:50,3821 BCE-08-22 12:40:50,0.252533332
1_8,matched,3821 BCE-11-06 21:21:23,3821 BCE-11-06 21:21:23,-0.354514271
1_8,matched,3821 BCE-11-17 14:48:37,3821 BCE-11-17 14:48:37,-0.292369165
1_8,matched,3820 BCE-02-03 20:21:01,3820 BCE-02-03 20:21:01,0.005929358
1_8,matched,3820 BCE-02-12 14:30:17,3820 BCE-02-12 14:30:17,-0.421306305
1_8,matched,3820 BCE-05-04 00:08:26,3820 BCE-05-04 00:08:26,-0.000196137
1_8,matched,3820 BCE-05-10 09:22:31,3820 BCE-05-10 09:22:31,-0.081572682
1_8,matched,3820 BCE-08-01 19:24:45,3820 BCE-08-01 19:24:46,0.596239977
1_8,matched,3820 BCE-08-04 12:48:09,3820 BCE-08-04 12:48:09,-0.014162064
1_8,matched,3673 BCE-08-15 10:44:47,3673 BCE-08-15 10:44:48,0.541457534
1_8,matched,3673 BCE-08-17 15:34:42,3673 BCE-08-17 15:34:41,-0.909847207
1_8,matched,3673 BCE-11-09 13:03:34,3673 BCE-11-09 13:03:34,0.158563815
1_8,matched,3673 BCE-11-15 11:51:44,3673 BCE-11-15 11:51:44,0.013789907
1_8,matched,3672 BCE-02-04 09:17:35,3672 BCE-02-04 09:17:35,0.108916126
1_8,matched,3672 BCE-02-12 14:12:51,3672 BCE-02-12 14:12:51,-0.363918766
1_8,matched,3672 BCE-05-02 10:46:06,3672 BCE-05-02 10:46:07,0.634345785
1_8,matched,3672 BCE-05-12 11:24:05,3672 BCE-05-12 11:24:05,0.070146471
1_8,matched,3672 BCE-07-28 14:48:59,3672 BCE-07-28 14:48:59,-0.162717886
1_8,matched,3672 BCE-08-09 05:59:38,3672 BCE-08-09 05:59:38,-0.342962332
1_8,matched,3672 BCE-10-23 20:33:08,3672 BCE-10-23 20:33:08,-0.357094221
1_8,matched,3672 BCE-11-05 22:51:26,3672 BCE-11-05 22:51:26,0.397966057
1_8,matched,3671 BCE-01-19 03:31:35,3671 BCE-01-19 03:31:35,0.352542847
1_8,matched,3671 BCE-02-02 14:28:32,3671 BCE-02-02 14:28:33,0.569147989
1_8,matched,3671 BCE-04-16 11:27:15,3671 BCE-04-16 11:27:15,-0.479257107
1_8,matched,3671 BCE-05-02 05:09:34,3671 BCE-05-02 05:09:34,-0.374168158
1_8,matched,3671 BCE-07-12 20:11:31,3671 BCE-07-12 20:11:31,0.042898580
1_8,matched,3671 BCE-07-29 19:05:57,3671 BCE-07-29 19:05:57,-0.393122993
1_8,matched,3671 BCE-10-08 05:27:07,3671 BCE-10-08 05:27:07,-0.129424967
1_8,matched,3671 BCE-10-26 08:27:55,3671 BCE-10-26 08:27:55,-0.051759928
1_8,matched,3670 BCE-01-03 15:15:04,3670 BCE-01-03 15:15:04,-0.394033268
1_8,matched,3670 BCE-01-22 21:13:47,3670 BCE-01-22 21:13:47,0.092531182
1_8,matched,3670 BCE-04-01 01:34:20,3670 BCE-04-01 01:34:20,0.100799091
1_8,matched,3670 BCE-04-21 09:29:00,3670 BCE-04-21 09:29:00,0.149501301
1_8,matched,3670 BCE-06-27 12:20:10,3670 BCE-06-27 12:20:10,-0.087240525
1_8,matched,3670 BCE-07-18 21:18:46,3670 BCE-07-18 21:18:46,0.012809224
1_8,matched,3670 BCE-09-22 23:32:01,3670 BCE-09-22 23:32:01,-0.145065598
1_8,matched,3670 BCE-10-15 08:45:08,3670 BCE-10-15 08:45:08,-0.351461582
1_8,matched,3670 BCE-12-19 11:04:19,3670 BCE-12-19 11:04:19,0.399449654
1_8,matched,3669 BCE-01-11 19:46:26,3669 BCE-01-11 19:46:26,-0.155616738
1_8,matched,3669 BCE-03-15 23:00:12,3669 BCE-03-15 23:00:12,0.002212822
1_8,matched,3669 BCE-04-09 06:20:50,3669 BCE-04-09 06:20:50,-0.376909040
1_8,matched,3669 BCE-06-11 11:20:55,3669 BCE-06-11 11:20:55,-0.400299579
1_8,matched,3669 BCE-07-06 16:32:27,3669 BCE-07-06 16:32:27,-0.336343981
1_8,matched,3669 BCE-09-07 00:00:47,3669 BCE-09-07 00:00:46,-0.582580827
1_8,matched,3669 BCE-10-03 02:25:18,3669 BCE-10-03 02:25:18,0.081884488
1_8,matched,3669 BCE-12-03 13:02:26,3669 BCE-12-03 13:02:26,-0.497548096
1_8,matched,3669 BCE-12-30 11:56:02,3669 BCE-12-30 11:56:02,0.297353044
1_8,matched,3668 BCE-03-01 02:24:05,3668 BCE-03-01 02:24:06,0.505006313
1_8,matched,3668 BCE-03-28 21:03:19,3668 BCE-03-28 21:03:19,-0.269898959
1_8,matched,3668 BCE-05-27 16:07:13,3668 BCE-05-27 16:07:13,-0.209649839
1_8,matched,3668 BCE-06-25 05:48:35,3668 BCE-06-25 05:48:35,0.328770094
1_8,matched,3668 BCE-08-23 06:11:25,3668 BCE-08-23 06:11:25,0.017400831
1_8,matched,3668 BCE-09-21 14:14:02,3668 BCE-09-21 14:14:02,0.099003688
1_8,matched,3668 BCE-11-18 20:33:30,3668 BCE-11-18 20:33:30,-0.467579439
1_8,matched,3668 BCE-12-18 22:22:06,3668 BCE-12-18 22:22:06,0.202146359
1_8,matched,3667 BCE-02-14 11:15:49,3667 BCE-02-14 11:15:49,-0.147539936
1_8,matched,3667 BCE-03-17 06:06:34,3667 BCE-03-17 06:06:34,0.324062817
1_8,matched,3667 BCE-05-13 02:18:48,3667 BCE-05-13 02:18:48,0.083715096
1_8,matched,3667 BCE-06-13 13:31:42,3667 BCE-06-13 13:31:42,-0.416357629
1_8,matched,3667 BCE-08-08 17:38:34,3667 BCE-08-08 17:38:34,-0.025427341
1_8,matched,3667 BCE-09-09 20:38:31,3667 BCE-09-09 20:38:31,0.375998765
1_8,matched,3667 BCE-11-04 09:18:16,3667 BCE-11-04 09:18:16,-0.347317569
1_8,matched,3667 BCE-12-07 03:28:54,3667 BCE-12-07 03:28:54,0.396774150
1_8,matched,3666 BCE-01-31 01:13:37,3666 BCE-01-31 01:13:37,-0.490874425
1_8,matched,3666 BCE-03-05 10:01:53,3666 BCE-03-05 10:01:53,-0.422895513
1_8,matched,3666 BCE-04-28 17:27:01,3666 BCE-04-28 17:27:01,-0.135062635
1_8,matched,3666 BCE-06-01 16:15:22,3666 BCE-06-01 16:15:22,0.282039307
1_8,matched,3666 BCE-07-25 09:56:03,3666 BCE-07-25 09:56:03,0.372810289
1_8,matched,3666 BCE-08-28 22:14:02,3666 BCE-08-28 22:14:02,-0.167822465
1_8,matched,3666 BCE-10-21 02:38:03,3666 BCE-10-21 02:38:03,-0.309669413
1_8,matched,3666 BCE-11-25 04:00:19,3666 BCE-11-25 04:00:19,0.243153982
1_8,matched,3665 BCE-01-16 19:37:04,3665 BCE-01-16 19:37:04,-0.468620472
1_8,matched,3665 BCE-02-21 09:32:55,3665 BCE-02-21 09:32:55,-0.144623034
1_8,matched,3665 BCE-04-13 12:48:02,3665 BCE-04-13 12:48:02,0.295034610
1_8,matched,3665 BCE-05-19 14:52:31,3665 BCE-05-19 14:52:31,-0.078293681
1_8,matched,3665 BCE-07-10 06:09:01,3665 BCE-07-10 06:09:01,0.069563091
1_8,matched,3665 BCE-08-15 19:59:33,3665 BCE-08-15 19:59:33,0.166650675
1_8,matched,3665 BCE-10-05 23:39:37,3665 BCE-10-05 23:39:37,0.089106336
1_8,matched,3665 BCE-11-12 00:59:29,3665 BCE-11-12 00:59:29,0.069326721
1_8,matched,3664 BCE-01-01 17:16:49,3664 BCE-01-01 17:16:49,-0.189065561
1_8,matched,3664 BCE-02-08 05:53:04,3664 BCE-02-08 05:53:04,-0.161445513
1_8,matched,3664 BCE-03-30 11:05:00,3664 BCE-03-30 11:05:00,0.082754530
1_8,matched,3664 BCE-05-07 10:39:51,3664 BCE-05-07 10:39:51,-0.346985646
1_8,matched,3664 BCE-06-26 04:55:37,3664 BCE-06-26 04:55:37,0.010963529
1_8,matched,3664 BCE-08-03 15:22:31,3664 BCE-08-03 15:22:31,-0.068753399
1_8,matched,3664 BCE-09-21 22:46:27,3664 BCE-09-21 22:46:27,-0.360599533
1_8,matched,3664 BCE-10-30 20:03:20,3664 BCE-10-30 20:03:20,-0.108061172
1_8,matched,3664 BCE-12-18 16:38:30,3664 BCE-12-18 16:38:30,0.164895505
1_8,matched,3663 BCE-01-27 00:44:44,3663 BCE-01-27 00:44:44,-0.057266839
1_8,matched,3663 BCE-03-16 10:29:24,3663 BCE-03-16 10:29:24,0.124828331
1_8,matched,3663 BCE-04-25 05:29:01,3663 BCE-04-25 05:29:01,-0.256430916
1_8,matched,3663 BCE-06-12 04:19:04,3663 BCE-06-12 04:19:04,-0.479478389
1_8,matched,3663 BCE-07-22 10:17:01,3663 BCE-07-22 10:17:01,-0.378372520
1_8,matched,3663 BCE-09-07 22:00:03,3663 BCE-09-07 22:00:03,-0.032427907
1_8,matched,3663 BCE-10-18 15:13:28,3663 BCE-10-18 15:13:28,0.227825157
1_8,matched,3663 BCE-12-04 15:30:03,3663 BCE-12-04 15:30:03,-0.214960612
1_8,matched,3662 BCE-01-14 20:19:12,3662 BCE-01-14 20:19:12,0.412605889
1_8,matched,3662 BCE-03-02 08:52:18,3662 BCE-03-02 08:52:18,-0.121614709
1_8,matched,3662 BCE-04-13 01:35:08,3662 BCE-04-13 01:35:08,-0.305123068
1_8,matched,3662 BCE-05-29 02:02:37,3662 BCE-05-29 02:02:37,0.307718106
1_8,matched,3662 BCE-07-10 07:06:39,3662 BCE-07-10 07:06:39,-0.121830963
1_8,matched,3662 BCE-08-24 18:57:36,3662 BCE-08-24 18:57:36,0.166399218
1_8,matched,3662 BCE-10-06 12:52:39,3662 BCE-10-06 12:52:39,-0.018421747
1_8,matched,3662 BCE-11-20 11:34:31,3662 BCE-11-20 11:34:31,-0.237023458
1_8,matched,3661 BCE-01-02 18:57:59,3661 BCE-01-02 18:57:59,-0.181773305
1_8,matched,3661 BCE-02-16 03:51:52,3661 BCE-02-16 03:51:52,-0.279826485
1_8,matched,3661 BCE-03-31 01:21:23,3661 BCE-03-31 01:21:23,0.033735484
1_8,matched,3661 BCE-05-13 19:53:50,3661 BCE-05-13 19:53:50,-0.381616317
1_8,matched,3661 BCE-06-27 08:06:10,3661 BCE-06-27 08:06:10,-0.212305225
1_8,matched,3661 BCE-08-09 11:32:50,3661 BCE-08-09 11:32:50,-0.035561062
1_8,matched,3661 BCE-09-23 15:15:08,3661 BCE-09-23 15:15:08,-0.378352404
1_8,matched,3661 BCE-11-05 02:47:18,3661 BCE-11-05 02:47:18,-0.216766074
1_8,matched,3661 BCE-12-20 22:46:18,3661 BCE-12-20 22:46:18,-0.268712081
1_8,matched,3660 BCE-01-31 17:39:14,3660 BCE-01-31 17:39:14,-0.468187965
1_8,matched,3660 BCE-03-19 06:40:55,3660 BCE-03-19 06:40:55,0.169290975
1_8,matched,3660 BCE-04-29 08:08:14,3660 BCE-04-29 08:08:14,-0.202473253
1_8,matched,3660 BCE-06-15 15:00:23,3660 BCE-06-15 15:00:23,0.080290250
1_8,matched,3660 BCE-07-25 22:16:19,3660 BCE-07-25 22:16:19,0.279464386
1_8,matched,3660 BCE-09-11 23:45:37,3660 BCE-09-11 23:45:37,0.373267941
1_8,matched,3660 BCE-10-21 11:57:42,3660 BCE-10-21 11:57:42,0.157075189
1_8,matched,3660 BCE-12-09 08:57:03,3660 BCE-12-09 08:57:03,0.370486826
1_8,matched,3659 BCE-01-17 01:13:07,3659 BCE-01-17 01:13:07,-0.206124410
1_8,matched,3659 BCE-03-07 18:29:27,3659 BCE-03-07 18:29:27,0.388933718
1_8,matched,3659 BCE-04-14 14:08:51,3659 BCE-04-14 14:08:51,0.222267956
1_8,matched,3659 BCE-06-04 04:25:08,3659 BCE-06-04 04:25:08,-0.022435002
1_8,matched,3659 BCE-07-11 02:40:39,3659 BCE-07-11 02:40:39,0.057050586
1_8,matched,3659 BCE-08-31 14:45:59,3659 BCE-08-31 14:45:59,0.446054712
1_8,matched,3659 BCE-10-06 14:52:25,3659 BCE-10-06 14:52:25,0.448041223
1_8,matched,3659 BCE-11-28 01:30:30,3659 BCE-11-28 01:30:30,-0.491397455
1_8,matched,3658 BCE-01-02 02:40:03,3658 BCE-01-02 02:40:03,0.010058284
1_8,matched,3658 BCE-02-24 12:35:30,3658 BCE-02-24 12:35:30,0.073038228
1_8,matched,3658 BCE-03-30 14:07:16,3658 BCE-03-30 14:07:16,-0.280183554
1_8,matched,3658 BCE-05-23 23:57:13,3658 BCE-05-23 23:57:13,0.292811729
1_8,matched,3658 BCE-06-26 01:18:06,3658 BCE-06-26 01:18:06,0.353503413
1_8,matched,3658 BCE-08-20 11:38:50,3658 BCE-08-20 11:38:50,0.223510154
1_8,matched,3658 BCE-09-21 12:08:58,3658 BCE-09-21 12:08:58,-0.358577818
1_8,matched,3658 BCE-11-16 23:42:08,3658 BCE-11-16 23:42:08,0.425304472
1_8,matched,3658 BCE-12-17 22:43:11,3658 BCE-12-17 22:43:11,-0.430157594
1_8,matched,3657 BCE-02-13 12:00:03,3657 BCE-02-13 12:00:03,0.079747103
1_8,matched,3657 BCE-03-14 09:01:47,3657 BCE-03-14 09:01:47,0.079621375
1_8,matched,3657 BCE-05-12 00:32:48,3657 BCE-05-12 00:32:48,-0.128735974
1_8,matched,3657 BCE-06-09 19:03:43,3657 BCE-06-09 19:03:43,0.181330740
1_8,matched,3657 BCE-08-08 13:20:10,3657 BCE-08-08 13:20:10,-0.103851780
1_8,matched,3657 BCE-09-05 04:52:53,3657 BCE-09-05 04:52:53,-0.221096165
1_8,matched,3657 BCE-11-05 02:24:17,3657 BCE-11-05 02:24:17,0.347800367
1_8,matched,3657 BCE-12-01 14:25:39,3657 BCE-12-01 14:25:39,-0.065062009
1_8,matched,3656 BCE-02-01 15:44:08,3656 BCE-02-01 15:44:08,-0.354081765
1_8,matched,3656 BCE-02-26 23:46:42,3656 BCE-02-26 23:46:42,0.035837665
1_8,matched,3656 BCE-05-01 05:11:01,3656 BCE-05-01 05:11:02,0.501576439
1_8,matched,3656 BCE-05-25 08:58:01,3656 BCE-05-25 08:58:01,0.090524554
1_8,matched,3656 BCE-07-28 18:52:40,3656 BCE-07-28 18:52:40,0.130616874
1_8,matched,3656 BCE-08-20 17:53:35,3656 BCE-08-20 17:53:35,-0.272705220
1_8,matched,3656 BCE-10-25 08:49:17,3656 BCE-10-25 08:49:17,-0.376919098
1_8,matched,3656 BCE-11-16 02:36:36,3656 BCE-11-16 02:36:36,0.245341659
1_8,matched,3655 BCE-01-21 23:01:14,3655 BCE-01-21 23:01:14,0.085485354
1_8,matched,3655 BCE-02-11 11:06:19,3655 BCE-02-11 11:06:19,-0.446778908
1_8,matched,3655 BCE-04-20 13:26:08,3655 BCE-04-20 13:26:08,0.320653059
1_8,matched,3655 BCE-05-09 19:23:09,3655 BCE-05-09 19:23:08,-0.506163016
1_8,matched,3655 BCE-07-18 04:02:22,3655 BCE-07-18 04:02:22,0.367766060
1_8,matched,3655 BCE-08-05 03:26:57,3655 BCE-08-05 03:26:57,0.129193626
1_8,matched,3655 BCE-10-14 19:02:08,3655 BCE-10-14 19:02:08,0.439909101
1_8,matched,3655 BCE-10-31 11:05:32,3655 BCE-10-31 11:05:32,0.293309614
1_8,matched,3654 BCE-01-11 10:28:17,3654 BCE-01-11 10:28:17,0.137416273
1_8,matched,3654 BCE-01-26 18:22:59,3654 BCE-01-26 18:22:58,-0.564656965
1_8,matched,3654 BCE-04-10 02:20:10,3654 BCE-04-10 02:20:10,-0.335368328
1_8,matched,3654 BCE-04-24 01:15:32,3654 BCE-04-24 01:15:32,-0.481972843
1_8,matched,3654 BCE-07-07 18:50:18,3654 BCE-07-07 18:50:18,0.050215982
1_8,matched,3654 BCE-07-20 07:26:57,3654 BCE-07-20 07:26:57,-0.159494206
1_8,matched,3654 BCE-10-04 12:12:51,3654 BCE-10-04 12:12:51,0.452517159
1_8,matched,3654 BCE-10-15 12:44:28,3654 BCE-10-15 12:44:28,0.151683949
1_8,matched,3653 BCE-01-01 07:06:48,3653 BCE-01-01 07:06:48,-0.282607600
1_8,matched,3653 BCE-01-10 16:30:20,3653 BCE-01-10 16:30:20,-0.101392530
1_8,matched,3653 BCE-03-30 04:19:05,3653 BCE-03-30 04:19:05,0.433009118
1_8,matched,3653 BCE-04-06 18:03:49,3653 BCE-04-06 18:03:49,0.104611181
1_8,matched,3653 BCE-06-27 06:05:37,3653 BCE-06-27 06:05:37,0.214895234
1_8,matched,3653 BCE-07-02 14:59:44,3653 BCE-07-02 14:59:44,-0.163894705
1_8,matched,3653 BCE-09-25 04:09:56,3653 BCE-09-25 04:09:57,0.929103792
1_8,matched,3653 BCE-09-26 15:33:56,3653 BCE-09-26 15:33:56,-0.327598304
1_8,matched,3626 BCE-12-11 18:20:52,3626 BCE-12-11 18:20:52,0.385312736
1_8,matched,3626 BCE-12-17 08:08:01,3626 BCE-12-17 08:08:01,0.180873089
1_8,matched,3625 BCE-03-07 01:29:11,3625 BCE-03-07 01:29:11,0.091847219
1_8,matched,3625 BCE-03-15 23:35:37,3625 BCE-03-15 23:35:37,0.174390525
1_8,matched,3625 BCE-06-01 19:55:14,3625 BCE-06-01 19:55:14,-0.265800208
1_8,matched,3625 BCE-06-13 03:39:46,3625 BCE-06-13 03:39:46,-0.464461371
1_8,matched,3625 BCE-08-27 19:30:34,3625 BCE-08-27 19:30:34,0.269320607
1_8,matched,3625 BCE-09-10 02:34:36,3625 BCE-09-10 02:34:36,-0.133765116
1_8,matched,3625 BCE-11-22 22:20:47,3625 BCE-11-22 22:20:47,0.419686921
1_8,matched,3625 BCE-12-07 22:11:51,3625 BCE-12-07 22:11:51,0.384890288
1_8,matched,3624 BCE-02-18 03:38:25,3624 BCE-02-18 03:38:25,0.499710627
1_8,matched,3624 BCE-03-06 15:25:38,3624 BCE-03-06 15:25:38,-0.096519291
1_8,matched,3624 BCE-05-16 10:40:25,3624 BCE-05-16 10:40:25,0.115338340
1_8,matched,3624 BCE-06-03 06:53:17,3624 BCE-06-03 06:53:17,-0.480373576
1_8,matched,3624 BCE-08-11 19:09:04,3624 BCE-08-11 19:09:04,-0.060022809
1_8,matched,3624 BCE-08-30 20:49:53,3624 BCE-08-30 20:49:53,-0.010696985
1_8,matched,3624 BCE-11-07 04:56:00,3624 BCE-11-07 04:56:00,0.493565015
1_8,matched,3624 BCE-11-27 09:28:00,3624 BCE-11-27 09:28:00,0.422483124
1_8,matched,3623 BCE-02-02 15:50:02,3623 BCE-02-02 15:50:02,0.382109173
1_8,matched,3623 BCE-02-23 20:59:37,3623 BCE-02-23 20:59:37,-0.301783718
1_8,matched,3623 BCE-05-01 03:44:57,3623 BCE-05-01 03:44:57,-0.301310979
1_8,matched,3623 BCE-05-23 07:32:03,3623 BCE-05-23 07:32:03,-0.165805779
1_8,matched,3623 BCE-07-27 16:28:47,3623 BCE-07-27 16:28:47,-0.076528452
1_8,matched,3623 BCE-08-19 17:14:30,3623 BCE-08-19 17:14:30,-0.318369828
1_8,matched,3623 BCE-10-23 05:59:00,3623 BCE-10-23 05:58:59,-0.320356339
1_8,matched,3623 BCE-11-16 02:05:59,3623 BCE-11-16 02:05:59,-0.186173804
1_8,matched,3622 BCE-01-18 20:17:29,3622 BCE-01-18 20:17:29,0.464174710
1_8,matched,3622 BCE-02-12 10:11:48,3622 BCE-02-12 10:11:48,-0.085022673
1_8,matched,3622 BCE-04-16 11:13:09,3622 BCE-04-16 11:13:09,0.347805396
1_8,matched,3622 BCE-05-11 17:42:50,3622 BCE-05-11 17:42:50,-0.244189985
1_8,matched,3622 BCE-07-13 02:43:05,3622 BCE-07-13 02:43:05,0.397991203
1_8,matched,3622 BCE-08-08 00:39:17,3622 BCE-08-08 00:39:17,0.323238038
1_8,matched,3622 BCE-10-08 18:41:33,3622 BCE-10-08 18:41:33,0.356963463
1_8,matched,3622 BCE-11-04 07:05:46,3622 BCE-11-04 07:05:46,0.409618579
1_8,matched,3621 BCE-01-04 11:08:42,3621 BCE-01-04 11:08:42,-0.411368720
1_8,matched,3621 BCE-01-31 13:01:47,3621 BCE-01-31 13:01:47,-0.161712058
1_8,matched,3621 BCE-04-01 04:03:46,3621 BCE-04-01 04:03:46,0.407793000
1_8,matched,3621 BCE-04-28 18:34:27,3621 BCE-04-28 18:34:28,0.509135239
1_8,matched,3621 BCE-06-27 21:17:59,3621 BCE-06-27 21:17:59,-0.125617906
1_8,matched,3621 BCE-07-25 23:50:49,3621 BCE-07-25 23:50:49,-0.038000196
1_8,matched,3621 BCE-09-23 14:48:07,3621 BCE-09-23 14:48:07,0.089714862
1_8,matched,3621 BCE-10-22 04:47:24,3621 BCE-10-22 04:47:24,0.429257378
1_8,matched,3621 BCE-12-20 08:34:38,3621 BCE-12-20 08:34:38,-0.049471669
1_8,matched,3620 BCE-01-18 09:28:32,3620 BCE-01-18 09:28:32,0.016928092
1_8,matched,3620 BCE-03-18 02:32:27,3620 BCE-03-18 02:32:27,0.339421816
1_8,matched,3620 BCE-04-16 13:59:14,3620 BCE-04-16 13:59:14,0.061697513
1_8,matched,3620 BCE-06-13 20:41:03,3620 BCE-06-13 20:41:03,0.283135660
1_8,matched,3620 BCE-07-13 18:23:47,3620 BCE-07-13 18:23:47,0.051749870
1_8,matched,3620 BCE-09-09 14:53:56,3620 BCE-09-09 14:53:56,0.201271288
1_8,matched,3620 BCE-10-09 22:45:11,3620 BCE-10-09 22:45:11,0.060309470
1_8,matched,3620 BCE-12-06 09:09:52,3620 BCE-12-06 09:09:52,-0.082638860
1_8,matched,3619 BCE-01-06 02:59:06,3619 BCE-01-06 02:59:06,0.442745537
1_8,matched,3619 BCE-03-04 03:28:50,3619 BCE-03-04 03:28:50,0.320934691
1_8,matched,3619 BCE-04-04 07:13:28,3619 BCE-04-04 07:13:28,-0.147575140
1_8,matched,3619 BCE-05-30 21:43:33,3619 BCE-05-30 21:43:33,-0.107040256
1_8,matched,3619 BCE-07-01 11:32:44,3619 BCE-07-01 11:32:44,-0.397141278
1_8,matched,3619 BCE-08-26 15:55:25,3619 BCE-08-26 15:55:25,-0.241987221
1_8,matched,3619 BCE-09-27 15:58:28,3619 BCE-09-27 15:58:28,-0.128720887
1_8,matched,3619 BCE-11-22 10:01:37,3619 BCE-11-22 10:01:37,0.466709398
1_8,matched,3619 BCE-12-24 20:29:32,3619 BCE-12-24 20:29:32,-0.192696601
1_8,matched,3618 BCE-02-18 03:59:25,3618 BCE-02-18 03:59:25,0.473015942
1_8,matched,3618 BCE-03-23 01:06:44,3618 BCE-03-23 01:06:44,0.378558598
1_8,matched,3618 BCE-05-16 21:47:46,3618 BCE-05-16 21:47:46,0.420587137
1_8,matched,3618 BCE-06-19 05:56:20,3618 BCE-06-19 05:56:20,0.308723934
1_8,matched,3618 BCE-08-12 15:20:50,3618 BCE-08-12 15:20:50,-0.344762765
1_8,matched,3618 BCE-09-15 11:02:29,3618 BCE-09-15 11:02:29,0.344350375
1_8,matched,3618 BCE-11-08 08:42:21,3618 BCE-11-08 08:42:21,-0.256556645
1_8,matched,3618 BCE-12-12 16:20:55,3618 BCE-12-12 16:20:55,-0.264387019
1_8,matched,3617 BCE-02-04 01:50:15,3617 BCE-02-04 01:50:16,0.559924543
1_8,matched,3617 BCE-03-09 21:53:52,3617 BCE-03-09 21:53:52,0.254529901
1_8,matched,3617 BCE-05-01 18:40:07,3617 BCE-05-01 18:40:07,-0.367031805
1_8,matched,3617 BCE-06-06 03:43:02,3617 BCE-06-06 03:43:02,0.279318541
1_8,matched,3617 BCE-07-28 11:13:35,3617 BCE-07-28 11:13:35,-0.266987085
1_8,matched,3617 BCE-09-02 09:51:38,3617 BCE-09-02 09:51:38,-0.068517029
1_8,matched,3617 BCE-10-24 03:27:33,3617 BCE-10-24 03:27:33,0.013739616
1_8,matched,3617 BCE-11-29 16:20:14,3617 BCE-11-29 16:20:14,0.172796287
1_8,matched,3616 BCE-01-19 19:25:52,3616 BCE-01-19 19:25:52,-0.264145620
1_8,matched,3616 BCE-02-25 23:04:10,3616 BCE-02-25 23:04:10,0.102423504
1_8,matched,3616 BCE-04-17 11:05:03,3616 BCE-04-17 11:05:03,0.214668922
1_8,matched,3616 BCE-05-25 06:08:39,3616 BCE-05-25 06:08:39,0.368057750
1_8,matched,3616 BCE-07-14 02:22:37,3616 BCE-07-14 02:22:37,0.099305436
1_8,matched,3616 BCE-08-21 13:33:21,3616 BCE-08-21 13:33:21,0.194064528
1_8,matched,3616 BCE-10-09 17:22:42,3616 BCE-10-09 17:22:42,0.042491220
1_8,matched,3616 BCE-11-17 21:16:52,3616 BCE-11-17 21:16:52,-0.260413997
1_8,matched,3615 BCE-01-05 08:06:29,3615 BCE-01-05 08:06:29,0.273580290
1_8,matched,3615 BCE-02-14 05:18:21,3615 BCE-02-14 05:18:21,-0.411549769
1_8,matched,3615 BCE-04-02 22:33:00,3615 BCE-04-02 22:32:59,-0.230671652
1_8,matched,3615 BCE-05-13 13:35:05,3615 BCE-05-13 13:35:05,-0.092928484
1_8,matched,3615 BCE-06-29 12:42:29,3615 BCE-06-29 12:42:29,-0.374877267
1_8,matched,3615 BCE-08-09 22:09:56,3615 BCE-08-09 22:09:56,0.082301907
1_8,matched,3615 BCE-09-25 02:33:28,3615 BCE-09-25 02:33:28,-0.386816449
1_8,matched,3615 BCE-11-06 07:00:21,3615 BCE-11-06 07:00:21,0.470808148
1_8,matched,3615 BCE-12-21 16:14:24,3615 BCE-12-21 16:14:24,0.343746878
1_8,matched,3614 BCE-02-02 16:03:04,3614 BCE-02-02 16:03:04,-0.474690646
1_8,matched,3614 BCE-03-19 05:45:08,3614 BCE-03-19 05:45:08,0.107005052
1_8,matched,3614 BCE-05-02 01:18:08,3614 BCE-05-02 01:18:08,-0.074793398
1_8,matched,3614 BCE-06-14 19:03:00,3614 BCE-06-14 19:02:59,-0.042637065
1_8,matched,3614 BCE-07-29 10:41:27,3614 BCE-07-29 10:41:27,-0.418283790
1_8,matched,3614 BCE-09-10 08:11:10,3614 BCE-09-10 08:11:10,0.417438895
1_8,matched,3614 BCE-10-25 20:13:43,3614 BCE-10-25 20:13:43,0.021826476
1_8,matched,3614 BCE-12-06 21:12:19,3614 BCE-12-06 21:12:19,-0.162556954
1_8,matched,3613 BCE-01-22 05:50:55,3613 BCE-01-22 05:50:55,-0.031205826
1_8,matched,3613 BCE-03-03 10:12:35,3613 BCE-03-03 10:12:35,-0.233020261
1_8,matched,3613 BCE-04-19 15:31:47,3613 BCE-04-19 15:31:47,-0.296799839
1_8,matched,3613 BCE-05-29 23:11:46,3613 BCE-05-29 23:11:46,0.121705234
1_8,matched,3613 BCE-07-17 01:14:09,3613 BCE-07-17 01:14:09,0.373519398
1_8,matched,3613 BCE-08-25 12:06:13,3613 BCE-08-25 12:06:13,0.205616467
1_8,matched,3613 BCE-10-13 10:54:49,3613 BCE-10-13 10:54:49,-0.065937079
1_8,matched,3613 BCE-11-21 01:04:00,3613 BCE-11-21 01:03:59,-0.280440040
1_8,matched,3612 BCE-01-09 20:31:36,3612 BCE-01-09 20:31:36,0.465794094
1_8,matched,3612 BCE-02-16 14:05:35,3612 BCE-02-16 14:05:35,-0.413098745
1_8,matched,3612 BCE-04-08 06:04:51,3612 BCE-04-08 06:04:51,0.375621580
1_8,matched,3612 BCE-05-15 03:14:23,3612 BCE-05-15 03:14:23,-0.407310203
1_8,matched,3612 BCE-07-05 15:31:17,3612 BCE-07-05 15:31:17,-0.194155052
1_8,matched,3612 BCE-08-10 16:29:16,3612 BCE-08-10 16:29:16,-0.104138441
1_8,matched,3612 BCE-10-02 00:50:53,3612 BCE-10-02 00:50:53,0.248349085
1_8,matched,3612 BCE-11-06 05:49:51,3612 BCE-11-06 05:49:51,-0.222584791
1_8,matched,3612 BCE-12-29 09:58:52,3612 BCE-12-29 09:58:52,0.346668810
1_8,matched,3611 BCE-02-01 19:22:58,3611 BCE-02-01 19:22:58,-0.442856178
1_8,matched,3611 BCE-03-27 18:55:47,3611 BCE-03-27 18:55:47,0.301849097
1_8,matched,3611 BCE-04-30 09:06:32,3611 BCE-04-30 09:06:32,0.458295643
1_8,matched,3611 BCE-06-24 03:43:41,3611 BCE-06-24 03:43:41,-0.045337714
1_8,matched,3611 BCE-07-26 23:00:59,3611 BCE-07-26 23:00:59,0.343490392
1_8,matched,3611 BCE-09-20 12:18:25,3611 BCE-09-20 12:18:25,0.321040303
1_8,matched,3611 BCE-10-22 13:07:02,3611 BCE-10-22 13:07:02,-0.368792005
1_8,matched,3611 BCE-12-17 20:40:52,3611 BCE-12-17 20:40:52,-0.297071412
1_8,matched,3610 BCE-01-18 03:24:12,3610 BCE-01-18 03:24:12,-0.341946445
1_8,matched,3610 BCE-03-16 04:49:07,3610 BCE-03-16 04:49:07,-0.228232518
1_8,matched,3610 BCE-04-15 17:55:50,3610 BCE-04-15 17:55:50,-0.302341953
1_8,matched,3610 BCE-06-12 12:46:35,3610 BCE-06-12 12:46:35,0.219924375
1_8,matched,3610 BCE-07-12 08:39:04,3610 BCE-07-12 08:39:04,0.143038854
1_8,matched,3610 BCE-09-08 20:33:39,3610 BCE-09-08 20:33:39,0.258447602
1_8,matched,3610 BCE-10-07 23:32:37,3610 BCE-10-07 23:32:37,0.324007496
1_8,matched,3610 BCE-12-06 04:05:52,3610 BCE-12-06 04:05:52,-0.424816646
1_8,matched,3609 BCE-01-03 14:39:12,3609 BCE-01-03 14:39:12,0.378236733
1_8,matched,3609 BCE-03-03 11:25:57,3609 BCE-03-03 11:25:57,0.215186924
1_8,matched,3609 BCE-03-31 05:55:27,3609 BCE-03-31 05:55:27,-0.110791996
1_8,matched,3609 BCE-05-30 18:36:56,3609 BCE-05-30 18:36:56,0.221508555
1_8,matched,3609 BCE-06-26 21:22:53,3609 BCE-06-26 21:22:53,0.289784186
1_8,matched,3609 BCE-08-27 01:40:32,3609 BCE-08-27 01:40:32,0.051815249
1_8,matched,3609 BCE-09-22 12:59:14,3609 BCE-09-22 12:59:14,0.029817782
1_8,matched,3609 BCE-11-23 08:35:57,3609 BCE-11-23 08:35:57,0.166253373
1_8,matched,3609 BCE-12-19 04:42:09,3609 BCE-12-19 04:42:09,-0.350013189
1_8,matched,3608 BCE-02-19 15:20:03,3608 BCE-02-19 15:20:03,-0.430212915
1_8,matched,3608 BCE-03-16 20:33:11,3608 BCE-03-16 20:33:11,0.316157006
1_8,matched,3608 BCE-05-18 21:59:57,3608 BCE-05-18 21:59:57,0.067973882
1_8,matched,3608 BCE-06-12 12:27:44,3608 BCE-06-12 12:27:44,-0.404594466
1_8,matched,3608 BCE-08-15 04:37:55,3608 BCE-08-15 04:37:55,-0.372060947
1_8,matched,3608 BCE-09-08 04:25:27,3608 BCE-09-08 04:25:27,0.210524909
1_8,matched,3608 BCE-11-11 11:14:15,3608 BCE-11-11 11:14:15,-0.382255018
1_8,matched,3608 BCE-12-04 20:28:05,3608 BCE-12-04 20:28:05,0.433979742
1_8,matched,3607 BCE-02-07 17:47:55,3607 BCE-02-07 17:47:55,0.320889428
1_8,matched,3607 BCE-03-02 12:28:28,3607 BCE-03-02 12:28:28,-0.140458904
1_8,matched,3607 BCE-05-07 00:21:24,3607 BCE-05-07 00:21:24,-0.009837002
1_8,matched,3607 BCE-05-29 04:28:16,3607 BCE-05-29 04:28:16,0.443052314
1_8,matched,3607 BCE-08-03 07:00:28,3607 BCE-08-03 07:00:28,-0.055833533
1_8,matched,3607 BCE-08-24 20:20:17,3607 BCE-08-24 20:20:17,0.333316438
1_8,matched,3607 BCE-10-30 13:48:32,3607 BCE-10-30 13:48:32,0.261108018
1_8,matched,3607 BCE-11-20 12:07:01,3607 BCE-11-20 12:07:01,0.261786953
1_8,matched,3606 BCE-01-26 20:42:01,3606 BCE-01-26 20:42:02,0.543197617
1_8,matched,3606 BCE-02-16 03:47:57,3606 BCE-02-16 03:47:57,0.497543067
1_8,matched,3606 BCE-04-25 03:47:29,3606 BCE-04-25 03:47:29,0.357315503
1_8,matched,3606 BCE-05-14 19:13:51,3606 BCE-05-14 19:13:51,0.059283525
1_8,matched,3606 BCE-07-22 11:08:12,3606 BCE-07-22 11:08:12,-0.061174482
1_8,matched,3606 BCE-08-10 10:23:10,3606 BCE-08-10 10:23:10,0.113799423
1_8,matched,3606 BCE-10-18 18:49:53,3606 BCE-10-18 18:49:53,-0.387661345
1_8,matched,3606 BCE-11-06 01:12:21,3606 BCE-11-06 01:12:21,0.313687697
1_8,matched,3605 BCE-01-15 02:54:33,3605 BCE-01-15 02:54:33,-0.494631194
1_8,matched,3605 BCE-02-01 15:40:23,3605 BCE-02-01 15:40:23,0.315523334
1_8,matched,3605 BCE-04-12 11:22:03,3605 BCE-04-12 11:22:03,-0.392831303
1_8,matched,3605 BCE-04-29 05:43:53,3605 BCE-04-29 05:43:53,0.106994994
1_8,matched,3605 BCE-07-09 20:26:08,3605 BCE-07-09 20:26:08,-0.216459297
1_8,matched,3605 BCE-07-25 19:07:56,3605 BCE-07-25 19:07:56,0.338109210
1_8,matched,3605 BCE-10-06 06:12:28,3605 BCE-10-06 06:12:28,0.325677171
1_8,matched,3605 BCE-10-21 07:51:11,3605 BCE-10-21 07:51:11,0.337691791
1_8,matched,3604 BCE-01-02 16:49:15,3604 BCE-01-02 16:49:15,0.324776955
1_8,matched,3604 BCE-01-16 19:45:44,3604 BCE-01-16 19:45:44,-0.251447037
1_8,matched,3604 BCE-04-01 04:25:43,3604 BCE-04-01 04:25:43,-0.244647637
1_8,matched,3604 BCE-04-14 06:40:23,3604 BCE-04-14 06:40:23,0.143571943
1_8,matched,3604 BCE-06-28 17:17:40,3604 BCE-06-28 17:17:40,0.148078054
1_8,matched,3604 BCE-07-10 16:17:01,3604 BCE-07-10 16:17:02,0.677832775
1_8,matched,3604 BCE-09-25 07:57:20,3604 BCE-09-25 07:57:20,0.049587339
1_8,matched,3604 BCE-10-06 00:04:47,3604 BCE-10-06 00:04:47,0.159484148
1_8,matched,3604 BCE-12-23 01:05:24,3604 BCE-12-23 01:05:24,0.217223726
1_8,matched,3603 BCE-01-01 05:27:04,3603 BCE-01-01 05:27:04,-0.491834991
1_8,matched,3603 BCE-03-21 22:05:20,3603 BCE-03-21 22:05:19,-0.611211732
1_8,matched,3603 BCE-03-29 06:59:26,3603 BCE-03-29 06:59:27,0.605548918
1_8,matched,3603 BCE-06-19 03:13:08,3603 BCE-06-19 03:13:08,-0.148943067
1_8,matched,3603 BCE-06-24 00:22:50,3603 BCE-06-24 00:22:50,0.090187602
1_8,matched,3510 BCE-11-30 14:36:57,3510 BCE-11-30 14:36:46,-10.973738506
1_8,matched,3510 BCE-12-04 21:53:33,3510 BCE-12-04 21:53:56,23.047033511
1_8,matched,3509 BCE-02-25 11:01:48,3509 BCE-02-25 11:01:50,1.769377850
1_8,matched,3509 BCE-03-03 00:01:12,3509 BCE-03-03 00:00:58,-13.952272944
1_8,matched,3509 BCE-05-22 14:03:44,3509 BCE-05-22 14:03:39,-5.451056734
1_8,matched,3509 BCE-05-30 19:35:44,3509 BCE-05-30 19:35:50,6.172703393
1_8,matched,3509 BCE-08-17 19:54:20,3509 BCE-08-17 19:54:28,7.511833124
1_8,matched,3509 BCE-08-27 12:21:45,3509 BCE-08-27 12:21:47,1.896424033
1_8,matched,3509 BCE-11-13 03:27:16,3509 BCE-11-13 03:27:12,-3.733423725
1_8,matched,3509 BCE-11-24 03:24:48,3509 BCE-11-24 03:24:42,-5.516340025
1_8,matched,3508 BCE-02-08 12:07:36,3508 BCE-02-08 12:07:34,-2.435588278
1_8,matched,3508 BCE-02-20 17:19:01,3508 BCE-02-20 17:19:02,0.566221029
1_8,matched,3508 BCE-05-06 21:35:29,3508 BCE-05-06 21:35:32,3.026733734
1_8,matched,3508 BCE-05-20 06:27:15,3508 BCE-05-20 06:27:18,3.061892465
1_8,matched,3508 BCE-08-02 07:37:35,3508 BCE-08-02 07:37:35,0.423851050
1_8,matched,3508 BCE-08-16 19:04:29,3508 BCE-08-16 19:04:29,-0.361208059
1_8,matched,3508 BCE-10-28 17:55:55,3508 BCE-10-28 17:55:53,-1.940640248
1_8,matched,3508 BCE-11-13 07:25:16,3508 BCE-11-13 07:25:14,-1.956547424
1_8,matched,3507 BCE-01-24 04:30:35,3507 BCE-01-24 04:30:34,-0.855929777
1_8,matched,3507 BCE-02-09 19:26:27,3507 BCE-02-09 19:26:26,-0.734179281
1_8,matched,3507 BCE-04-21 15:18:13,3507 BCE-04-21 15:18:14,0.649815425
1_8,matched,3507 BCE-05-09 07:16:31,3507 BCE-05-09 07:16:32,0.790747069
1_8,matched,3507 BCE-07-18 02:12:40,3507 BCE-07-18 02:12:41,0.661000237
1_8,matched,3507 BCE-08-05 19:00:23,3507 BCE-08-05 19:00:25,1.617512852
1_8,matched,3507 BCE-10-13 13:14:22,3507 BCE-10-13 13:14:21,-0.754099712
1_8,matched,3507 BCE-11-02 06:42:01,3507 BCE-11-02 06:42:01,0.411253050
1_8,matched,3506 BCE-01-09 00:15:52,3506 BCE-01-09 00:15:51,-1.464868337
1_8,matched,3506 BCE-01-29 18:20:19,3506 BCE-01-29 18:20:17,-1.861727983
1_8,matched,3506 BCE-04-06 11:21:09,3506 BCE-04-06 11:21:10,0.884103030
1_8,matched,3506 BCE-04-28 05:52:35,3506 BCE-04-28 05:52:35,-0.466332212
1_8,matched,3506 BCE-07-02 22:29:38,3506 BCE-07-02 22:29:40,1.952433586
1_8,matched,3506 BCE-07-25 17:23:17,3506 BCE-07-25 17:23:18,1.028057188
1_8,matched,3506 BCE-09-28 09:37:52,3506 BCE-09-28 09:37:51,-0.566809438
1_8,matched,3506 BCE-10-22 04:55:26,3506 BCE-10-22 04:55:27,1.279735565
1_8,matched,3506 BCE-12-24 20:50:44,3506 BCE-12-24 20:50:42,-1.698094793
1_8,matched,3505 BCE-01-18 16:25:38,3505 BCE-01-18 16:25:37,-0.851981901
1_8,matched,3505 BCE-03-21 08:04:23,3505 BCE-03-21 08:04:25,1.524513960
1_8,matched,3505 BCE-04-16 03:51:05,3505 BCE-04-16 03:51:03,-1.993109286
1_8,matched,3505 BCE-06-16 19:21:31,3505 BCE-06-16 19:21:33,2.042409964
1_8,matched,3505 BCE-07-13 15:11:31,3505 BCE-07-13 15:11:32,1.061883196
1_8,matched,3505 BCE-09-12 06:42:24,3505 BCE-09-12 06:42:23,-1.263229921
1_8,matched,3505 BCE-10-10 02:29:21,3505 BCE-10-10 02:29:23,1.736452058
1_8,matched,3505 BCE-12-08 18:06:32,3505 BCE-12-08 18:06:31,-1.266116649
1_8,matched,3504 BCE-01-06 13:44:23,3504 BCE-01-06 13:44:22,-0.916661695
1_8,matched,3504 BCE-03-06 05:38:37,3504 BCE-03-06 05:38:38,1.399434172
1_8,matched,3504 BCE-04-05 00:50:29,3504 BCE-04-05 00:50:26,-2.547275461
1_8,matched,3504 BCE-06-01 17:17:17,3504 BCE-06-01 17:17:18,0.989393145
1_8,matched,3504 BCE-07-02 11:48:59,3504 BCE-07-02 11:48:59,-0.258608535
1_8,matched,3504 BCE-08-28 05:01:43,3504 BCE-08-28 05:01:41,-1.793552935
1_8,matched,3504 BCE-09-28 22:39:00,3504 BCE-09-28 22:39:02,2.131486125
1_8,matched,3504 BCE-11-23 16:56:16,3504 BCE-11-23 16:56:15,-1.442785375
1_8,matched,3504 BCE-12-26 09:20:25,3504 BCE-12-26 09:20:26,0.517745130
1_8,matched,3503 BCE-02-19 05:00:05,3503 BCE-02-19 05:00:07,1.827821508
1_8,matched,3503 BCE-03-24 19:51:25,3503 BCE-03-24 19:51:23,-1.669262722
1_8,matched,3503 BCE-05-17 17:16:43,3503 BCE-05-17 17:16:44,1.156028733
1_8,matched,3503 BCE-06-21 06:08:37,3503 BCE-06-21 06:08:36,-1.103982143
1_8,matched,3503 BCE-08-13 05:43:31,3503 BCE-08-13 05:43:30,-0.928917713
1_8,matched,3503 BCE-09-17 16:14:26,3503 BCE-09-17 16:14:26,0.415965356
1_8,matched,3503 BCE-11-08 18:21:01,3503 BCE-11-08 18:20:59,-1.293450035
1_8,matched,3503 BCE-12-15 02:07:48,3503 BCE-12-15 02:07:50,1.994879544
1_8,matched,3502 BCE-02-04 07:15:03,3502 BCE-02-04 07:15:04,0.803440623
1_8,matched,3502 BCE-03-13 11:45:58,3502 BCE-03-13 11:45:59,0.535236485
1_8,matched,3502 BCE-05-02 20:23:46,3502 BCE-05-02 20:23:48,1.721616089
1_8,matched,3502 BCE-06-09 21:09:41,3502 BCE-06-09 21:09:40,-1.196759753
1_8,matched,3502 BCE-07-29 09:46:14,3502 BCE-07-29 09:46:14,0.010435469
1_8,matched,3502 BCE-09-06 06:15:37,3502 BCE-09-06 06:15:36,-1.157109998
1_8,matched,3502 BCE-10-24 23:23:43,3502 BCE-10-24 23:23:41,-1.840796694
1_8,matched,3502 BCE-12-03 15:07:20,3502 BCE-12-03 15:07:20,0.020317733
1_8,matched,3501 BCE-01-20 13:16:02,3501 BCE-01-20 13:16:02,-0.063432567
1_8,matched,3501 BCE-02-29 23:41:57,3501 BCE-02-29 23:41:58,1.444123127
1_8,matched,3501 BCE-04-17 03:30:13,3501 BCE-04-17 03:30:14,1.378965564
1_8,matched,3501 BCE-05-28 07:59:41,3501 BCE-05-28 07:59:41,0.464974344
1_8,matched,3501 BCE-07-13 17:58:27,3501 BCE-07-13 17:58:28,1.432284527
1_8,matched,3501 BCE-08-24 16:00:40,3501 BCE-08-24 16:00:39,-0.592322275
1_8,matched,3501 BCE-10-09 08:41:16,3501 BCE-10-09 08:41:16,-0.001634471
1_8,matched,3501 BCE-11-20 23:43:42,3501 BCE-11-20 23:43:41,-1.205460168
1_8,matched,3500 BCE-01-04 23:41:32,3500 BCE-01-04 23:41:31,-1.071901247
1_8,matched,3500 BCE-02-17 07:09:29,3500 BCE-02-17 07:09:28,-0.741305575
1_8,matched,3500 BCE-04-02 14:59:24,3500 BCE-04-02 14:59:23,-0.594967604
1_8,matched,3500 BCE-05-16 14:18:22,3500 BCE-05-16 14:18:22,0.430393964
1_8,matched,3500 BCE-06-29 06:37:14,3500 BCE-06-29 06:37:14,0.375475734
1_8,matched,3500 BCE-08-12 21:11:04,3500 BCE-08-12 21:11:05,0.833705999
1_8,matched,3500 BCE-09-24 22:27:36,3500 BCE-09-24 22:27:38,1.570540667
1_8,matched,3500 BCE-11-09 03:48:58,3500 BCE-11-09 03:48:59,1.029002666
1_8,matched,3500 BCE-12-21 14:30:54,3500 BCE-12-21 14:30:54,0.254776329
1_8,matched,3499 BCE-02-05 10:09:49,3499 BCE-02-05 10:09:49,0.472920388
1_8,matched,3499 BCE-03-19 06:51:52,3499 BCE-03-19 06:51:51,-0.613238476
1_8,matched,3499 BCE-05-04 16:15:20,3499 BCE-05-04 16:15:20,-0.156275555
1_8,matched,3499 BCE-06-14 23:26:16,3499 BCE-06-14 23:26:15,-1.466915198
1_8,matched,3499 BCE-07-31 22:09:53,3499 BCE-07-31 22:09:52,-0.818387233
1_8,matched,3499 BCE-09-10 16:13:53,3499 BCE-09-10 16:13:52,-0.747189671
1_8,matched,3499 BCE-10-28 03:52:23,3499 BCE-10-28 03:52:22,-1.353432611
1_8,matched,3499 BCE-12-07 09:09:45,3499 BCE-12-07 09:09:45,0.366921164
1_8,matched,3498 BCE-01-24 09:25:14,3498 BCE-01-24 09:25:13,-0.582676381
1_8,matched,3498 BCE-03-05 02:14:20,3498 BCE-03-05 02:14:21,0.893120281
1_8,matched,3498 BCE-04-22 14:46:42,3498 BCE-04-22 14:46:43,0.639525801
1_8,matched,3498 BCE-05-31 19:30:10,3498 BCE-05-31 19:30:11,1.035077870
1_8,matched,3498 BCE-07-19 20:02:11,3498 BCE-07-19 20:02:12,0.841516256
1_8,matched,3498 BCE-08-27 12:50:09,3498 BCE-08-27 12:50:09,-0.017742813
1_8,matched,3498 BCE-10-16 01:15:46,3498 BCE-10-16 01:15:47,1.387731358
1_8,matched,3498 BCE-11-23 06:12:34,3498 BCE-11-23 06:12:33,-0.854018703
1_8,matched,3497 BCE-01-12 06:25:12,3497 BCE-01-12 06:25:13,0.640280172
1_8,matched,3497 BCE-02-18 23:36:28,3497 BCE-02-18 23:36:27,-1.229760982
1_8,matched,3497 BCE-04-09 11:34:03,3497 BCE-04-09 11:34:03,0.343118235
1_8,matched,3497 BCE-05-16 16:59:00,3497 BCE-05-16 16:58:59,-0.709088892
1_8,matched,3497 BCE-07-06 16:45:43,3497 BCE-07-06 16:45:42,-0.908449106
1_8,matched,3497 BCE-08-12 10:19:36,3497 BCE-08-12 10:19:36,0.181501731
1_8,matched,3497 BCE-10-02 22:04:35,3497 BCE-10-02 22:04:34,-1.250435784
1_8,matched,3497 BCE-11-08 03:31:08,3497 BCE-11-08 03:31:09,1.273217797
1_8,matched,3497 BCE-12-30 03:33:44,3497 BCE-12-30 03:33:43,-0.764982775
1_8,matched,3496 BCE-02-03 20:32:25,3496 BCE-02-03 20:32:26,1.301702857
1_8,matched,3496 BCE-03-28 09:09:30,3496 BCE-03-28 09:09:30,-0.295944884
1_8,matched,3496 BCE-05-02 13:24:47,3496 BCE-05-02 13:24:47,0.333391875
1_8,matched,3496 BCE-06-24 14:59:57,3496 BCE-06-24 14:59:57,-0.056125224
1_8,matched,3496 BCE-07-29 06:00:00,3496 BCE-07-29 05:59:59,-1.062018983
1_8,matched,3496 BCE-09-20 21:09:08,3496 BCE-09-20 21:09:09,0.933172368
1_8,matched,3496 BCE-10-24 22:18:59,3496 BCE-10-24 22:18:58,-0.714077801
1_8,matched,3496 BCE-12-18 03:40:35,3496 BCE-12-18 03:40:36,0.629427284
1_8,matched,3495 BCE-01-20 14:15:13,3495 BCE-01-20 14:15:12,-0.548976101
1_8,matched,3495 BCE-03-16 10:33:37,3495 BCE-03-16 10:33:38,0.720077567
1_8,matched,3495 BCE-04-18 05:48:34,3495 BCE-04-18 05:48:35,1.048897952
1_8,matched,3495 BCE-06-12 17:48:41,3495 BCE-06-12 17:48:40,-0.756589137
1_8,matched,3495 BCE-07-14 20:57:48,3495 BCE-07-14 20:57:49,1.226934604
1_8,matched,3495 BCE-09-09 01:33:38,3495 BCE-09-09 01:33:37,-1.385337487
1_8,matched,3495 BCE-10-10 11:35:40,3495 BCE-10-10 11:35:41,0.566563010
1_8,matched,3495 BCE-12-06 09:52:32,3495 BCE-12-06 09:52:32,-0.149355456
1_8,matched,3494 BCE-01-06 01:45:10,3494 BCE-01-06 01:45:09,-0.829401053
1_8,matched,3494 BCE-03-04 18:42:44,3494 BCE-03-04 18:42:44,0.311836973
1_8,matched,3494 BCE-04-03 15:22:31,3494 BCE-04-03 15:22:31,-0.479765050
1_8,matched,3494 BCE-06-01 04:06:35,3494 BCE-06-01 04:06:36,0.721862912
1_8,matched,3494 BCE-06-30 04:23:10,3494 BCE-06-30 04:23:11,0.999848731
1_8,matched,3494 BCE-08-28 14:06:35,3494 BCE-08-28 14:06:35,-0.414979644
1_8,matched,3494 BCE-09-25 16:47:59,3494 BCE-09-25 16:47:59,0.291257724
1_8,matched,3494 BCE-11-25 00:49:02,3494 BCE-11-25 00:49:01,-1.189839654
1_8,matched,3494 BCE-12-22 04:30:53,3494 BCE-12-22 04:30:53,-0.350350142
1_8,matched,3493 BCE-02-21 12:14:32,3493 BCE-02-21 12:14:32,0.085897744
1_8,matched,3493 BCE-03-18 15:36:55,3493 BCE-03-18 15:36:54,-0.943004340
1_8,matched,3493 BCE-05-20 00:19:15,3493 BCE-05-20 00:19:16,0.572819263
1_8,matched,3493 BCE-06-14 02:00:07,3493 BCE-06-14 02:00:07,0.412359461
1_8,matched,3493 BCE-08-16 13:13:07,3493 BCE-08-16 13:13:07,-0.423956662
1_8,matched,3493 BCE-09-09 11:33:06,3493 BCE-09-09 11:33:06,0.288929231
1_8,matched,3493 BCE-11-13 02:58:28,3493 BCE-11-13 02:58:28,-0.362274237
1_8,matched,3493 BCE-12-05 20:16:58,3493 BCE-12-05 20:16:57,-0.956004672
1_8,matched,3492 BCE-02-09 17:39:29,3492 BCE-02-09 17:39:29,0.215403177
1_8,matched,3492 BCE-03-03 04:07:33,3492 BCE-03-03 04:07:34,0.623538159
1_8,matched,3492 BCE-05-09 09:19:46,3492 BCE-05-09 09:19:47,0.694273040
1_8,matched,3492 BCE-05-29 11:01:02,3492 BCE-05-29 11:01:02,0.111566484
1_8,matched,3492 BCE-08-06 02:05:41,3492 BCE-08-06 02:05:40,-1.292826422
1_8,matched,3492 BCE-08-24 16:46:42,3492 BCE-08-24 16:46:42,-0.195497833
1_8,matched,3492 BCE-11-02 20:19:27,3492 BCE-11-02 20:19:28,0.554699264
1_8,matched,3492 BCE-11-19 21:03:43,3492 BCE-11-19 21:03:43,0.460629165
1_8,matched,3491 BCE-01-30 16:16:09,3491 BCE-01-30 16:16:09,-0.412092917
1_8,matched,3491 BCE-02-14 23:42:40,3491 BCE-02-14 23:42:40,-0.415100344
1_8,matched,3491 BCE-04-29 14:24:36,3491 BCE-04-29 14:24:36,0.311615691
1_8,matched,3491 BCE-05-13 00:10:59,3491 BCE-05-13 00:11:00,1.043215021
1_8,matched,3491 BCE-07-27 15:49:40,3491 BCE-07-27 15:49:40,-0.182125345
1_8,matched,3491 BCE-08-07 21:22:52,3491 BCE-08-07 21:22:51,-0.736150704
1_8,matched,3491 BCE-10-24 22:46:16,3491 BCE-10-24 22:46:17,1.431565359
1_8,matched,3491 BCE-11-02 13:01:26,3491 BCE-11-02 13:01:26,0.346206129
1_8,matched,3490 BCE-01-22 19:51:57,3490 BCE-01-22 19:51:59,1.895951293
1_8,matched,3490 BCE-01-27 14:31:47,3490 BCE-01-27 14:31:48,0.635980256
1_8,matched,3458 BCE-05-02 14:33:47,3458 BCE-05-02 14:33:48,0.816561654
1_8,matched,3458 BCE-05-07 21:47:00,3458 BCE-05-07 21:47:02,1.755049825
1_8,matched,3458 BCE-07-27 17:09:44,3458 BCE-07-27 17:09:45,0.887241215
1_8,matched,3458 BCE-08-05 17:41:26,3458 BCE-08-05 17:41:27,1.099184342
1_8,matched,3458 BCE-10-22 09:53:20,3458 BCE-10-22 09:53:20,-0.122107565
1_8,matched,3458 BCE-11-02 23:24:53,3458 BCE-11-02 23:24:52,-0.908097066
1_8,matched,3457 BCE-01-17 08:42:33,3457 BCE-01-17 08:42:32,-0.689067878
1_8,matched,3457 BCE-01-30 23:01:48,3457 BCE-01-30 23:01:49,0.990982354
1_8,matched,3457 BCE-04-13 11:11:27,3457 BCE-04-13 11:11:28,0.666094758
1_8,matched,3457 BCE-04-28 18:57:38,3457 BCE-04-28 18:57:37,-0.781297311
1_8,matched,3457 BCE-07-09 16:16:26,3457 BCE-07-09 16:16:26,-0.195432454
1_8,matched,3457 BCE-07-26 12:20:16,3457 BCE-07-26 12:20:17,0.501355156
1_8,matched,3457 BCE-10-04 23:15:31,3457 BCE-10-04 23:15:30,-0.878254138
1_8,matched,3457 BCE-10-23 03:49:18,3457 BCE-10-23 03:49:19,1.116585173
1_8,matched,3457 BCE-12-31 07:51:32,3457 BCE-12-31 07:51:33,0.670163333
1_8,matched,3456 BCE-01-19 17:37:40,3456 BCE-01-19 17:37:39,-0.752088055
1_8,matched,3456 BCE-03-28 17:45:05,3456 BCE-03-28 17:45:06,0.644328631
1_8,matched,3456 BCE-04-18 06:10:29,3456 BCE-04-18 06:10:29,-0.329318270
1_8,matched,3456 BCE-06-24 04:39:27,3456 BCE-06-24 04:39:26,-0.769679993
1_8,matched,3456 BCE-07-15 17:41:25,3456 BCE-07-15 17:41:25,0.476164185
1_8,matched,3456 BCE-09-19 16:31:06,3456 BCE-09-19 16:31:05,-0.605890900
1_8,matched,3456 BCE-10-12 04:17:42,3456 BCE-10-12 04:17:43,0.853490643
1_8,matched,3456 BCE-12-16 05:11:58,3456 BCE-12-16 05:11:59,0.515778735
1_8,matched,3455 BCE-01-08 14:05:37,3455 BCE-01-08 14:05:37,0.152186863
1_8,matched,3455 BCE-03-13 18:34:14,3455 BCE-03-13 18:34:14,0.189905427
1_8,matched,3455 BCE-04-06 23:09:24,3455 BCE-04-06 23:09:23,-1.098289154
1_8,matched,3455 BCE-06-09 08:30:54,3455 BCE-06-09 08:30:54,-0.098480657
1_8,matched,3455 BCE-07-04 07:40:33,3455 BCE-07-04 07:40:33,-0.159961917
1_8,matched,3455 BCE-09-04 22:53:46,3455 BCE-09-04 22:53:45,-1.027036272
1_8,matched,3455 BCE-09-30 15:44:56,3455 BCE-09-30 15:44:57,0.576470420
1_8,matched,3455 BCE-12-01 13:46:46,3455 BCE-12-01 13:46:46,0.047942810
1_8,matched,3455 BCE-12-27 23:22:04,3455 BCE-12-27 23:22:05,0.526837818
1_8,matched,3454 BCE-02-27 05:02:35,3454 BCE-02-27 05:02:36,1.158930548
1_8,matched,3454 BCE-03-26 06:37:48,3454 BCE-03-26 06:37:49,0.734254718
1_8,matched,3454 BCE-05-25 20:33:27,3454 BCE-05-25 20:33:27,0.401466340
1_8,matched,3454 BCE-06-22 13:35:09,3454 BCE-06-22 13:35:09,-0.319742784
1_8,matched,3454 BCE-08-21 12:18:24,3454 BCE-08-21 12:18:24,0.326190144
1_8,matched,3454 BCE-09-18 20:20:38,3454 BCE-09-18 20:20:37,-0.614017993
1_8,matched,3454 BCE-11-17 04:13:12,3454 BCE-11-17 04:13:11,-0.661553442
1_8,matched,3454 BCE-12-16 02:56:15,3454 BCE-12-16 02:56:14,-0.588480011
1_8,matched,3453 BCE-02-12 20:20:39,3453 BCE-02-12 20:20:39,-0.393620878
1_8,matched,3453 BCE-03-13 09:22:13,3453 BCE-03-13 09:22:13,-0.194743462
1_8,matched,3453 BCE-05-10 12:31:58,3453 BCE-05-10 12:31:58,0.395637564
1_8,matched,3453 BCE-06-09 15:44:50,3453 BCE-06-09 15:44:50,0.266599841
1_8,matched,3453 BCE-08-06 04:42:44,3453 BCE-08-06 04:42:45,0.899446942
1_8,matched,3453 BCE-09-05 22:06:01,3453 BCE-09-05 22:06:02,1.215719618
1_8,matched,3453 BCE-11-01 20:55:34,3453 BCE-11-01 20:55:35,0.632087700
1_8,matched,3453 BCE-12-03 04:26:42,3453 BCE-12-03 04:26:43,1.127553731
1_8,matched,3452 BCE-01-28 13:07:18,3452 BCE-01-28 13:07:18,-0.139850378
1_8,matched,3452 BCE-03-01 10:51:17,3452 BCE-03-01 10:51:17,-0.367142446
1_8,matched,3452 BCE-04-26 05:15:42,3452 BCE-04-26 05:15:41,-0.607032515
1_8,matched,3452 BCE-05-28 17:19:41,3452 BCE-05-28 17:19:40,-0.980572030
1_8,matched,3452 BCE-07-22 21:16:02,3452 BCE-07-22 21:16:01,-1.193093508
1_8,matched,3452 BCE-08-24 23:57:29,3452 BCE-08-24 23:57:28,-1.458300278
1_8,matched,3452 BCE-10-18 13:05:51,3452 BCE-10-18 13:05:51,0.448202156
1_8,matched,3452 BCE-11-21 06:43:00,3452 BCE-11-21 06:42:59,-0.651248731
1_8,matched,3451 BCE-01-14 04:50:56,3451 BCE-01-14 04:50:57,0.582741760
1_8,matched,3451 BCE-02-17 13:36:46,3451 BCE-02-17 13:36:47,0.508204848
1_8,matched,3451 BCE-04-11 20:25:37,3451 BCE-04-11 20:25:38,1.208075322
1_8,matched,3451 BCE-05-16 20:44:48,3451 BCE-05-16 20:44:49,0.573322177
1_8,matched,3451 BCE-07-08 11:46:41,3451 BCE-07-08 11:46:40,-0.665647164
1_8,matched,3451 BCE-08-13 04:04:37,3451 BCE-08-13 04:04:38,1.270351186
1_8,matched,3451 BCE-10-04 02:53:02,3451 BCE-10-04 02:53:01,-0.796002522
1_8,matched,3451 BCE-11-09 11:39:08,3451 BCE-11-09 11:39:08,-0.029676966
1_8,matched,3451 BCE-12-30 17:45:20,3451 BCE-12-30 17:45:20,-0.307622552
1_8,matched,3450 BCE-02-05 19:26:41,3450 BCE-02-05 19:26:40,-0.697164796
1_8,matched,3450 BCE-03-28 08:26:40,3450 BCE-03-28 08:26:40,0.266956910
1_8,matched,3450 BCE-05-05 03:30:10,3450 BCE-05-05 03:30:09,-0.933630019
1_8,matched,3450 BCE-06-23 22:53:24,3450 BCE-06-23 22:53:25,1.185720786
1_8,matched,3450 BCE-08-01 11:50:38,3450 BCE-08-01 11:50:38,-0.374997966
1_8,matched,3450 BCE-09-19 13:01:29,3450 BCE-09-19 13:01:29,-0.096866302
1_8,matched,3450 BCE-10-28 20:24:18,3450 BCE-10-28 20:24:20,1.562147029
1_8,matched,3450 BCE-12-16 02:56:43,3450 BCE-12-16 02:56:42,-1.354192011
1_8,matched,3449 BCE-01-25 05:11:29,3449 BCE-01-25 05:11:30,0.503095239
1_8,matched,3449 BCE-03-12 16:37:09,3449 BCE-03-12 16:37:08,-0.882750191
1_8,matched,3449 BCE-04-22 14:14:25,3449 BCE-04-22 14:14:24,-0.671827979
1_8,matched,3449 BCE-06-08 06:05:46,3449 BCE-06-08 06:05:47,0.920061395
1_8,matched,3449 BCE-07-19 23:32:20,3449 BCE-07-19 23:32:18,-1.618433185
1_8,matched,3449 BCE-09-03 19:20:23,3449 BCE-09-03 19:20:24,0.675293058
1_8,matched,3449 BCE-10-16 09:03:39,3449 BCE-10-16 09:03:39,0.068657845
1_8,matched,3449 BCE-11-30 08:21:04,3449 BCE-11-30 08:21:03,-0.577390753
1_8,matched,3448 BCE-01-12 18:42:59,3448 BCE-01-12 18:43:00,1.235453971
1_8,matched,3448 BCE-02-25 21:13:45,3448 BCE-02-25 21:13:43,-1.584989391
1_8,matched,3448 BCE-04-11 04:32:21,3448 BCE-04-11 04:32:22,0.688811392
1_8,matched,3448 BCE-05-24 09:55:57,3448 BCE-05-24 09:55:57,0.453714095
1_8,matched,3448 BCE-07-08 14:32:44,3448 BCE-07-08 14:32:43,-0.846344233
1_8,matched,3448 BCE-08-19 22:30:44,3448 BCE-08-19 22:30:45,1.383828744
1_8,matched,3448 BCE-10-05 00:40:05,3448 BCE-10-05 00:40:04,-1.099129021
1_8,matched,3448 BCE-11-15 11:00:19,3448 BCE-11-15 11:00:19,-0.310031511
1_8,matched,3447 BCE-01-01 10:50:59,3447 BCE-01-01 10:50:59,0.269044004
1_8,matched,3447 BCE-02-10 23:25:06,3447 BCE-02-10 23:25:04,-1.593398117
1_8,matched,3447 BCE-03-30 21:02:55,3447 BCE-03-30 21:02:57,1.521370746
1_8,matched,3447 BCE-05-09 11:49:40,3447 BCE-05-09 11:49:40,-0.030979514
1_8,matched,3447 BCE-06-27 07:16:56,3447 BCE-06-27 07:16:57,1.191026531
1_8,matched,3447 BCE-08-05 00:12:03,3447 BCE-08-05 00:12:05,1.565803215
1_8,matched,3447 BCE-09-23 17:33:17,3447 BCE-09-23 17:33:16,-0.835330412
1_8,matched,3447 BCE-10-31 12:36:30,3447 BCE-10-31 12:36:30,-0.293792412
1_8,matched,3447 BCE-12-21 03:43:52,3447 BCE-12-21 03:43:50,-1.587131806
1_8,matched,3446 BCE-01-27 01:06:08,3446 BCE-01-27 01:06:06,-1.638911851
1_8,matched,3446 BCE-03-19 13:49:06,3446 BCE-03-19 13:49:06,0.213768706
1_8,matched,3446 BCE-04-24 13:39:28,3446 BCE-04-24 13:39:28,0.177387893
1_8,matched,3446 BCE-06-15 23:48:24,3446 BCE-06-15 23:48:26,1.946896501
1_8,matched,3446 BCE-07-21 02:20:32,3446 BCE-07-21 02:20:34,1.778068207
1_8,matched,3446 BCE-09-12 09:41:39,3446 BCE-09-12 09:41:40,0.845755823
1_8,matched,3446 BCE-10-16 15:09:26,3446 BCE-10-16 15:09:27,1.137400791
1_8,matched,3446 BCE-12-09 19:26:14,3446 BCE-12-09 19:26:13,-1.327522472
1_8,matched,3445 BCE-01-12 04:08:49,3445 BCE-01-12 04:08:47,-2.157708071
1_8,matched,3445 BCE-03-07 04:56:01,3445 BCE-03-07 04:55:59,-1.042963564
1_8,matched,3445 BCE-04-08 17:19:53,3445 BCE-04-08 17:19:52,-1.038537920
1_8,matched,3445 BCE-06-03 14:15:51,3445 BCE-06-03 14:15:51,0.255943090
1_8,matched,3445 BCE-07-05 06:40:02,3445 BCE-07-05 06:40:03,1.458581910
1_8,matched,3445 BCE-08-30 23:25:01,3445 BCE-08-30 23:25:03,1.766269840
1_8,matched,3445 BCE-09-30 20:12:42,3445 BCE-09-30 20:12:44,1.766521297
1_8,matched,3445 BCE-11-27 08:22:30,3445 BCE-11-27 08:22:31,1.340633444
1_8,matched,3445 BCE-12-27 10:00:41,3445 BCE-12-27 10:00:41,-0.231400877
1_8,matched,3444 BCE-02-23 17:04:48,3444 BCE-02-23 17:04:47,-1.274052635
1_8,matched,3444 BCE-03-25 00:00:31,3444 BCE-03-25 00:00:28,-2.502370253
1_8,matched,3444 BCE-05-23 01:31:43,3444 BCE-05-23 01:31:40,-2.527445555
1_8,matched,3444 BCE-06-20 14:13:58,3444 BCE-06-20 14:13:58,-0.412460044
1_8,matched,3444 BCE-08-19 09:46:43,3444 BCE-08-19 09:46:42,-1.005023718
1_8,matched,3444 BCE-09-16 04:37:04,3444 BCE-09-16 04:37:06,1.729189977
1_8,matched,3444 BCE-11-15 17:50:16,3444 BCE-11-15 17:50:18,1.809309237
1_8,matched,3444 BCE-12-12 19:15:21,3444 BCE-12-12 19:15:23,1.544022001
1_8,matched,3443 BCE-02-12 01:39:23,3443 BCE-02-12 01:39:25,2.376279607
1_8,matched,3443 BCE-03-10 10:09:11,3443 BCE-03-10 10:09:11,0.074189901
1_8,matched,3443 BCE-05-11 09:16:11,3443 BCE-05-11 09:16:12,0.853108428
1_8,matched,3443 BCE-06-06 01:11:35,3443 BCE-06-06 01:11:33,-2.140020579
1_8,matched,3443 BCE-08-07 16:40:38,3443 BCE-08-07 16:40:38,-0.485397689
1_8,matched,3443 BCE-09-01 16:23:34,3443 BCE-09-01 16:23:33,-1.195587963
1_8,matched,3443 BCE-11-03 23:56:16,3443 BCE-11-03 23:56:15,-1.426687092
1_8,matched,3443 BCE-11-28 07:44:34,3443 BCE-11-28 07:44:34,0.392283127
1_8,matched,3442 BCE-01-31 07:02:28,3442 BCE-01-31 07:02:27,-1.324188150
1_8,matched,3442 BCE-02-23 23:16:57,3442 BCE-02-23 23:16:59,1.655628718
1_8,matched,3442 BCE-04-29 13:58:24,3442 BCE-04-29 13:58:24,0.169135071
1_8,matched,3442 BCE-05-22 14:59:43,3442 BCE-05-22 14:59:44,0.997711346
1_8,matched,3442 BCE-07-26 20:48:58,3442 BCE-07-26 20:48:59,1.232496835
1_8,matched,3442 BCE-08-18 06:43:02,3442 BCE-08-18 06:43:01,-1.011164300
1_8,matched,3442 BCE-10-23 03:34:41,3442 BCE-10-23 03:34:42,1.333270781
1_8,matched,3442 BCE-11-13 22:31:57,3442 BCE-11-13 22:31:55,-1.779707707
1_8,matched,3441 BCE-01-19 10:16:39,3441 BCE-01-19 10:16:40,0.941012800
1_8,matched,3441 BCE-02-09 14:24:10,3441 BCE-02-09 14:24:09,-1.243389957
1_8,matched,3441 BCE-04-16 16:57:49,3441 BCE-04-16 16:57:48,-0.695183314
1_8,matched,3441 BCE-05-07 06:19:00,3441 BCE-05-07 06:18:59,-0.163824297
1_8,matched,3441 BCE-07-13 23:37:55,3441 BCE-07-13 23:37:54,-1.195794158
1_8,matched,3441 BCE-08-02 22:12:01,3441 BCE-08-02 22:12:02,0.963955745
1_8,matched,3441 BCE-10-10 06:24:01,3441 BCE-10-10 06:23:59,-1.697451063
1_8,matched,3441 BCE-10-29 13:57:35,3441 BCE-10-29 13:57:36,1.218349859
1_8,matched,3440 BCE-01-06 13:15:17,3440 BCE-01-06 13:15:16,-0.740898214
1_8,matched,3440 BCE-01-25 05:39:06,3440 BCE-01-25 05:39:07,0.524966978
1_8,matched,3440 BCE-04-04 20:15:06,3440 BCE-04-04 20:15:06,-0.373443961
1_8,matched,3440 BCE-04-22 21:12:59,3440 BCE-04-22 21:12:58,-0.628210232
1_8,matched,3440 BCE-07-02 03:28:58,3440 BCE-07-02 03:28:59,0.982628949
1_8,matched,3440 BCE-07-19 12:32:19,3440 BCE-07-19 12:32:17,-1.595022529
1_8,matched,3440 BCE-09-28 10:56:53,3440 BCE-09-28 10:56:54,0.874084979
1_8,matched,3440 BCE-10-15 03:35:24,3440 BCE-10-15 03:35:23,-0.779265538
1_8,matched,3440 BCE-12-25 18:46:43,3440 BCE-12-25 18:46:44,1.240764745
1_8,matched,3439 BCE-01-10 18:15:48,3439 BCE-01-10 18:15:48,0.426893681
1_8,matched,3439 BCE-03-24 03:01:15,3439 BCE-03-24 03:01:15,0.439924188
1_8,matched,3439 BCE-04-08 08:32:46,3439 BCE-04-08 08:32:48,1.755603030
1_8,matched,3439 BCE-06-20 11:50:25,3439 BCE-06-20 11:50:23,-1.780975051
1_8,matched,3439 BCE-07-04 22:17:58,3439 BCE-07-04 22:17:59,0.710084662
1_8,matched,3439 BCE-09-16 21:20:44,3439 BCE-09-16 21:20:42,-2.310855500
1_8,matched,3439 BCE-09-30 11:19:01,3439 BCE-09-30 11:18:59,-2.241503634
1_8,matched,3439 BCE-12-14 07:38:10,3439 BCE-12-14 07:38:11,0.653884001
1_8,matched,3439 BCE-12-26 23:31:48,3439 BCE-12-26 23:31:45,-3.174892254
1_8,matched,3438 BCE-03-12 18:58:10,3438 BCE-03-12 18:58:14,4.289953597
1_8,matched,3438 BCE-03-24 10:40:15,3438 BCE-03-24 10:40:18,3.004132770
1_8,matched,3438 BCE-06-09 07:44:47,3438 BCE-06-09 07:44:47,0.362168625
1_8,matched,3438 BCE-06-19 20:25:14,3438 BCE-06-19 20:25:18,3.957929648
1_8,matched,3438 BCE-09-05 22:27:24,3438 BCE-09-05 22:27:16,-8.192633092
1_8,matched,3438 BCE-09-15 04:16:07,3438 BCE-09-15 04:15:59,-7.577604242
1_8,matched,3438 BCE-12-03 16:07:03,3438 BCE-12-03 16:07:11,7.593008503
1_8,matched,3438 BCE-12-11 09:06:32,3438 BCE-12-11 09:06:39,6.506653503
1_8,matched,3437 BCE-03-01 14:52:48,3437 BCE-03-01 14:52:39,-9.072541818
1_8,matched,3437 BCE-03-07 08:49:25,3437 BCE-03-07 08:49:15,-9.684326872
1_8,matched,3437 BCE-05-30 05:25:02,3437 BCE-05-30 05:25:35,32.802673616
1_8,matched,3437 BCE-06-01 16:45:21,3437 BCE-06-01 16:45:46,24.653004482
1_8,matched,3345 BCE-11-23 15:18:28,3345 BCE-11-23 15:18:03,-24.985838123
1_8,matched,3345 BCE-11-25 21:07:23,3345 BCE-11-25 21:08:11,47.743454576
1_8,matched,3344 BCE-02-18 05:08:46,3344 BCE-02-18 05:08:32,-14.294923469
1_8,matched,3344 BCE-02-23 05:48:40,3344 BCE-02-23 05:48:23,-16.995301098
1_8,matched,3344 BCE-05-16 07:38:06,3344 BCE-05-16 07:38:10,4.487986118
1_8,matched,3344 BCE-05-23 01:51:30,3344 BCE-05-23 01:51:44,14.026135951
1_8,matched,3344 BCE-08-11 14:12:55,3344 BCE-08-11 14:13:01,5.747237988
1_8,matched,3344 BCE-08-19 17:48:50,3344 BCE-08-19 17:48:46,-4.318725318
1_8,matched,3344 BCE-11-06 23:02:35,3344 BCE-11-06 23:02:27,-8.036810160
1_8,matched,3344 BCE-11-16 07:35:41,3344 BCE-11-16 07:35:35,-5.778901465
1_8,matched,3343 BCE-02-02 09:09:29,3343 BCE-02-02 09:09:29,-0.245733932
1_8,matched,3343 BCE-02-12 20:03:30,3343 BCE-02-12 20:03:34,3.989990428
1_8,matched,3343 BCE-04-30 20:13:57,3343 BCE-04-30 20:14:02,4.596862011
1_8,matched,3343 BCE-05-12 07:32:51,3343 BCE-05-12 07:32:55,4.475413263
1_8,matched,3343 BCE-07-27 07:55:35,3343 BCE-07-27 07:55:35,-0.024577416
1_8,matched,3343 BCE-08-08 18:25:34,3343 BCE-08-08 18:25:33,-1.444837265
1_8,matched,3343 BCE-10-22 20:00:55,3343 BCE-10-22 20:00:52,-3.405116312
1_8,matched,3343 BCE-11-05 04:55:57,3343 BCE-11-05 04:55:54,-2.970100567
1_8,matched,3342 BCE-01-18 08:29:01,3342 BCE-01-18 08:28:59,-1.275269687
1_8,matched,3342 BCE-02-01 15:07:29,3342 BCE-02-01 15:07:28,-0.847847946
1_8,matched,3342 BCE-04-15 21:05:51,3342 BCE-04-15 21:05:52,1.338833012
1_8,matched,3342 BCE-05-01 01:08:10,3342 BCE-05-01 01:08:11,0.709938817
1_8,matched,3342 BCE-07-12 09:49:47,3342 BCE-07-12 09:49:48,1.199520752
1_8,matched,3342 BCE-07-28 10:59:38,3342 BCE-07-28 10:59:40,1.833765954
1_8,matched,3342 BCE-10-07 22:35:40,3342 BCE-10-07 22:35:40,0.202659331
1_8,matched,3342 BCE-10-24 20:50:46,3342 BCE-10-24 20:50:47,0.674040802
1_8,matched,3341 BCE-01-03 11:21:08,3341 BCE-01-03 11:21:07,-1.006371528
1_8,matched,3341 BCE-01-21 06:43:22,3341 BCE-01-21 06:43:22,-0.369169191
1_8,matched,3341 BCE-03-31 00:08:48,3341 BCE-03-31 00:08:47,-0.921670720
1_8,matched,3341 BCE-04-18 16:37:17,3341 BCE-04-18 16:37:16,-1.219471358
1_8,matched,3341 BCE-06-26 12:50:43,3341 BCE-06-26 12:50:44,0.532530807
1_8,matched,3341 BCE-07-16 02:34:24,3341 BCE-07-16 02:34:23,-1.198057272
1_8,matched,3341 BCE-09-22 01:26:11,3341 BCE-09-22 01:26:12,1.017521136
1_8,matched,3341 BCE-10-12 12:36:00,3341 BCE-10-12 12:36:01,0.997535326
1_8,matched,3341 BCE-12-18 13:57:58,3341 BCE-12-18 13:57:57,-0.650775991
1_8,matched,3340 BCE-01-08 22:42:48,3340 BCE-01-08 22:42:49,1.319842972
1_8,matched,3340 BCE-03-16 02:24:39,3340 BCE-03-16 02:24:37,-1.885209046
1_8,matched,3340 BCE-04-07 08:55:43,3340 BCE-04-07 08:55:43,-0.266680308
1_8,matched,3340 BCE-06-11 14:48:47,3340 BCE-06-11 14:48:47,0.157190859
1_8,matched,3340 BCE-07-04 19:13:00,3340 BCE-07-04 19:12:59,-1.359397173
1_8,matched,3340 BCE-09-07 03:05:06,3340 BCE-09-07 03:05:08,1.795816049
1_8,matched,3340 BCE-10-01 05:35:51,3340 BCE-10-01 05:35:50,-1.398237236
1_8,matched,3340 BCE-12-03 15:16:18,3340 BCE-12-03 15:16:19,0.832001120
1_8,matched,3340 BCE-12-28 16:02:22,3340 BCE-12-28 16:02:23,0.774201192
1_8,matched,3339 BCE-03-01 03:27:14,3339 BCE-03-01 03:27:12,-1.921836287
1_8,matched,3339 BCE-03-27 02:30:23,3339 BCE-03-27 02:30:25,1.576464996
1_8,matched,3339 BCE-05-27 15:36:00,3339 BCE-05-27 15:35:59,-1.236555353
1_8,matched,3339 BCE-06-23 13:02:51,3339 BCE-06-23 13:02:51,-0.344088860
1_8,matched,3339 BCE-08-23 03:42:15,3339 BCE-08-23 03:42:17,1.557982899
1_8,matched,3339 BCE-09-19 23:35:07,3339 BCE-09-19 23:35:05,-1.776212454
1_8,matched,3339 BCE-11-18 15:47:12,3339 BCE-11-18 15:47:13,1.156833395
1_8,matched,3339 BCE-12-17 10:08:18,3339 BCE-12-17 10:08:17,-0.757338479
1_8,matched,3338 BCE-02-14 03:53:07,3338 BCE-02-14 03:53:06,-1.396431774
1_8,matched,3338 BCE-03-15 20:38:12,3338 BCE-03-15 20:38:14,2.318917215
1_8,matched,3338 BCE-05-12 16:06:18,3338 BCE-05-12 16:06:17,-1.168832928
1_8,matched,3338 BCE-06-12 07:05:24,3338 BCE-06-12 07:05:25,1.255952753
1_8,matched,3338 BCE-08-08 04:20:02,3338 BCE-08-08 04:20:04,1.666572131
1_8,matched,3338 BCE-09-08 17:30:18,3338 BCE-09-08 17:30:17,-0.742271170
1_8,matched,3338 BCE-11-03 16:37:00,3338 BCE-11-03 16:37:01,1.076347008
1_8,matched,3338 BCE-12-06 03:48:44,3338 BCE-12-06 03:48:43,-1.414345577
1_8,matched,3337 BCE-01-30 05:00:17,3337 BCE-01-30 05:00:16,-1.347327232
1_8,matched,3337 BCE-03-03 13:59:52,3337 BCE-03-03 13:59:52,0.165252574
1_8,matched,3337 BCE-04-26 17:31:41,3337 BCE-04-26 17:31:40,-1.007789746
1_8,matched,3337 BCE-05-31 00:03:29,3337 BCE-05-31 00:03:31,2.368449233
1_8,matched,3337 BCE-07-23 06:14:07,3337 BCE-07-23 06:14:08,1.305595413
1_8,matched,3337 BCE-08-27 09:59:23,3337 BCE-08-27 09:59:23,0.425923057
1_8,matched,3337 BCE-10-18 19:02:06,3337 BCE-10-18 19:02:07,1.204424165
1_8,matched,3337 BCE-11-23 19:46:48,3337 BCE-11-23 19:46:47,-1.383436471
1_8,matched,3336 BCE-01-14 07:58:58,3336 BCE-01-14 07:58:58,-0.257426687
1_8,matched,3336 BCE-02-20 05:20:14,3336 BCE-02-20 05:20:13,-1.407450624
1_8,matched,3336 BCE-04-11 21:09:45,3336 BCE-04-11 21:09:43,-2.112903446
1_8,matched,3336 BCE-05-19 14:41:22,3336 BCE-05-19 14:41:22,0.275727734
1_8,matched,3336 BCE-07-08 10:31:26,3336 BCE-07-08 10:31:26,-0.024180114
1_8,matched,3336 BCE-08-15 23:51:47,3336 BCE-08-15 23:51:48,1.431962661
1_8,matched,3336 BCE-10-04 00:07:32,3336 BCE-10-04 00:07:33,1.191936806
1_8,matched,3336 BCE-11-12 08:50:43,3336 BCE-11-12 08:50:44,1.200888678
1_8,matched,3336 BCE-12-30 13:53:26,3336 BCE-12-30 13:53:27,0.844744965
1_8,matched,3335 BCE-02-08 17:35:09,3335 BCE-02-08 17:35:08,-0.607962906
1_8,matched,3335 BCE-03-28 03:53:08,3335 BCE-03-28 03:53:07,-1.266800612
1_8,matched,3335 BCE-05-08 02:02:28,3335 BCE-05-08 02:02:26,-1.783454418
1_8,matched,3335 BCE-06-23 18:08:55,3335 BCE-06-23 18:08:54,-0.985344686
1_8,matched,3335 BCE-08-04 10:15:57,3335 BCE-08-04 10:15:56,-0.693020783
1_8,matched,3335 BCE-09-19 08:37:10,3335 BCE-09-19 08:37:10,0.434035063
1_8,matched,3335 BCE-10-31 18:17:52,3335 BCE-10-31 18:17:53,0.855165347
1_8,matched,3335 BCE-12-15 23:20:40,3335 BCE-12-15 23:20:42,1.660381258
1_8,matched,3334 BCE-01-28 02:03:32,3334 BCE-01-28 02:03:34,1.547683217
1_8,matched,3334 BCE-03-13 14:18:24,3334 BCE-03-13 14:18:24,0.354237668
1_8,matched,3334 BCE-04-26 09:32:56,3334 BCE-04-26 09:32:57,0.628974661
1_8,matched,3334 BCE-06-09 05:30:07,3334 BCE-06-09 05:30:07,-0.459231064
1_8,matched,3334 BCE-07-23 16:47:19,3334 BCE-07-23 16:47:18,-1.146372780
1_8,matched,3334 BCE-09-04 20:57:02,3334 BCE-09-04 20:57:01,-1.372744516
1_8,matched,3334 BCE-10-19 23:49:15,3334 BCE-10-19 23:49:14,-0.981100090
1_8,matched,3334 BCE-12-01 12:35:30,3334 BCE-12-01 12:35:30,-0.371427275
1_8,matched,3333 BCE-01-16 06:39:51,3333 BCE-01-16 06:39:50,-0.871017203
1_8,matched,3333 BCE-02-27 04:28:00,3333 BCE-02-27 04:28:01,0.892370939
1_8,matched,3333 BCE-04-13 13:13:18,3333 BCE-04-13 13:13:18,0.277503021
1_8,matched,3333 BCE-05-24 20:34:15,3333 BCE-05-24 20:34:16,1.220919751
1_8,matched,3333 BCE-07-10 19:35:43,3333 BCE-07-10 19:35:43,0.489989296
1_8,matched,3333 BCE-08-20 12:49:26,3333 BCE-08-20 12:49:27,0.618745387
1_8,matched,3333 BCE-10-07 01:48:16,3333 BCE-10-07 01:48:18,1.517397724
1_8,matched,3333 BCE-11-16 05:16:08,3333 BCE-11-16 05:16:07,-0.742643327
1_8,matched,3332 BCE-01-03 07:52:51,3332 BCE-01-03 07:52:52,1.091952436
1_8,matched,3332 BCE-02-11 21:50:55,3332 BCE-02-11 21:50:54,-0.962416828
1_8,matched,3332 BCE-04-01 13:48:28,3332 BCE-04-01 13:48:28,0.311836973
1_8,matched,3332 BCE-05-10 14:34:12,3332 BCE-05-10 14:34:12,-0.363863446
1_8,matched,3332 BCE-06-28 19:34:47,3332 BCE-06-28 19:34:46,-1.010907814
1_8,matched,3332 BCE-08-06 07:23:11,3332 BCE-08-06 07:23:11,0.386157632
1_8,matched,3332 BCE-09-25 01:18:31,3332 BCE-09-25 01:18:29,-1.625408605
1_8,matched,3332 BCE-11-02 00:12:29,3332 BCE-11-02 00:12:30,1.434220746
1_8,matched,3332 BCE-12-22 07:02:17,3332 BCE-12-22 07:02:16,-1.261374168
1_8,matched,3331 BCE-01-28 17:06:01,3331 BCE-01-28 17:06:02,1.059564762
1_8,matched,3331 BCE-03-20 12:45:17,3331 BCE-03-20 12:45:17,0.054189004
1_8,matched,3331 BCE-04-26 09:59:11,3331 BCE-04-26 09:59:11,-0.483456440
1_8,matched,3331 BCE-06-16 18:29:59,3331 BCE-06-16 18:29:59,0.305449963
1_8,matched,3331 BCE-07-23 02:46:55,3331 BCE-07-23 02:46:54,-0.778863207
1_8,matched,3331 BCE-09-13 00:18:04,3331 BCE-09-13 00:18:05,1.397970691
1_8,matched,3331 BCE-10-18 19:28:38,3331 BCE-10-18 19:28:37,-0.944196247
1_8,matched,3331 BCE-12-10 06:16:32,3331 BCE-12-10 06:16:32,0.482566282
1_8,matched,3330 BCE-01-14 11:59:10,3330 BCE-01-14 11:59:09,-0.544771738
1_8,matched,3330 BCE-03-08 12:26:17,3330 BCE-03-08 12:26:17,0.026423112
1_8,matched,3330 BCE-04-12 04:23:16,3330 BCE-04-12 04:23:17,0.679532625
1_8,matched,3330 BCE-06-04 18:48:11,3330 BCE-06-04 18:48:10,-0.830914825
1_8,matched,3330 BCE-07-08 20:30:43,3330 BCE-07-08 20:30:44,1.065564528
1_8,matched,3330 BCE-09-01 01:27:49,3330 BCE-09-01 01:27:48,-1.446723193
1_8,matched,3330 BCE-10-04 12:16:38,3330 BCE-10-04 12:16:38,0.441759825
1_8,matched,3330 BCE-11-28 08:27:50,3330 BCE-11-28 08:27:49,-0.594841875
1_8,matched,3330 BCE-12-31 03:42:16,3330 BCE-12-31 03:42:15,-0.585980527
1_8,matched,3329 BCE-02-24 15:51:11,3329 BCE-02-24 15:51:11,-0.042808056
1_8,matched,3329 BCE-03-27 18:44:53,3329 BCE-03-27 18:44:52,-1.098988205
1_8,matched,3329 BCE-05-22 23:40:46,3329 BCE-05-22 23:40:47,1.293978095
1_8,matched,3329 BCE-06-23 09:23:33,3329 BCE-06-23 09:23:33,0.110776909
1_8,matched,3329 BCE-08-19 07:58:04,3329 BCE-08-19 07:58:05,0.529266894
1_8,matched,3329 BCE-09-18 23:30:26,3329 BCE-09-18 23:30:27,0.681509078
1_8,matched,3329 BCE-11-15 16:50:45,3329 BCE-11-15 16:50:45,-0.284176692
1_8,matched,3329 BCE-12-15 13:00:21,3329 BCE-12-15 13:00:21,-0.005240366
1_8,matched,3328 BCE-02-12 02:18:04,3328 BCE-02-12 02:18:03,-1.168375276
1_8,matched,3328 BCE-03-13 01:58:35,3328 BCE-03-13 01:58:34,-0.641708449
1_8,matched,3328 BCE-05-11 12:22:14,3328 BCE-05-11 12:22:14,-0.482339971
1_8,matched,3328 BCE-06-08 14:19:15,3328 BCE-06-08 14:19:15,-0.390638597
1_8,matched,3328 BCE-08-07 23:10:04,3328 BCE-08-07 23:10:04,0.440839492
1_8,matched,3328 BCE-09-04 01:58:12,3328 BCE-09-04 01:58:13,0.812679157
1_8,matched,3328 BCE-11-04 10:41:40,3328 BCE-11-04 10:41:40,-0.201744027
1_8,matched,3328 BCE-11-30 12:50:58,3328 BCE-11-30 12:50:58,0.364451855
1_8,matched,3327 BCE-01-31 23:04:23,3327 BCE-01-31 23:04:22,-1.043139584
1_8,matched,3327 BCE-02-25 22:53:37,3327 BCE-02-25 22:53:37,-0.440261140
1_8,matched,3327 BCE-04-30 12:17:19,3327 BCE-04-30 12:17:18,-0.536342897
1_8,matched,3327 BCE-05-24 08:09:09,3327 BCE-05-24 08:09:09,-0.159690343
1_8,matched,3327 BCE-07-28 02:28:33,3327 BCE-07-28 02:28:34,0.566422194
1_8,matched,3327 BCE-08-19 16:27:16,3327 BCE-08-19 16:27:17,0.794805586
1_8,matched,3327 BCE-10-24 17:47:09,3327 BCE-10-24 17:47:08,-0.503386930
1_8,matched,3327 BCE-11-14 23:38:02,3327 BCE-11-14 23:38:01,-0.657218322
1_8,matched,3326 BCE-01-21 10:16:30,3326 BCE-01-21 10:16:30,0.035198964
1_8,matched,3326 BCE-02-10 05:38:34,3326 BCE-02-10 05:38:34,0.351260416
1_8,matched,3326 BCE-04-20 04:10:59,3326 BCE-04-20 04:11:00,1.114809886
1_8,matched,3326 BCE-05-08 10:14:09,3326 BCE-05-08 10:14:09,0.324258953
1_8,matched,3326 BCE-07-17 23:49:53,3326 BCE-07-17 23:49:52,-0.825749896
1_8,matched,3326 BCE-08-03 13:09:54,3326 BCE-08-03 13:09:54,-0.074159727
1_8,matched,3326 BCE-10-14 21:45:33,3326 BCE-10-14 21:45:33,0.261419825
1_8,matched,3326 BCE-10-29 13:48:55,3326 BCE-10-29 13:48:55,0.357883796
1_8,matched,3325 BCE-01-11 22:53:48,3325 BCE-01-11 22:53:47,-0.629376993
1_8,matched,3325 BCE-01-24 11:15:06,3325 BCE-01-24 11:15:06,0.323725864
1_8,matched,3325 BCE-04-10 04:52:29,3325 BCE-04-10 04:52:29,0.496974774
1_8,matched,3325 BCE-04-20 03:52:05,3325 BCE-04-20 03:52:04,-0.763403624
1_8,matched,3325 BCE-07-08 21:16:45,3325 BCE-07-08 21:16:46,1.077699848
1_8,matched,3325 BCE-07-15 10:02:46,3325 BCE-07-15 10:02:46,-0.252593681
1_8,matched,3294 BCE-05-10 14:39:29,3294 BCE-05-10 14:39:27,-1.553562284
1_8,matched,3294 BCE-05-12 03:29:48,3294 BCE-05-12 03:29:43,-4.990568385
1_8,matched,3294 BCE-08-03 18:13:06,3294 BCE-08-03 18:13:06,0.491513126
1_8,matched,3294 BCE-08-10 22:33:35,3294 BCE-08-10 22:33:36,0.820036791
1_8,matched,3294 BCE-10-29 06:22:16,3294 BCE-10-29 06:22:16,0.225416198
1_8,matched,3294 BCE-11-08 09:00:40,3294 BCE-11-08 09:00:40,0.113945268
1_8,matched,3293 BCE-01-24 02:14:00,3293 BCE-01-24 02:13:59,-1.274082810
1_8,matched,3293 BCE-02-05 11:43:23,3293 BCE-02-05 11:43:23,-0.210363977
1_8,matched,3293 BCE-04-20 02:02:37,3293 BCE-04-20 02:02:38,0.575343892
1_8,matched,3293 BCE-05-04 10:28:43,3293 BCE-05-04 10:28:43,-0.411318429
1_8,matched,3293 BCE-07-16 04:25:14,3293 BCE-07-16 04:25:14,-0.256762840
1_8,matched,3293 BCE-08-01 06:37:24,3293 BCE-08-01 06:37:25,0.503125414
1_8,matched,3293 BCE-10-11 08:47:53,3293 BCE-10-11 08:47:53,0.134363584
1_8,matched,3293 BCE-10-29 00:46:23,3293 BCE-10-29 00:46:22,-0.666391477
1_8,matched,3292 BCE-01-06 14:45:22,3292 BCE-01-06 14:45:22,0.425701775
1_8,matched,3292 BCE-01-25 17:21:28,3292 BCE-01-25 17:21:28,0.196488574
1_8,matched,3292 BCE-04-03 22:01:30,3292 BCE-04-03 22:01:30,-0.175798684
1_8,matched,3292 BCE-04-24 08:34:56,3292 BCE-04-24 08:34:56,0.282431580
1_8,matched,3292 BCE-06-30 06:22:23,3292 BCE-06-30 06:22:24,0.894925743
1_8,matched,3292 BCE-07-21 22:43:39,3292 BCE-07-21 22:43:39,-0.433848985
1_8,matched,3292 BCE-09-25 15:39:57,3292 BCE-09-25 15:39:57,0.096428767
1_8,matched,3292 BCE-10-18 11:52:23,3292 BCE-10-18 11:52:23,-0.275305286
1_8,matched,3292 BCE-12-22 01:57:57,3292 BCE-12-22 01:57:57,-0.445913896
1_8,matched,3291 BCE-01-15 00:03:07,3291 BCE-01-15 00:03:08,0.944970734
1_8,matched,3291 BCE-03-19 13:06:28,3291 BCE-03-19 13:06:28,0.415759161
1_8,matched,3291 BCE-04-13 11:25:26,3291 BCE-04-13 11:25:26,0.454101339
1_8,matched,3291 BCE-06-15 00:57:34,3291 BCE-06-15 00:57:35,0.716672838
1_8,matched,3291 BCE-07-10 22:00:22,3291 BCE-07-10 22:00:22,-0.363923796
1_8,matched,3291 BCE-09-10 13:29:19,3291 BCE-09-10 13:29:19,0.189015269
1_8,matched,3291 BCE-10-07 07:54:47,3291 BCE-10-07 07:54:47,-0.157392025
1_8,matched,3291 BCE-12-07 02:39:25,3291 BCE-12-07 02:39:24,-1.091022044
1_8,matched,3290 BCE-01-03 17:09:15,3290 BCE-01-03 17:09:15,0.176598318
1_8,matched,3290 BCE-03-04 16:30:15,3290 BCE-03-04 16:30:15,-0.012995303
1_8,matched,3290 BCE-04-02 01:47:23,3290 BCE-04-02 01:47:24,0.622255728
1_8,matched,3290 BCE-05-31 06:52:29,3290 BCE-05-31 06:52:29,0.323685631
1_8,matched,3290 BCE-06-29 09:53:49,3290 BCE-06-29 09:53:49,0.208985992
1_8,matched,3290 BCE-08-26 21:41:28,3290 BCE-08-26 21:41:29,0.515924580
1_8,matched,3290 BCE-09-25 17:29:04,3290 BCE-09-25 17:29:03,-1.003590412
1_8,matched,3290 BCE-11-22 13:00:10,3290 BCE-11-22 13:00:10,-0.176266395
1_8,matched,3290 BCE-12-23 00:35:22,3290 BCE-12-23 00:35:21,-1.133181341
1_8,matched,3289 BCE-02-18 04:44:02,3289 BCE-02-18 04:44:01,-0.673100352
1_8,matched,3289 BCE-03-20 07:18:14,3289 BCE-03-20 07:18:13,-0.547457300
1_8,matched,3289 BCE-05-15 20:51:34,3289 BCE-05-15 20:51:33,-0.866445713
1_8,matched,3289 BCE-06-16 13:39:28,3289 BCE-06-16 13:39:28,-0.015605427
1_8,matched,3289 BCE-08-11 13:16:00,3289 BCE-08-11 13:15:59,-0.234674849
1_8,matched,3289 BCE-09-12 19:43:39,3289 BCE-09-12 19:43:39,0.413566455
1_8,matched,3289 BCE-11-07 05:55:34,3289 BCE-11-07 05:55:35,0.552265160
1_8,matched,3289 BCE-12-10 01:28:44,3289 BCE-12-10 01:28:45,0.508043915
1_8,matched,3288 BCE-02-02 22:53:47,3288 BCE-02-02 22:53:48,0.961245038
1_8,matched,3288 BCE-03-08 06:58:28,3288 BCE-03-08 06:58:28,0.191781297
1_8,matched,3288 BCE-05-01 16:02:50,3288 BCE-05-01 16:02:51,0.845278054
1_8,matched,3288 BCE-06-04 12:20:03,3288 BCE-06-04 12:20:03,-0.250300393
1_8,matched,3288 BCE-07-28 09:21:05,3288 BCE-07-28 09:21:04,-0.511302799
1_8,matched,3288 BCE-08-31 17:32:28,3288 BCE-08-31 17:32:28,-0.489436090
1_8,matched,3288 BCE-10-24 02:45:03,3288 BCE-10-24 02:45:02,-1.443519630
1_8,matched,3288 BCE-11-27 22:38:32,3288 BCE-11-27 22:38:31,-0.942803174
1_8,matched,3287 BCE-01-19 20:14:10,3287 BCE-01-19 20:14:09,-1.113723591
1_8,matched,3287 BCE-02-24 03:38:22,3287 BCE-02-24 03:38:21,-0.849718787
1_8,matched,3287 BCE-04-17 13:48:36,3287 BCE-04-17 13:48:36,-0.300571695
1_8,matched,3287 BCE-05-23 08:37:29,3287 BCE-05-23 08:37:29,-0.485111028
1_8,matched,3287 BCE-07-14 07:22:13,3287 BCE-07-14 07:22:14,0.520078652
1_8,matched,3287 BCE-08-19 13:40:46,3287 BCE-08-19 13:40:46,0.314653292
1_8,matched,3287 BCE-10-10 00:51:58,3287 BCE-10-10 00:51:59,1.479729451
1_8,matched,3287 BCE-11-15 18:44:13,3287 BCE-11-15 18:44:14,1.025140285
1_8,matched,3286 BCE-01-05 18:19:33,3286 BCE-01-05 18:19:34,0.879385695
1_8,matched,3286 BCE-02-11 23:51:19,3286 BCE-02-11 23:51:20,1.040861383
1_8,matched,3286 BCE-04-03 11:40:24,3286 BCE-04-03 11:40:24,0.037567690
1_8,matched,3286 BCE-05-11 05:06:07,3286 BCE-05-11 05:06:08,1.111515798
1_8,matched,3286 BCE-06-30 04:55:33,3286 BCE-06-30 04:55:32,-1.435105875
1_8,matched,3286 BCE-08-07 10:31:28,3286 BCE-08-07 10:31:28,-0.009298883
1_8,matched,3286 BCE-09-25 22:00:25,3286 BCE-09-25 22:00:23,-1.594026759
1_8,matched,3286 BCE-11-03 16:08:13,3286 BCE-11-03 16:08:12,-1.209423132
1_8,matched,3286 BCE-12-22 14:53:33,3286 BCE-12-22 14:53:33,0.081451982
1_8,matched,3285 BCE-01-30 21:52:34,3285 BCE-01-30 21:52:33,-1.385387778
1_8,matched,3285 BCE-03-19 07:35:50,3285 BCE-03-19 07:35:51,0.789177977
1_8,matched,3285 BCE-04-28 03:51:15,3285 BCE-04-28 03:51:14,-0.992299989
1_8,matched,3285 BCE-06-15 00:02:00,3285 BCE-06-15 00:02:01,0.779039226
1_8,matched,3285 BCE-07-25 10:07:07,3285 BCE-07-25 10:07:07,0.223303959
1_8,matched,3285 BCE-09-10 16:13:27,3285 BCE-09-10 16:13:27,0.119422004
1_8,matched,3285 BCE-10-21 16:40:16,3285 BCE-10-21 16:40:16,0.422684290
1_8,matched,3285 BCE-12-07 08:10:20,3285 BCE-12-07 08:10:19,-0.771415047
1_8,matched,3284 BCE-01-17 23:28:14,3284 BCE-01-17 23:28:15,1.099752635
1_8,matched,3284 BCE-03-04 23:49:01,3284 BCE-03-04 23:48:59,-1.166373678
1_8,matched,3284 BCE-04-16 06:31:42,3284 BCE-04-16 06:31:43,0.728340447
1_8,matched,3284 BCE-05-31 15:11:08,3284 BCE-05-31 15:11:07,-0.643659756
1_8,matched,3284 BCE-07-13 13:54:26,3284 BCE-07-13 13:54:25,-0.802057609
1_8,matched,3284 BCE-08-27 06:12:04,3284 BCE-08-27 06:12:05,0.966319442
1_8,matched,3284 BCE-10-09 21:38:45,3284 BCE-10-09 21:38:43,-1.555739902
1_8,matched,3284 BCE-11-22 20:56:46,3284 BCE-11-22 20:56:47,1.054787077
1_8,matched,3283 BCE-01-06 05:39:24,3283 BCE-01-06 05:39:23,-1.137606986
1_8,matched,3283 BCE-02-18 11:24:49,3283 BCE-02-18 11:24:48,-0.702229142
1_8,matched,3283 BCE-04-04 13:58:00,3283 BCE-04-04 13:58:00,0.368505344
1_8,matched,3283 BCE-05-17 01:32:22,3283 BCE-05-17 01:32:21,-1.081934385
1_8,matched,3283 BCE-07-01 22:34:27,3283 BCE-07-01 22:34:29,1.536407880
1_8,matched,3283 BCE-08-12 15:22:22,3283 BCE-08-12 15:22:22,-0.372976251
1_8,matched,3283 BCE-09-28 07:30:07,3283 BCE-09-28 07:30:08,0.835948996
1_8,matched,3283 BCE-11-08 04:54:36,3283 BCE-11-08 04:54:37,1.005134359
1_8,matched,3283 BCE-12-25 16:43:24,3283 BCE-12-25 16:43:23,-0.807886384
1_8,matched,3282 BCE-02-03 18:13:13,3282 BCE-02-03 18:13:14,1.453316398
1_8,matched,3282 BCE-03-24 02:09:05,3282 BCE-03-24 02:09:04,-1.251984760
1_8,matched,3282 BCE-05-02 07:17:29,3282 BCE-05-02 07:17:28,-1.437484659
1_8,matched,3282 BCE-06-20 11:50:24,3282 BCE-06-20 11:50:25,0.579191186
1_8,matched,3282 BCE-07-28 20:05:04,3282 BCE-07-28 20:05:03,-0.979123637
1_8,matched,3282 BCE-09-16 21:45:46,3282 BCE-09-16 21:45:48,2.139507607
1_8,matched,3282 BCE-10-24 08:41:45,3282 BCE-10-24 08:41:45,0.426677428
1_8,matched,3282 BCE-12-14 07:52:43,3282 BCE-12-14 07:52:44,1.237324812
1_8,matched,3281 BCE-01-19 21:09:45,3281 BCE-01-19 21:09:47,1.943250373
1_8,matched,3281 BCE-03-11 18:09:13,3281 BCE-03-11 18:09:12,-0.959952548
1_8,matched,3281 BCE-04-16 09:28:59,3281 BCE-04-16 09:28:59,-0.258045271
1_8,matched,3281 BCE-06-08 04:31:57,3281 BCE-06-08 04:31:56,-1.130259410
1_8,matched,3281 BCE-07-12 21:40:41,3281 BCE-07-12 21:40:39,-1.640103757
1_8,matched,3281 BCE-09-04 15:02:51,3281 BCE-09-04 15:02:52,1.201135106
1_8,matched,3281 BCE-10-08 09:44:03,3281 BCE-10-08 09:44:04,1.103122160
1_8,matched,3281 BCE-12-02 01:38:43,3281 BCE-12-02 01:38:45,1.662166603
1_8,matched,3280 BCE-01-03 21:46:59,3280 BCE-01-03 21:47:01,2.185031399
1_8,matched,3280 BCE-02-28 12:16:36,3280 BCE-02-28 12:16:36,0.133096240
1_8,matched,3280 BCE-04-01 09:50:23,3280 BCE-04-01 09:50:22,-0.603673048
1_8,matched,3280 BCE-05-27 22:56:09,3280 BCE-05-27 22:56:07,-2.350138128
1_8,matched,3280 BCE-06-27 21:50:59,3280 BCE-06-27 21:50:57,-1.932025328
1_8,matched,3280 BCE-08-24 09:33:46,3280 BCE-08-24 09:33:45,-0.678260252
1_8,matched,3280 BCE-09-23 09:51:29,3280 BCE-09-23 09:51:30,0.975799374
1_8,matched,3280 BCE-11-20 20:10:48,3280 BCE-11-20 20:10:50,1.788564026
1_8,matched,3280 BCE-12-19 21:53:29,3280 BCE-12-19 21:53:31,2.474825643
1_8,matched,3279 BCE-02-17 06:44:29,3279 BCE-02-17 06:44:30,1.336449198
1_8,matched,3279 BCE-03-17 10:01:21,3279 BCE-03-17 10:01:20,-0.761598162
1_8,matched,3279 BCE-05-16 17:14:56,3279 BCE-05-16 17:14:55,-0.974069349
1_8,matched,3279 BCE-06-12 22:15:26,3279 BCE-06-12 22:15:24,-1.596395485
1_8,matched,3279 BCE-08-13 03:41:08,3279 BCE-08-13 03:41:06,-1.732700318
1_8,matched,3279 BCE-09-08 10:28:56,3279 BCE-09-08 10:28:57,0.702827610
1_8,matched,3279 BCE-11-09 14:01:05,3279 BCE-11-09 14:01:06,0.555871055
1_8,matched,3279 BCE-12-04 22:49:02,3279 BCE-12-04 22:49:04,1.701761037
1_8,matched,3278 BCE-02-06 00:14:31,3278 BCE-02-06 00:14:33,1.935404912
1_8,matched,3278 BCE-03-02 11:14:22,3278 BCE-03-02 11:14:22,0.400852785
1_8,matched,3278 BCE-05-05 10:23:56,3278 BCE-05-05 10:23:57,1.055647060
1_8,matched,3278 BCE-05-28 23:46:56,3278 BCE-05-28 23:46:54,-2.207094245
1_8,matched,3278 BCE-08-01 20:27:08,3278 BCE-08-01 20:27:07,-1.241735369
1_8,matched,3278 BCE-08-24 12:24:16,3278 BCE-08-24 12:24:15,-0.565275550
1_8,matched,3278 BCE-10-29 06:27:11,3278 BCE-10-29 06:27:09,-1.549810544
1_8,matched,3278 BCE-11-20 01:02:31,3278 BCE-11-20 01:02:32,1.096956432
1_8,matched,3277 BCE-01-25 16:20:51,3277 BCE-01-25 16:20:51,0.316192210
1_8,matched,3277 BCE-02-15 13:46:34,3277 BCE-02-15 13:46:35,0.623824820
1_8,matched,3277 BCE-04-23 02:11:51,3277 BCE-04-23 02:11:52,1.496109366
1_8,matched,3277 BCE-05-13 02:33:18,3277 BCE-05-13 02:33:17,-0.548065826
1_8,matched,3277 BCE-07-20 12:03:43,3277 BCE-07-20 12:03:44,1.077302545
1_8,matched,3277 BCE-08-08 15:19:49,3277 BCE-08-08 15:19:48,-0.663484633
1_8,matched,3277 BCE-10-16 21:53:43,3277 BCE-10-16 21:53:42,-0.896293670
1_8,matched,3277 BCE-11-04 04:07:05,3277 BCE-11-04 04:07:05,-0.137034059
1_8,matched,3276 BCE-01-13 07:46:24,3276 BCE-01-13 07:46:23,-0.901483744
1_8,matched,3276 BCE-01-30 16:49:29,3276 BCE-01-30 16:49:30,1.165121421
1_8,matched,3276 BCE-04-11 17:42:38,3276 BCE-04-11 17:42:37,-1.038708910
1_8,matched,3276 BCE-04-28 05:28:59,3276 BCE-04-28 05:29:00,1.443796232
1_8,matched,3276 BCE-07-09 03:50:10,3276 BCE-07-09 03:50:10,-0.032699481
1_8,matched,3276 BCE-07-24 17:57:45,3276 BCE-07-24 17:57:44,-0.796445087
1_8,matched,3276 BCE-10-05 14:12:19,3276 BCE-10-05 14:12:21,1.687598974
1_8,matched,3276 BCE-10-20 06:12:06,3276 BCE-10-20 06:12:04,-2.021604404
1_8,matched,3275 BCE-01-02 00:48:14,3275 BCE-01-02 00:48:15,1.344370097
1_8,matched,3275 BCE-01-15 18:10:37,3275 BCE-01-15 18:10:37,0.106899440
1_8,matched,3275 BCE-03-31 11:49:05,3275 BCE-03-31 11:49:03,-2.313093469
1_8,matched,3275 BCE-04-13 05:42:26,3275 BCE-04-13 05:42:29,3.010042012
1_8,matched,3275 BCE-06-27 23:27:26,3275 BCE-06-27 23:27:21,-4.524869844
1_8,matched,3275 BCE-07-09 16:38:30,3275 BCE-07-09 16:38:30,0.264713913
1_8,matched,3275 BCE-09-24 11:56:59,3275 BCE-09-24 11:57:02,2.516170219
1_8,matched,3275 BCE-10-05 02:45:54,3275 BCE-10-05 02:45:48,-5.878533795
1_8,matched,3275 BCE-12-22 01:35:48,3275 BCE-12-22 01:35:54,6.490570307
1_8,matched,3275 BCE-12-31 11:42:02,3275 BCE-12-31 11:42:05,3.074827418
1_8,matched,3274 BCE-03-20 16:51:12,3274 BCE-03-20 16:51:04,-8.341465518
1_8,matched,3274 BCE-03-28 18:59:00,3274 BCE-03-28 18:59:06,5.834669620
1_8,matched,3274 BCE-06-17 11:04:19,3274 BCE-06-17 11:04:21,1.770901680
1_8,matched,3274 BCE-06-23 23:17:46,3274 BCE-06-23 23:17:32,-14.259317145
1_8,matched,3274 BCE-09-14 11:25:42,3274 BCE-09-14 11:25:40,-2.305227891
1_8,matched,3274 BCE-09-18 21:29:33,3274 BCE-09-18 21:29:56,22.889143601
1_8,matched,3181 BCE-06-06 01:45:24,3181 BCE-06-06 01:44:55,-28.839010745
1_8,matched,3181 BCE-06-09 20:17:57,3181 BCE-06-09 20:18:22,24.703185260
1_8,matched,3181 BCE-08-31 16:23:09,3181 BCE-08-31 16:23:19,10.059189051
1_8,matched,3181 BCE-09-07 04:07:48,3181 BCE-09-07 04:07:34,-14.230117947
1_8,matched,3181 BCE-11-26 17:25:31,3181 BCE-11-26 17:25:23,-8.387673274
1_8,matched,3181 BCE-12-05 01:35:33,3181 BCE-12-05 01:35:43,9.678201377
1_8,matched,3180 BCE-02-21 22:45:36,3180 BCE-02-21 22:45:43,7.281674445
1_8,matched,3180 BCE-03-03 18:45:12,3180 BCE-03-03 18:45:09,-3.447637707
1_8,matched,3180 BCE-05-20 06:43:58,3180 BCE-05-20 06:43:57,-1.059227809
1_8,matched,3180 BCE-05-31 09:16:45,3180 BCE-05-31 09:16:41,-3.935927153
1_8,matched,3180 BCE-08-15 16:25:38,3180 BCE-08-15 16:25:34,-3.891771287
1_8,matched,3180 BCE-08-27 22:03:40,3180 BCE-08-27 22:03:43,3.122895956
1_8,matched,3180 BCE-11-11 03:24:25,3180 BCE-11-11 03:24:27,1.641260460
1_8,matched,3180 BCE-11-24 09:33:55,3180 BCE-11-24 09:33:57,2.498527989
1_8,matched,3179 BCE-02-06 15:28:48,3179 BCE-02-06 15:28:51,2.631981298
1_8,matched,3179 BCE-02-20 20:01:25,3179 BCE-02-20 20:01:24,-0.580795482
1_8,matched,3179 BCE-05-05 04:18:50,3179 BCE-05-05 04:18:50,-0.139578804
1_8,matched,3179 BCE-05-20 05:43:52,3179 BCE-05-20 05:43:50,-1.805783808
1_8,matched,3179 BCE-07-31 17:46:45,3179 BCE-07-31 17:46:44,-1.402708143
1_8,matched,3179 BCE-08-16 14:45:34,3179 BCE-08-16 14:45:33,-1.121146604
1_8,matched,3179 BCE-10-27 07:44:49,3179 BCE-10-27 07:44:48,-1.298665255
1_8,matched,3179 BCE-11-12 23:18:23,3179 BCE-11-12 23:18:23,0.254223123
1_8,matched,3178 BCE-01-22 22:09:00,3178 BCE-01-22 22:08:59,-0.032649189
1_8,matched,3178 BCE-02-09 07:25:12,3178 BCE-02-09 07:25:13,0.598548353
1_8,matched,3178 BCE-04-20 12:59:37,3178 BCE-04-20 12:59:38,1.186927781
1_8,matched,3178 BCE-05-08 15:11:19,3178 BCE-05-08 15:11:21,1.601520181
1_8,matched,3178 BCE-07-17 04:02:20,3178 BCE-07-17 04:02:21,0.625625253
1_8,matched,3178 BCE-08-04 22:42:39,3178 BCE-08-04 22:42:40,0.908544660
1_8,matched,3178 BCE-10-12 19:15:36,3178 BCE-10-12 19:15:37,0.522869825
1_8,matched,3178 BCE-11-01 06:01:30,3178 BCE-11-01 06:01:30,0.322106481
1_8,matched,3177 BCE-01-08 10:38:41,3177 BCE-01-08 10:38:40,-0.515376404
1_8,matched,3177 BCE-01-28 13:11:28,3177 BCE-01-28 13:11:27,-1.022545248
1_8,matched,3177 BCE-04-05 02:08:24,3177 BCE-04-05 02:08:23,-1.342177391
1_8,matched,3177 BCE-04-25 20:16:37,3177 BCE-04-25 20:16:36,-1.464717463
1_8,matched,3177 BCE-07-01 17:44:11,3177 BCE-07-01 17:44:10,-0.764429569
1_8,matched,3177 BCE-07-23 03:19:55,3177 BCE-07-23 03:19:54,-1.436584443
1_8,matched,3177 BCE-09-27 09:15:26,3177 BCE-09-27 09:15:27,1.052358001
1_8,matched,3177 BCE-10-19 10:24:36,3177 BCE-10-19 10:24:36,0.154042616
1_8,matched,3177 BCE-12-24 00:44:01,3177 BCE-12-24 00:44:02,1.320018992
1_8,matched,3176 BCE-01-15 17:29:55,3176 BCE-01-15 17:29:56,1.486513764
1_8,matched,3176 BCE-03-21 16:10:54,3176 BCE-03-21 16:10:54,0.356938317
1_8,matched,3176 BCE-04-14 00:38:38,3176 BCE-04-14 00:38:40,1.923847944
1_8,matched,3176 BCE-06-17 07:31:28,3176 BCE-06-17 07:31:27,-0.907830521
1_8,matched,3176 BCE-07-11 07:56:38,3176 BCE-07-11 07:56:38,0.347372890
1_8,matched,3176 BCE-09-12 22:43:20,3176 BCE-09-12 22:43:18,-1.619464159
1_8,matched,3176 BCE-10-07 15:23:53,3176 BCE-10-07 15:23:52,-1.005969197
1_8,matched,3176 BCE-12-09 13:43:23,3176 BCE-12-09 13:43:23,-0.028967857
1_8,matched,3175 BCE-01-03 23:01:17,3175 BCE-01-03 23:01:15,-1.617311686
1_8,matched,3175 BCE-03-07 04:33:08,3175 BCE-03-07 04:33:09,1.268711686
1_8,matched,3175 BCE-04-02 06:47:11,3175 BCE-04-02 06:47:10,-0.709189475
1_8,matched,3175 BCE-06-02 19:15:05,3175 BCE-06-02 19:15:07,2.075225115
1_8,matched,3175 BCE-06-29 14:45:09,3175 BCE-06-29 14:45:10,0.665496290
1_8,matched,3175 BCE-08-29 09:42:04,3175 BCE-08-29 09:42:03,-0.517126545
1_8,matched,3175 BCE-09-25 22:58:47,3175 BCE-09-25 22:58:49,1.636352018
1_8,matched,3175 BCE-11-24 23:56:03,3175 BCE-11-24 23:56:01,-2.197724953
1_8,matched,3175 BCE-12-23 07:24:02,3175 BCE-12-23 07:24:03,0.745620579
1_8,matched,3174 BCE-02-20 13:57:46,3174 BCE-02-20 13:57:46,0.037527457
1_8,matched,3174 BCE-03-21 16:00:37,3174 BCE-03-21 16:00:36,-1.344480738
1_8,matched,3174 BCE-05-19 03:48:36,3174 BCE-05-19 03:48:38,1.796178147
1_8,matched,3174 BCE-06-18 00:49:24,3174 BCE-06-18 00:49:22,-1.829450950
1_8,matched,3174 BCE-08-14 17:29:40,3174 BCE-08-14 17:29:41,0.983790681
1_8,matched,3174 BCE-09-14 09:51:01,3174 BCE-09-14 09:51:01,-0.301557407
1_8,matched,3174 BCE-11-10 06:56:55,3174 BCE-11-10 06:56:54,-1.168350130
1_8,matched,3174 BCE-12-11 19:06:05,3174 BCE-12-11 19:06:07,1.952302828
1_8,matched,3173 BCE-02-05 20:14:04,3173 BCE-02-05 20:14:03,-1.290980726
1_8,matched,3173 BCE-03-09 04:27:07,3173 BCE-03-09 04:27:09,2.095120400
1_8,matched,3173 BCE-05-03 09:24:56,3173 BCE-05-03 09:24:56,0.074652582
1_8,matched,3173 BCE-06-05 13:56:47,3173 BCE-06-05 13:56:47,-0.382164493
1_8,matched,3173 BCE-07-29 22:27:01,3173 BCE-07-29 22:27:02,1.493212581
1_8,matched,3173 BCE-09-01 23:34:37,3173 BCE-09-01 23:34:35,-1.590395719
1_8,matched,3173 BCE-10-25 11:25:45,3173 BCE-10-25 11:25:45,-0.255319476
1_8,matched,3173 BCE-11-29 09:20:08,3173 BCE-11-29 09:20:07,-0.690460950
1_8,matched,3172 BCE-01-21 00:17:23,3172 BCE-01-21 00:17:21,-2.153850719
1_8,matched,3172 BCE-02-25 19:08:28,3172 BCE-02-25 19:08:29,1.301612332
1_8,matched,3172 BCE-04-18 13:07:06,3172 BCE-04-18 13:07:06,-0.464501604
1_8,matched,3172 BCE-05-25 04:56:04,3172 BCE-05-25 04:56:06,1.501329616
1_8,matched,3172 BCE-07-15 01:56:16,3172 BCE-07-15 01:56:18,2.002664655
1_8,matched,3172 BCE-08-21 14:45:10,3172 BCE-08-21 14:45:10,-0.062351301
1_8,matched,3172 BCE-10-10 14:43:50,3172 BCE-10-10 14:43:51,0.611282140
1_8,matched,3172 BCE-11-18 00:36:10,3172 BCE-11-18 00:36:08,-2.063426748
1_8,matched,3171 BCE-01-06 03:35:51,3171 BCE-01-06 03:35:49,-1.780326292
1_8,matched,3171 BCE-02-14 10:23:51,3171 BCE-02-14 10:23:50,-0.647190213
1_8,matched,3171 BCE-04-03 16:30:27,3171 BCE-04-03 16:30:26,-0.805316493
1_8,matched,3171 BCE-05-13 20:05:19,3171 BCE-05-13 20:05:20,1.329423487
1_8,matched,3171 BCE-06-30 05:29:10,3171 BCE-06-30 05:29:11,0.661945716
1_8,matched,3171 BCE-08-10 05:39:33,3171 BCE-08-10 05:39:34,1.143828034
1_8,matched,3171 BCE-09-25 18:34:54,3171 BCE-09-25 18:34:56,1.571335271
1_8,matched,3171 BCE-11-06 15:08:10,3171 BCE-11-06 15:08:10,0.026382878
1_8,matched,3171 BCE-12-22 07:46:55,3171 BCE-12-22 07:46:54,-0.950226188
1_8,matched,3170 BCE-02-03 00:29:33,3170 BCE-02-03 00:29:32,-1.473437995
1_8,matched,3170 BCE-03-19 21:11:09,3170 BCE-03-19 21:11:08,-0.938478112
1_8,matched,3170 BCE-05-02 09:37:36,3170 BCE-05-02 09:37:36,-0.273907185
1_8,matched,3170 BCE-06-15 10:45:08,3170 BCE-06-15 10:45:08,0.301366299
1_8,matched,3170 BCE-07-29 18:34:56,3170 BCE-07-29 18:34:57,0.999562070
1_8,matched,3170 BCE-09-11 00:28:06,3170 BCE-09-11 00:28:07,1.229846478
1_8,matched,3170 BCE-10-26 03:20:20,3170 BCE-10-26 03:20:21,0.839011744
1_8,matched,3170 BCE-12-07 14:24:36,3170 BCE-12-07 14:24:37,0.656262785
1_8,matched,3169 BCE-01-22 11:53:02,3169 BCE-01-22 11:53:02,0.109625235
1_8,matched,3169 BCE-03-04 04:34:51,3169 BCE-03-04 04:34:50,-0.867335871
1_8,matched,3169 BCE-04-19 20:10:57,3169 BCE-04-19 20:10:56,-1.449519396
1_8,matched,3169 BCE-05-30 19:01:26,3169 BCE-05-30 19:01:25,-0.928942859
1_8,matched,3169 BCE-07-17 04:11:12,3169 BCE-07-17 04:11:11,-0.844061002
1_8,matched,3169 BCE-08-26 09:42:11,3169 BCE-08-26 09:42:12,0.512117520
1_8,matched,3169 BCE-10-13 11:57:39,3169 BCE-10-13 11:57:38,-0.531962514
1_8,matched,3169 BCE-11-22 00:35:39,3169 BCE-11-22 00:35:41,1.521053910
1_8,matched,3168 BCE-01-09 19:28:36,3168 BCE-01-09 19:28:37,0.837694108
1_8,matched,3168 BCE-02-17 15:48:23,3168 BCE-02-17 15:48:23,0.499584898
1_8,matched,3168 BCE-04-08 02:41:53,3168 BCE-04-08 02:41:54,0.857720152
1_8,matched,3168 BCE-05-16 07:18:26,3168 BCE-05-16 07:18:26,-0.401365757
1_8,matched,3168 BCE-07-05 09:39:09,3168 BCE-07-05 09:39:10,0.875503197
1_8,matched,3168 BCE-08-11 23:03:29,3168 BCE-08-11 23:03:28,-0.921409205
1_8,matched,3168 BCE-10-01 16:17:58,3168 BCE-10-01 16:17:58,-0.478955358
1_8,matched,3168 BCE-11-07 15:04:16,3168 BCE-11-07 15:04:16,-0.343078002
1_8,matched,3168 BCE-12-28 22:42:38,3168 BCE-12-28 22:42:37,-1.290880144
1_8,matched,3167 BCE-02-03 07:19:24,3167 BCE-02-03 07:19:24,0.137526914
1_8,matched,3167 BCE-03-27 04:50:23,3167 BCE-03-27 04:50:22,-1.244441047
1_8,matched,3167 BCE-05-01 23:55:49,3167 BCE-05-01 23:55:50,0.874437019
1_8,matched,3167 BCE-06-23 10:42:47,3167 BCE-06-23 10:42:46,-0.801242888
1_8,matched,3167 BCE-07-28 16:45:15,3167 BCE-07-28 16:45:15,0.258447602
1_8,matched,3167 BCE-09-19 16:21:30,3167 BCE-09-19 16:21:30,-0.082860142
1_8,matched,3167 BCE-10-24 09:45:21,3167 BCE-10-24 09:45:20,-0.622285903
1_8,matched,3167 BCE-12-16 21:46:09,3167 BCE-12-16 21:46:09,0.433210284
1_8,matched,3166 BCE-01-20 02:58:56,3166 BCE-01-20 02:58:55,-0.522598252
1_8,matched,3166 BCE-03-15 02:58:40,3166 BCE-03-15 02:58:41,0.956703722
1_8,matched,3166 BCE-04-17 20:24:23,3166 BCE-04-17 20:24:22,-0.713544711
1_8,matched,3166 BCE-06-11 08:01:26,3166 BCE-06-11 08:01:27,0.628884137
1_8,matched,3166 BCE-07-14 14:02:27,3166 BCE-07-14 14:02:27,-0.395360962
1_8,matched,3166 BCE-09-07 12:56:19,3166 BCE-09-07 12:56:19,0.223726407
1_8,matched,3166 BCE-10-10 07:44:21,3166 BCE-10-10 07:44:22,0.639053062
1_8,matched,3166 BCE-12-04 17:47:15,3166 BCE-12-04 17:47:14,-0.768271834
1_8,matched,3165 BCE-01-06 01:27:44,3165 BCE-01-06 01:27:45,0.743035600
1_8,matched,3165 BCE-03-01 22:32:04,3165 BCE-03-01 22:32:03,-0.929998979
1_8,matched,3165 BCE-04-02 19:17:47,3165 BCE-04-02 19:17:48,1.284452900
1_8,matched,3165 BCE-05-29 03:15:01,3165 BCE-05-29 03:14:59,-1.186414808
1_8,matched,3165 BCE-06-29 13:07:03,3165 BCE-06-29 13:07:03,0.489707664
1_8,matched,3165 BCE-08-25 08:02:29,3165 BCE-08-25 08:02:29,-0.324832276
1_8,matched,3165 BCE-09-25 06:53:51,3165 BCE-09-25 06:53:51,-0.089931116
1_8,matched,3165 BCE-11-21 12:55:08,3165 BCE-11-21 12:55:08,-0.194426626
1_8,matched,3165 BCE-12-22 00:31:14,3165 BCE-12-22 00:31:13,-0.728511438
1_8,matched,3164 BCE-02-17 17:57:31,3164 BCE-02-17 17:57:31,0.197122246
1_8,matched,3164 BCE-03-19 17:57:33,3164 BCE-03-19 17:57:32,-0.701303780
1_8,matched,3164 BCE-05-16 23:09:20,3164 BCE-05-16 23:09:21,1.279443875
1_8,matched,3164 BCE-06-15 11:13:49,3164 BCE-06-15 11:13:49,-0.051196665
1_8,matched,3164 BCE-08-13 04:38:18,3164 BCE-08-13 04:38:19,1.014498621
1_8,matched,3164 BCE-09-11 04:11:24,3164 BCE-09-11 04:11:25,0.582525507
1_8,matched,3164 BCE-11-09 10:30:29,3164 BCE-11-09 10:30:29,0.322367996
1_8,matched,3164 BCE-12-07 20:46:38,3164 BCE-12-07 20:46:38,0.463676825
1_8,matched,3163 BCE-02-05 16:43:27,3163 BCE-02-05 16:43:27,0.082568452
1_8,matched,3163 BCE-03-05 12:58:54,3163 BCE-03-05 12:58:54,0.012582913
1_8,matched,3163 BCE-05-04 23:23:13,3163 BCE-05-04 23:23:12,-1.317021623
1_8,matched,3163 BCE-06-01 04:42:06,3163 BCE-06-01 04:42:05,-0.604965538
1_8,matched,3163 BCE-08-01 06:34:39,3163 BCE-08-01 06:34:38,-0.989564136
1_8,matched,3163 BCE-08-27 19:55:25,3163 BCE-08-27 19:55:25,-0.316966698
1_8,matched,3163 BCE-10-28 14:24:04,3163 BCE-10-28 14:24:04,-0.100693479
1_8,matched,3163 BCE-11-23 10:30:10,3163 BCE-11-23 10:30:10,0.032075867
1_8,matched,3162 BCE-01-24 22:55:14,3162 BCE-01-24 22:55:15,0.619670749
1_8,matched,3162 BCE-02-19 00:24:03,3162 BCE-02-19 00:24:04,0.873169675
1_8,matched,3162 BCE-04-23 08:04:35,3162 BCE-04-23 08:04:36,0.623402372
1_8,matched,3162 BCE-05-17 13:38:13,3162 BCE-05-17 13:38:13,-0.024672970
1_8,matched,3162 BCE-07-20 18:03:50,3162 BCE-07-20 18:03:49,-0.743850321
1_8,matched,3162 BCE-08-13 02:01:27,3162 BCE-08-13 02:01:26,-0.618403405
1_8,matched,3162 BCE-10-17 04:59:12,3162 BCE-10-17 04:59:12,-0.379720330
1_8,matched,3162 BCE-11-08 13:32:15,3162 BCE-11-08 13:32:15,-0.413174182
1_8,matched,3161 BCE-01-13 16:55:46,3161 BCE-01-13 16:55:46,0.081693381
1_8,matched,3161 BCE-02-04 00:03:22,3161 BCE-02-04 00:03:23,0.636246800
1_8,matched,3161 BCE-04-11 05:56:44,3161 BCE-04-11 05:56:45,0.644896924
1_8,matched,3161 BCE-05-01 09:29:13,3161 BCE-05-01 09:29:13,0.013407692
1_8,matched,3161 BCE-07-08 20:08:08,3161 BCE-07-08 20:08:08,-0.215388089
1_8,matched,3161 BCE-07-27 17:44:18,3161 BCE-07-27 17:44:18,-0.237476081
1_8,matched,3161 BCE-10-05 11:50:33,3161 BCE-10-05 11:50:33,-0.004154071
1_8,matched,3161 BCE-10-23 00:27:27,3161 BCE-10-23 00:27:28,0.524951890
1_8,matched,3160 BCE-01-02 05:22:59,3160 BCE-01-02 05:22:59,0.814731047
1_8,matched,3160 BCE-01-18 05:27:22,3160 BCE-01-18 05:27:21,-0.908735767
1_8,matched,3160 BCE-04-01 01:04:14,3160 BCE-04-01 01:04:13,-0.650821254
1_8,matched,3160 BCE-04-15 08:18:16,3160 BCE-04-15 08:18:16,0.361776352
1_8,matched,3160 BCE-06-28 23:46:19,3160 BCE-06-28 23:46:19,0.391186774
1_8,matched,3160 BCE-07-11 08:05:50,3160 BCE-07-11 08:05:50,-0.029299781
1_8,matched,3160 BCE-09-26 03:04:16,3160 BCE-09-26 03:04:15,-0.867848843
1_8,matched,3160 BCE-10-06 03:18:15,3160 BCE-10-06 03:18:15,0.488550961
1_8,matched,3160 BCE-12-24 15:30:45,3160 BCE-12-24 15:30:45,-0.370567292
1_8,matched,3160 BCE-12-31 13:23:04,3160 BCE-12-31 13:23:03,-0.531530008
1_8,matched,3129 BCE-07-28 08:00:38,3129 BCE-07-28 08:00:38,0.329750776
1_8,matched,3129 BCE-08-01 09:05:10,3129 BCE-08-01 09:05:09,-0.516814739
1_8,matched,3129 BCE-10-22 04:31:44,3129 BCE-10-22 04:31:45,0.727425143
1_8,matched,3129 BCE-10-30 11:11:07,3129 BCE-10-30 11:11:07,0.113668665
1_8,matched,3128 BCE-01-16 18:25:05,3128 BCE-01-16 18:25:04,-0.937673450
1_8,matched,3128 BCE-01-27 19:56:58,3128 BCE-01-27 19:56:57,-0.508798286
1_8,matched,3128 BCE-04-13 14:17:47,3128 BCE-04-13 14:17:47,0.389275700
1_8,matched,3128 BCE-04-26 22:45:58,3128 BCE-04-26 22:45:59,0.956170633
1_8,matched,3128 BCE-07-09 13:31:51,3128 BCE-07-09 13:31:51,0.244396180
1_8,matched,3128 BCE-07-24 22:09:38,3128 BCE-07-24 22:09:37,-0.689736754
1_8,matched,3128 BCE-10-04 15:00:35,3128 BCE-10-04 15:00:35,-0.350712240
1_8,matched,3128 BCE-10-21 19:16:52,3128 BCE-10-21 19:16:53,0.501224399
1_8,matched,3128 BCE-12-30 18:12:55,3128 BCE-12-30 18:12:54,-0.546003878
1_8,matched,3127 BCE-01-18 14:37:45,3127 BCE-01-18 14:37:44,-0.501888245
1_8,matched,3127 BCE-03-27 22:52:04,3127 BCE-03-27 22:52:05,0.930461660
1_8,matched,3127 BCE-04-17 08:35:50,3127 BCE-04-17 08:35:50,-0.380193070
1_8,matched,3127 BCE-06-23 04:36:31,3127 BCE-06-23 04:36:30,-1.090619713
1_8,matched,3127 BCE-07-15 01:28:47,3127 BCE-07-15 01:28:48,0.607932732
1_8,matched,3127 BCE-09-18 11:17:46,3127 BCE-09-18 11:17:47,0.594856963
1_8,matched,3127 BCE-10-11 17:18:15,3127 BCE-10-11 17:18:15,-0.153670460
1_8,matched,3127 BCE-12-14 18:55:41,3127 BCE-12-14 18:55:41,0.463656709
1_8,matched,3126 BCE-01-08 08:10:30,3126 BCE-01-08 08:10:30,0.219833851
1_8,matched,3126 BCE-03-12 03:23:09,3126 BCE-03-12 03:23:08,-1.177794859
1_8,matched,3126 BCE-04-06 22:13:04,3126 BCE-04-06 22:13:05,0.832182169
1_8,matched,3126 BCE-06-07 12:38:58,3126 BCE-06-07 12:38:58,-0.230203941
1_8,matched,3126 BCE-07-04 11:29:41,3126 BCE-07-04 11:29:41,-0.085927919
1_8,matched,3126 BCE-09-02 22:36:02,3126 BCE-09-02 22:36:03,1.266247407
1_8,matched,3126 BCE-10-01 00:03:05,3126 BCE-10-01 00:03:04,-1.153785735
1_8,matched,3126 BCE-11-29 09:14:16,3126 BCE-11-29 09:14:15,-0.507309660
1_8,matched,3126 BCE-12-28 11:49:22,3126 BCE-12-28 11:49:23,0.500309095
1_8,matched,3125 BCE-02-24 20:35:36,3125 BCE-02-24 20:35:36,-0.263547152
1_8,matched,3125 BCE-03-25 22:54:44,3125 BCE-03-25 22:54:45,0.516824797
1_8,matched,3125 BCE-05-22 08:32:15,3125 BCE-05-22 08:32:16,0.911109522
1_8,matched,3125 BCE-06-22 09:24:48,3125 BCE-06-22 09:24:48,0.101196393
1_8,matched,3125 BCE-08-17 21:05:34,3125 BCE-08-17 21:05:35,1.085329056
1_8,matched,3125 BCE-09-18 19:18:50,3125 BCE-09-18 19:18:49,-0.714641064
1_8,matched,3125 BCE-11-13 10:12:39,3125 BCE-11-13 10:12:39,-0.336067379
1_8,matched,3125 BCE-12-16 04:36:43,3125 BCE-12-16 04:36:42,-0.767557696
1_8,matched,3124 BCE-02-08 23:52:56,3124 BCE-02-08 23:52:55,-0.601646304
1_8,matched,3124 BCE-03-14 13:18:45,3124 BCE-03-14 13:18:46,0.731820613
1_8,matched,3124 BCE-05-07 14:05:51,3124 BCE-05-07 14:05:51,0.372830406
1_8,matched,3124 BCE-06-10 21:30:43,3124 BCE-06-10 21:30:44,0.530614704
1_8,matched,3124 BCE-08-03 04:45:21,3124 BCE-08-03 04:45:21,0.460900739
1_8,matched,3124 BCE-09-07 05:17:37,3124 BCE-09-07 05:17:38,0.822757557
1_8,matched,3124 BCE-10-29 19:52:13,3124 BCE-10-29 19:52:14,0.792522356
1_8,matched,3124 BCE-12-04 12:34:43,3124 BCE-12-04 12:34:43,-0.393962860
1_8,matched,3123 BCE-01-25 11:25:18,3123 BCE-01-25 11:25:18,-0.060731918
1_8,matched,3123 BCE-03-02 19:26:11,3123 BCE-03-02 19:26:11,-0.475324318
1_8,matched,3123 BCE-04-23 03:19:43,3123 BCE-04-23 03:19:42,-1.499368250
1_8,matched,3123 BCE-05-30 01:55:22,3123 BCE-05-30 01:55:21,-0.660074875
1_8,matched,3123 BCE-07-19 19:36:16,3123 BCE-07-19 19:36:15,-0.601485372
1_8,matched,3123 BCE-08-26 08:05:56,3123 BCE-08-26 08:05:55,-0.835058838
1_8,matched,3123 BCE-10-15 12:10:32,3123 BCE-10-15 12:10:32,-0.027941912
1_8,matched,3123 BCE-11-22 13:59:32,3123 BCE-11-22 13:59:33,0.958363339
1_8,matched,3122 BCE-01-11 05:02:42,3122 BCE-01-11 05:02:43,1.238476485
1_8,matched,3122 BCE-02-18 19:32:35,3122 BCE-02-18 19:32:36,1.303362474
1_8,matched,3122 BCE-04-08 22:09:54,3122 BCE-04-08 22:09:55,1.219587028
1_8,matched,3122 BCE-05-18 00:53:13,3122 BCE-05-18 00:53:14,0.963965803
1_8,matched,3122 BCE-07-05 15:27:03,3122 BCE-07-05 15:27:04,0.755920261
1_8,matched,3122 BCE-08-14 06:03:53,3122 BCE-08-14 06:03:54,1.144542173
1_8,matched,3122 BCE-10-01 08:55:26,3122 BCE-10-01 08:55:26,-0.482888147
1_8,matched,3122 BCE-11-10 11:06:08,3122 BCE-11-10 11:06:08,-0.064745173
1_8,matched,3122 BCE-12-28 02:34:13,3122 BCE-12-28 02:34:12,-0.993728265
1_8,matched,3121 BCE-02-06 15:59:43,3121 BCE-02-06 15:59:42,-0.884605944
1_8,matched,3121 BCE-03-24 20:17:52,3121 BCE-03-24 20:17:51,-1.175883785
1_8,matched,3121 BCE-05-04 20:46:08,3121 BCE-05-04 20:46:07,-1.207205281
1_8,matched,3121 BCE-06-20 14:05:33,3121 BCE-06-20 14:05:33,0.212400779
1_8,matched,3121 BCE-08-01 01:31:09,3121 BCE-08-01 01:31:08,-1.113270968
1_8,matched,3121 BCE-09-16 07:51:52,3121 BCE-09-16 07:51:52,0.478683785
1_8,matched,3121 BCE-10-28 06:17:00,3121 BCE-10-28 06:16:59,-1.196030527
1_8,matched,3121 BCE-12-13 01:41:37,3121 BCE-12-13 01:41:39,1.570812240
1_8,matched,3120 BCE-01-24 11:02:22,3120 BCE-01-24 11:02:22,-0.176613405
1_8,matched,3120 BCE-03-10 19:31:29,3120 BCE-03-10 19:31:30,1.126065105
1_8,matched,3120 BCE-04-22 15:50:20,3120 BCE-04-22 15:50:21,1.301109418
1_8,matched,3120 BCE-06-06 13:14:42,3120 BCE-06-06 13:14:42,-0.194336101
1_8,matched,3120 BCE-07-19 20:42:05,3120 BCE-07-19 20:42:06,1.041364297
1_8,matched,3120 BCE-09-02 06:51:39,3120 BCE-09-02 06:51:38,-0.641235709
1_8,matched,3120 BCE-10-16 01:41:56,3120 BCE-10-16 01:41:57,1.155203953
1_8,matched,3120 BCE-11-29 00:20:25,3120 BCE-11-29 00:20:23,-1.840535179
1_8,matched,3119 BCE-01-12 06:50:31,3119 BCE-01-12 06:50:32,0.903133303
1_8,matched,3119 BCE-02-24 17:43:13,3119 BCE-02-24 17:43:12,-0.731709972
1_8,matched,3119 BCE-04-10 12:07:50,3119 BCE-04-10 12:07:50,-0.142898038
1_8,matched,3119 BCE-05-23 10:55:30,3119 BCE-05-23 10:55:31,0.633993745
1_8,matched,3119 BCE-07-07 17:37:29,3119 BCE-07-07 17:37:28,-0.980592147
1_8,matched,3119 BCE-08-19 03:51:49,3119 BCE-08-19 03:51:50,1.360604167
1_8,matched,3119 BCE-10-03 23:20:11,3119 BCE-10-03 23:20:10,-1.414234936
1_8,matched,3119 BCE-11-14 20:36:30,3119 BCE-11-14 20:36:32,1.558068395
1_8,matched,3119 BCE-12-31 05:16:09,3119 BCE-12-31 05:16:08,-0.987361372
1_8,matched,3118 BCE-02-10 13:07:34,3118 BCE-02-10 13:07:34,0.185323879
1_8,matched,3118 BCE-03-29 11:28:26,3118 BCE-03-29 11:28:26,-0.398861244
1_8,matched,3118 BCE-05-09 05:24:01,3118 BCE-05-09 05:24:00,-0.876247510
1_8,matched,3118 BCE-06-25 17:55:40,3118 BCE-06-25 17:55:41,1.489641890
1_8,matched,3118 BCE-08-04 21:22:40,3118 BCE-08-04 21:22:38,-1.689681038
1_8,matched,3118 BCE-09-22 00:42:01,3118 BCE-09-22 00:42:02,1.452939212
1_8,matched,3118 BCE-10-31 13:01:33,3118 BCE-10-31 13:01:33,-0.028163195
1_8,matched,3118 BCE-12-19 07:45:07,3118 BCE-12-19 07:45:08,0.565164909
1_8,matched,3117 BCE-01-27 04:26:10,3117 BCE-01-27 04:26:11,1.169325784
1_8,matched,3117 BCE-03-16 15:05:36,3117 BCE-03-16 15:05:35,-0.834586099
1_8,matched,3117 BCE-04-23 19:33:43,3117 BCE-04-23 19:33:44,1.469324157
1_8,matched,3117 BCE-06-12 22:46:11,3117 BCE-06-12 22:46:10,-1.301924139
1_8,matched,3117 BCE-07-20 10:21:58,3117 BCE-07-20 10:21:57,-0.769639760
1_8,matched,3117 BCE-09-09 06:43:30,3117 BCE-09-09 06:43:29,-1.295315847
1_8,matched,3117 BCE-10-16 00:51:45,3117 BCE-10-16 00:51:43,-1.577742398
1_8,matched,3117 BCE-12-06 14:59:00,3117 BCE-12-06 14:59:01,0.657027215
1_8,matched,3116 BCE-01-11 15:03:55,3116 BCE-01-11 15:03:54,-1.058765128
1_8,matched,3116 BCE-03-04 23:30:38,3116 BCE-03-04 23:30:40,2.296115085
1_8,matched,3116 BCE-04-09 05:02:07,3116 BCE-04-09 05:02:09,1.669685170
1_8,matched,3116 BCE-06-01 08:20:27,3116 BCE-06-01 08:20:27,0.397553667
1_8,matched,3116 BCE-07-05 18:45:35,3116 BCE-07-05 18:45:36,0.867999718
1_8,matched,3116 BCE-08-28 17:26:50,3116 BCE-08-28 17:26:48,-1.732700318
1_8,matched,3116 BCE-10-01 08:10:40,3116 BCE-10-01 08:10:39,-1.326154545
1_8,matched,3116 BCE-11-25 02:45:27,3116 BCE-11-25 02:45:25,-2.246618271
1_8,matched,3116 BCE-12-27 21:23:53,3116 BCE-12-27 21:23:52,-1.497256011
1_8,matched,3115 BCE-02-21 12:16:00,3115 BCE-02-21 12:16:01,0.512298569
1_8,matched,3115 BCE-03-25 10:24:21,3115 BCE-03-25 10:24:22,0.605086237
1_8,matched,3115 BCE-05-20 21:59:54,3115 BCE-05-20 21:59:56,2.424398437
1_8,matched,3115 BCE-06-20 23:15:56,3115 BCE-06-20 23:15:58,1.972167939
1_8,matched,3115 BCE-08-17 07:54:55,3115 BCE-08-17 07:54:56,0.592996180
1_8,matched,3115 BCE-09-16 11:58:32,3115 BCE-09-16 11:58:32,0.108176842
1_8,matched,3115 BCE-11-13 17:58:33,3115 BCE-11-13 17:58:32,-1.421688125
1_8,matched,3115 BCE-12-13 00:31:06,3115 BCE-12-13 00:31:03,-2.566431463
1_8,matched,3114 BCE-02-10 04:05:36,3114 BCE-02-10 04:05:34,-1.970045641
1_8,matched,3114 BCE-03-10 12:59:31,3114 BCE-03-10 12:59:31,-0.404182076
1_8,matched,3114 BCE-05-09 14:18:50,3114 BCE-05-09 14:18:51,0.823582336
1_8,matched,3114 BCE-06-06 01:22:20,3114 BCE-06-06 01:22:22,1.689701155
1_8,matched,3114 BCE-08-06 00:38:37,3114 BCE-08-06 00:38:39,2.162953466
1_8,matched,3114 BCE-09-01 13:41:04,3114 BCE-09-01 13:41:04,0.248188153
1_8,matched,3114 BCE-11-02 11:00:38,3114 BCE-11-02 11:00:39,0.747944042
1_8,matched,3114 BCE-11-28 01:59:27,3114 BCE-11-28 01:59:25,-1.826171950
1_8,matched,3113 BCE-01-29 21:23:09,3113 BCE-01-29 21:23:07,-1.923536137
1_8,matched,3113 BCE-02-23 14:14:27,3113 BCE-02-23 14:14:26,-1.136324555
1_8,matched,3113 BCE-04-27 07:44:58,3113 BCE-04-27 07:44:57,-0.734486058
1_8,matched,3113 BCE-05-21 02:30:53,3113 BCE-05-21 02:30:55,1.622200012
1_8,matched,3113 BCE-07-24 18:08:28,3113 BCE-07-24 18:08:29,1.269395649
1_8,matched,3113 BCE-08-16 14:44:48,3113 BCE-08-16 14:44:49,0.978439674
1_8,matched,3113 BCE-10-21 04:34:07,3113 BCE-10-21 04:34:08,1.211932674
1_8,matched,3113 BCE-11-12 02:59:51,3113 BCE-11-12 02:59:49,-1.569937170
1_8,matched,3112 BCE-01-17 14:54:59,3112 BCE-01-17 14:54:59,0.122771412
1_8,matched,3112 BCE-02-07 15:17:57,3112 BCE-02-07 15:17:55,-1.544429362
1_8,matched,3112 BCE-04-16 01:15:40,3112 BCE-04-16 01:15:39,-1.273750886
1_8,matched,3112 BCE-05-06 03:34:20,3112 BCE-05-06 03:34:20,0.214372203
1_8,matched,3112 BCE-07-13 11:37:44,3112 BCE-07-13 11:37:43,-0.977645069
1_8,matched,3112 BCE-08-01 15:49:31,3112 BCE-08-01 15:49:32,1.445646957
1_8,matched,3112 BCE-10-09 22:03:34,3112 BCE-10-09 22:03:35,0.792431831
1_8,matched,3112 BCE-10-28 04:02:49,3112 BCE-10-28 04:02:49,-0.127106532
1_8,matched,3111 BCE-01-06 08:31:39,3111 BCE-01-06 08:31:40,0.828279555
1_8,matched,3111 BCE-01-23 16:14:10,3111 BCE-01-23 16:14:09,-0.633128732
1_8,matched,3111 BCE-04-04 18:58:42,3111 BCE-04-04 18:58:42,0.466432795
1_8,matched,3111 BCE-04-21 04:23:42,3111 BCE-04-21 04:23:41,-1.122273132
1_8,matched,3111 BCE-07-02 05:35:39,3111 BCE-07-02 05:35:39,-0.490190461
1_8,matched,3111 BCE-07-17 16:21:38,3111 BCE-07-17 16:21:38,0.390925258
1_8,matched,3111 BCE-09-28 16:25:13,3111 BCE-09-28 16:25:11,-2.284749225
1_8,matched,3111 BCE-10-13 04:08:44,3111 BCE-10-13 04:08:46,2.419469878
1_8,matched,3111 BCE-12-26 03:30:35,3111 BCE-12-26 03:30:34,-1.415703446
1_8,matched,3110 BCE-01-08 15:43:24,3110 BCE-01-08 15:43:23,-1.063663512
1_8,matched,3110 BCE-03-24 14:54:08,3110 BCE-03-24 14:54:11,2.781256288
1_8,matched,3110 BCE-04-06 02:56:25,3110 BCE-04-06 02:56:21,-3.848752007
1_8,matched,3110 BCE-06-21 02:45:26,3110 BCE-06-21 02:45:29,3.168288991
1_8,matched,3110 BCE-07-02 13:39:39,3110 BCE-07-02 13:39:40,1.301310584
1_8,matched,3110 BCE-09-17 15:22:33,3110 BCE-09-17 15:22:28,-4.841746017
1_8,matched,3110 BCE-09-27 23:35:36,3110 BCE-09-27 23:35:41,5.271305144
1_8,matched,3110 BCE-12-15 05:03:03,3110 BCE-12-15 05:02:58,-4.741877317
1_8,matched,3110 BCE-12-24 08:31:34,3110 BCE-12-24 08:31:28,-5.662833899
1_8,matched,3109 BCE-03-12 20:10:52,3109 BCE-03-12 20:11:03,10.924704373
1_8,matched,3109 BCE-03-20 16:01:42,3109 BCE-03-20 16:01:39,-2.639032155
1_8,matched,3109 BCE-06-09 13:58:58,3109 BCE-06-09 13:58:51,-7.185275853
1_8,matched,3109 BCE-06-15 20:48:08,3109 BCE-06-15 20:48:21,12.519928068
1_8,matched,3109 BCE-09-06 13:17:40,3109 BCE-09-06 13:17:48,8.013243601
1_8,matched,3109 BCE-09-10 20:01:38,3109 BCE-09-10 20:01:17,-20.645814389
1_8,matched,3016 BCE-11-22 09:13:39,3016 BCE-11-22 09:13:38,-0.614249334
1_8,matched,3016 BCE-11-25 10:08:19,3016 BCE-11-25 10:08:19,0.143803284
1_8,matched,3015 BCE-02-16 18:54:20,3015 BCE-02-16 18:54:20,0.309885666
1_8,matched,3015 BCE-02-22 22:55:24,3015 BCE-02-22 22:55:24,0.286188349
1_8,matched,3015 BCE-05-14 18:23:40,3015 BCE-05-14 18:23:40,-0.143833458
1_8,matched,3015 BCE-05-22 21:58:53,3015 BCE-05-22 21:58:53,0.063568354
1_8,matched,3015 BCE-08-09 22:41:32,3015 BCE-08-09 22:41:32,-0.317590311
1_8,matched,3015 BCE-08-19 16:11:44,3015 BCE-08-19 16:11:44,0.212933868
1_8,matched,3015 BCE-11-05 05:49:11,3015 BCE-11-05 05:49:11,-0.363506377
1_8,matched,3015 BCE-11-16 07:32:51,3015 BCE-11-16 07:32:51,-0.278906152
1_8,matched,3014 BCE-01-31 14:53:05,3014 BCE-01-31 14:53:05,0.323051959
1_8,matched,3014 BCE-02-12 20:57:08,3014 BCE-02-12 20:57:08,-0.160158053
1_8,matched,3014 BCE-04-29 01:22:50,3014 BCE-04-29 01:22:50,0.338068977
1_8,matched,3014 BCE-05-12 08:57:22,3014 BCE-05-12 08:57:21,-0.507852808
1_8,matched,3014 BCE-07-25 13:01:05,3014 BCE-07-25 13:01:05,-0.179500133
1_8,matched,3014 BCE-08-08 19:53:26,3014 BCE-08-08 19:53:26,-0.042767823
1_8,matched,3014 BCE-10-21 01:24:24,3014 BCE-10-21 01:24:24,0.154585764
1_8,matched,3014 BCE-11-05 06:01:43,3014 BCE-11-05 06:01:43,0.401858613
1_8,matched,3013 BCE-01-16 14:30:47,3013 BCE-01-16 14:30:47,-0.234458596
1_8,matched,3013 BCE-02-01 15:23:53,3013 BCE-02-01 15:23:53,-0.145362318
1_8,matched,3013 BCE-04-13 04:14:40,3013 BCE-04-13 04:14:40,0.455348566
1_8,matched,3013 BCE-04-30 00:10:16,3013 BCE-04-30 00:10:16,-0.099295378
1_8,matched,3013 BCE-07-09 18:27:13,3013 BCE-07-09 18:27:13,-0.171352923
1_8,matched,3013 BCE-07-27 08:29:49,3013 BCE-07-27 08:29:49,-0.363234803
1_8,matched,3013 BCE-10-05 09:04:33,3013 BCE-10-05 09:04:33,0.271422789
1_8,matched,3013 BCE-10-23 16:28:12,3013 BCE-10-23 16:28:12,0.466503203
1_8,matched,3013 BCE-12-31 23:58:33,3013 BCE-12-31 23:58:33,0.200833753
1_8,matched,3012 BCE-01-20 00:06:19,3012 BCE-01-20 00:06:19,0.031874701
1_8,matched,3012 BCE-03-29 15:09:45,3012 BCE-03-29 15:09:45,0.248499960
1_8,matched,3012 BCE-04-18 07:25:26,3012 BCE-04-18 07:25:26,0.487625599
1_8,matched,3012 BCE-06-25 06:35:50,3012 BCE-06-25 06:35:50,-0.102001056
1_8,matched,3012 BCE-07-15 14:32:35,3012 BCE-07-15 14:32:35,0.144145265
1_8,matched,3012 BCE-09-20 22:08:06,3012 BCE-09-20 22:08:06,-0.228614733
1_8,matched,3012 BCE-10-11 21:35:07,3012 BCE-10-11 21:35:07,0.081552565
1_8,matched,3012 BCE-12-17 13:47:22,3012 BCE-12-17 13:47:22,0.294566900
1_8,matched,3011 BCE-01-08 04:31:17,3011 BCE-01-08 04:31:17,-0.331551209
1_8,matched,3011 BCE-03-15 05:29:44,3011 BCE-03-15 05:29:44,-0.037497282
1_8,matched,3011 BCE-04-06 11:22:11,3011 BCE-04-06 11:22:11,0.376380980
1_8,matched,3011 BCE-06-10 21:14:17,3011 BCE-06-10 21:14:17,0.189518183
1_8,matched,3011 BCE-07-03 18:11:31,3011 BCE-07-03 18:11:31,0.374208391
1_8,matched,3011 BCE-09-06 12:58:05,3011 BCE-09-06 12:58:05,-0.382898748
1_8,matched,3011 BCE-09-30 01:03:58,3011 BCE-09-30 01:03:58,-0.160701200
1_8,matched,3011 BCE-12-03 04:35:44,3011 BCE-12-03 04:35:44,-0.149405748
1_8,matched,3011 BCE-12-27 08:03:56,3011 BCE-12-27 08:03:56,0.083624572
1_8,matched,3010 BCE-02-28 20:08:13,3010 BCE-02-28 20:08:13,-0.071544573
1_8,matched,3010 BCE-03-25 15:06:48,3010 BCE-03-25 15:06:48,0.478170812
1_8,matched,3010 BCE-05-27 11:34:04,3010 BCE-05-27 11:34:04,0.336459652
1_8,matched,3010 BCE-06-21 22:18:17,3010 BCE-06-21 22:18:17,0.191489607
1_8,matched,3010 BCE-08-23 02:48:25,3010 BCE-08-23 02:48:25,0.403759629
1_8,matched,3010 BCE-09-18 05:40:38,3010 BCE-09-18 05:40:38,-0.022510439
1_8,matched,3010 BCE-11-18 17:53:58,3010 BCE-11-18 17:53:58,0.371955335
1_8,matched,3010 BCE-12-15 13:16:01,3010 BCE-12-15 13:16:01,-0.027630106
1_8,matched,3009 BCE-02-14 08:45:17,3009 BCE-02-14 08:45:17,0.174340233
1_8,matched,3009 BCE-03-12 21:04:17,3009 BCE-03-12 21:04:17,0.204233453
1_8,matched,3009 BCE-05-11 23:24:46,3009 BCE-05-11 23:24:46,0.096237659
1_8,matched,3009 BCE-06-09 05:03:46,3009 BCE-06-09 05:03:46,0.381892920
1_8,matched,3009 BCE-08-07 13:49:32,3009 BCE-08-07 13:49:32,0.408758596
1_8,matched,3009 BCE-09-05 13:18:45,3009 BCE-09-05 13:18:45,0.475585833
1_8,matched,3009 BCE-11-03 03:58:07,3009 BCE-11-03 03:58:07,-0.484789163
1_8,matched,3009 BCE-12-02 21:51:03,3009 BCE-12-02 21:51:03,-0.429699942
1_8,matched,3008 BCE-01-29 17:55:30,3008 BCE-01-29 17:55:30,0.481540337
1_8,matched,3008 BCE-03-01 06:38:08,3008 BCE-03-01 06:38:08,-0.110480189
1_8,matched,3008 BCE-04-27 07:37:12,3008 BCE-04-27 07:37:12,0.020327792
1_8,matched,3008 BCE-05-28 15:39:51,3008 BCE-05-28 15:39:51,0.016364828
1_8,matched,3008 BCE-07-23 21:03:14,3008 BCE-07-23 21:03:14,-0.174782798
1_8,matched,3008 BCE-08-25 00:54:21,3008 BCE-08-25 00:54:21,0.156848878
1_8,matched,3008 BCE-10-19 10:15:22,3008 BCE-10-19 10:15:22,-0.181381032
1_8,matched,3008 BCE-11-21 10:24:44,3008 BCE-11-21 10:24:44,0.452190265
1_8,matched,3007 BCE-01-14 23:13:36,3007 BCE-01-14 23:13:36,0.162833557
1_8,matched,3007 BCE-02-17 20:08:52,3007 BCE-02-17 20:08:52,0.342092291
1_8,matched,3007 BCE-04-12 12:04:40,3007 BCE-04-12 12:04:40,-0.133875757
1_8,matched,3007 BCE-05-17 06:04:00,3007 BCE-05-17 06:04:00,0.227498263
1_8,matched,3007 BCE-07-09 00:42:29,3007 BCE-07-09 00:42:29,0.071735680
1_8,matched,3007 BCE-08-13 16:09:23,3007 BCE-08-13 16:09:23,0.168415904
1_8,matched,3007 BCE-10-04 13:08:38,3007 BCE-10-04 13:08:38,0.448619574
1_8,matched,3007 BCE-11-10 02:23:56,3007 BCE-11-10 02:23:56,-0.222760811
1_8,matched,3007 BCE-12-31 01:27:35,3007 BCE-12-31 01:27:35,0.314562768
1_8,matched,3006 BCE-02-06 12:46:13,3006 BCE-02-06 12:46:13,0.414894149
1_8,matched,3006 BCE-03-28 13:40:37,3006 BCE-03-28 13:40:37,0.022963062
1_8,matched,3006 BCE-05-05 23:15:02,3006 BCE-05-05 23:15:02,-0.277910382
1_8,matched,3006 BCE-06-24 01:50:55,3006 BCE-06-24 01:50:55,-0.478603318
1_8,matched,3006 BCE-08-02 09:47:06,3006 BCE-08-02 09:47:06,0.373584777
1_8,matched,3006 BCE-09-19 13:55:13,3006 BCE-09-19 13:55:13,0.471471995
1_8,matched,3006 BCE-10-29 20:23:13,3006 BCE-10-29 20:23:13,-0.379267707
1_8,matched,3006 BCE-12-16 01:55:35,3006 BCE-12-16 01:55:35,-0.272428617
1_8,matched,3005 BCE-01-26 06:59:38,3005 BCE-01-26 06:59:38,-0.450580940
1_8,matched,3005 BCE-03-12 13:59:01,3005 BCE-03-12 13:59:01,-0.088844821
1_8,matched,3005 BCE-04-23 17:33:54,3005 BCE-04-23 17:33:54,0.129399821
1_8,matched,3005 BCE-06-08 02:04:24,3005 BCE-06-08 02:04:24,0.177005678
1_8,matched,3005 BCE-07-21 04:07:35,3005 BCE-07-21 04:07:35,-0.158649310
1_8,matched,3005 BCE-09-03 14:12:08,3005 BCE-09-03 14:12:08,-0.217812136
1_8,matched,3005 BCE-10-17 14:35:58,3005 BCE-10-17 14:35:58,-0.384769589
1_8,matched,3005 BCE-11-30 02:22:55,3005 BCE-11-30 02:22:55,-0.300189480
1_8,matched,3004 BCE-01-14 01:00:17,3004 BCE-01-14 01:00:17,-0.309935957
1_8,matched,3004 BCE-02-25 14:38:48,3004 BCE-02-25 14:38:48,0.129319355
1_8,matched,3004 BCE-04-12 11:15:52,3004 BCE-04-12 11:15:52,-0.434165820
1_8,matched,3004 BCE-05-24 03:06:36,3004 BCE-05-24 03:06:36,-0.109595060
1_8,matched,3004 BCE-07-09 21:23:39,3004 BCE-07-09 21:23:39,-0.148430094
1_8,matched,3004 BCE-08-19 15:41:20,3004 BCE-08-19 15:41:20,0.000734255
1_8,matched,3004 BCE-10-06 07:23:17,3004 BCE-10-06 07:23:17,0.449112430
1_8,matched,3004 BCE-11-15 04:24:06,3004 BCE-11-15 04:24:06,0.259865820
1_8,matched,3003 BCE-01-02 17:10:06,3003 BCE-01-02 17:10:06,-0.393248722
1_8,matched,3003 BCE-02-10 17:19:14,3003 BCE-02-10 17:19:14,0.465909764
1_8,matched,3003 BCE-04-01 02:43:48,3003 BCE-04-01 02:43:48,-0.286087766
1_8,matched,3003 BCE-05-09 06:27:33,3003 BCE-05-09 06:27:33,-0.065248087
1_8,matched,3003 BCE-06-28 12:04:29,3003 BCE-06-28 12:04:29,-0.250732899
1_8,matched,3003 BCE-08-04 19:52:13,3003 BCE-08-04 19:52:13,0.262662023
1_8,matched,3003 BCE-09-24 21:12:19,3003 BCE-09-24 21:12:19,0.032307208
1_8,matched,3003 BCE-10-31 09:28:05,3003 BCE-10-31 09:28:05,-0.258829817
1_8,matched,3003 BCE-12-22 06:06:24,3003 BCE-12-22 06:06:24,0.313888863
1_8,matched,3002 BCE-01-26 23:17:03,3002 BCE-01-26 23:17:03,0.154867396
1_8,matched,3002 BCE-03-20 14:40:44,3002 BCE-03-20 14:40:44,0.131451711
1_8,matched,3002 BCE-04-24 13:25:48,3002 BCE-04-24 13:25:48,0.122972578
1_8,matched,3002 BCE-06-16 22:58:28,3002 BCE-06-16 22:58:28,-0.112924352
1_8,matched,3002 BCE-07-21 03:49:27,3002 BCE-07-21 03:49:27,-0.052685291
1_8,matched,3002 BCE-09-13 07:01:22,3002 BCE-09-13 07:01:22,-0.003882498
1_8,matched,3002 BCE-10-16 18:31:48,3002 BCE-10-16 18:31:48,-0.328101218
1_8,matched,3002 BCE-12-10 14:48:16,3002 BCE-12-10 14:48:16,-0.326491892
1_8,matched,3001 BCE-01-12 09:28:10,3001 BCE-01-12 09:28:10,-0.314039737
1_8,matched,3001 BCE-03-07 22:17:00,3001 BCE-03-07 22:16:59,-0.046821311
1_8,matched,3001 BCE-04-09 00:41:25,3001 BCE-04-09 00:41:25,0.208709389
1_8,matched,3001 BCE-06-04 05:25:24,3001 BCE-06-04 05:25:24,-0.224571303
1_8,matched,3001 BCE-07-05 16:13:41,3001 BCE-07-05 16:13:41,-0.485422835
1_8,matched,3001 BCE-08-31 12:18:51,3001 BCE-08-31 12:18:51,-0.343832374
1_8,matched,3001 BCE-10-01 07:59:21,3001 BCE-10-01 07:59:21,-0.179268792
1_8,matched,3001 BCE-11-27 19:00:19,3001 BCE-11-27 19:00:19,-0.436760858
1_8,matched,3001 BCE-12-28 00:00:40,3001 BCE-12-28 00:00:40,-0.130476058
1_8,matched,3000 BCE-02-24 01:24:23,3000 BCE-02-24 01:24:23,0.462892279
1_8,matched,3000 BCE-03-25 16:16:42,3000 BCE-03-25 16:16:42,0.002926961
1_8,matched,3000 BCE-05-23 07:34:21,3000 BCE-05-23 07:34:21,0.384327024
1_8,matched,3000 BCE-06-21 08:43:32,3000 BCE-06-21 08:43:32,-0.166716054
1_8,matched,3000 BCE-08-19 13:32:23,3000 BCE-08-19 13:32:23,-0.244476646
1_8,matched,3000 BCE-09-17 01:22:28,3000 BCE-09-17 01:22:28,-0.047947839
1_8,matched,3000 BCE-11-15 19:23:28,3000 BCE-11-15 19:23:28,0.028998032
1_8,matched,3000 BCE-12-13 18:07:25,3000 BCE-12-13 18:07:25,-0.289215893
1_8,matched,2999 BCE-02-12 01:08:51,2999 BCE-02-12 01:08:51,0.445581973
1_8,matched,2999 BCE-03-11 11:00:19,2999 BCE-03-11 11:00:19,0.274671614
1_8,matched,2999 BCE-05-11 06:44:17,2999 BCE-05-11 06:44:17,-0.092314929
1_8,matched,2999 BCE-06-07 03:58:32,2999 BCE-06-07 03:58:32,0.385745242
1_8,matched,2999 BCE-08-07 12:20:46,2999 BCE-08-07 12:20:46,-0.228162110
1_8,matched,2999 BCE-09-02 20:53:11,2999 BCE-09-02 20:53:11,0.122791529
1_8,matched,2999 BCE-11-03 18:01:34,2999 BCE-11-03 18:01:34,-0.198017433
1_8,matched,2999 BCE-11-29 13:44:43,2999 BCE-11-29 13:44:43,0.251014531
1_8,matched,2998 BCE-01-30 23:49:55,2998 BCE-01-30 23:49:55,0.062351301
1_8,matched,2998 BCE-02-25 06:29:12,2998 BCE-02-25 06:29:12,0.110279024
1_8,matched,2998 BCE-04-29 05:46:51,2998 BCE-04-29 05:46:51,-0.472990796
1_8,matched,2998 BCE-05-23 23:03:27,2998 BCE-05-23 23:03:27,0.467237458
1_8,matched,2998 BCE-07-26 11:54:46,2998 BCE-07-26 11:54:46,0.091942772
1_8,matched,2998 BCE-08-19 15:23:38,2998 BCE-08-19 15:23:38,0.196116418
1_8,matched,2998 BCE-10-22 18:25:32,2998 BCE-10-22 18:25:32,0.482304767
1_8,matched,2998 BCE-11-15 07:18:25,2998 BCE-11-15 07:18:25,0.018919632
1_8,matched,2997 BCE-01-19 01:22:58,2997 BCE-01-19 01:22:58,0.163648278
1_8,matched,2997 BCE-02-10 22:50:54,2997 BCE-02-10 22:50:54,0.331873074
1_8,matched,2997 BCE-04-16 08:47:58,2997 BCE-04-16 08:47:58,-0.175426528
1_8,matched,2997 BCE-05-08 13:55:06,2997 BCE-05-08 13:55:06,0.299917907
1_8,matched,2997 BCE-07-13 16:48:22,2997 BCE-07-13 16:48:22,-0.086782873
1_8,matched,2997 BCE-08-04 04:20:36,2997 BCE-08-04 04:20:36,-0.171101466
1_8,matched,2997 BCE-10-10 01:29:06,2997 BCE-10-10 01:29:06,0.372518599
1_8,matched,2997 BCE-10-30 18:03:57,2997 BCE-10-30 18:03:57,-0.205168873
1_8,matched,2996 BCE-01-06 11:02:25,2996 BCE-01-06 11:02:25,0.035425276
1_8,matched,2996 BCE-01-26 06:54:43,2996 BCE-01-26 06:54:43,-0.494435057
1_8,matched,2996 BCE-04-04 21:31:35,2996 BCE-04-04 21:31:35,0.358356535
1_8,matched,2996 BCE-04-23 18:55:27,2996 BCE-04-23 18:55:27,-0.265226886
1_8,matched,2996 BCE-07-02 09:03:08,2996 BCE-07-02 09:03:08,-0.024914369
1_8,matched,2996 BCE-07-20 05:50:47,2996 BCE-07-20 05:50:47,0.087949634
1_8,matched,2996 BCE-09-28 21:55:46,2996 BCE-09-28 21:55:46,-0.194879249
1_8,matched,2996 BCE-10-15 15:21:57,2996 BCE-10-15 15:21:57,-0.310951844
1_8,matched,2996 BCE-12-26 12:22:13,2996 BCE-12-26 12:22:13,-0.010691956
1_8,matched,2995 BCE-01-10 23:21:00,2995 BCE-01-10 23:20:59,-0.387646258
1_8,matched,2995 BCE-03-25 04:44:23,2995 BCE-03-25 04:44:23,0.043411553
1_8,matched,2995 BCE-04-08 05:25:40,2995 BCE-04-08 05:25:40,-0.160691142
1_8,matched,2995 BCE-06-21 23:37:35,2995 BCE-06-21 23:37:35,-0.039971620
1_8,matched,2995 BCE-07-04 09:03:00,2995 BCE-07-04 09:02:59,-0.346950442
1_8,matched,2995 BCE-09-18 22:06:29,2995 BCE-09-18 22:06:29,0.418042392
1_8,matched,2995 BCE-09-29 09:01:08,2995 BCE-09-29 09:01:08,-0.028786808
1_8,matched,2995 BCE-12-17 02:55:11,2995 BCE-12-17 02:55:11,-0.333351642
1_8,matched,2995 BCE-12-25 02:38:53,2995 BCE-12-25 02:38:52,-0.536297634
1_8,matched,2994 BCE-03-16 23:17:36,2994 BCE-03-16 23:17:36,-0.495108962
1_8,matched,2994 BCE-03-21 04:46:59,2994 BCE-03-21 04:46:59,-0.104897842
1_8,matched,2851 BCE-08-18 17:55:42,2851 BCE-08-18 17:55:42,-0.155440718
1_8,matched,2851 BCE-08-23 03:23:39,2851 BCE-08-23 03:23:39,0.295421854
1_8,matched,2851 BCE-11-13 07:30:09,2851 BCE-11-13 07:30:09,0.312500820
1_8,matched,2851 BCE-11-20 12:21:51,2851 BCE-11-20 12:21:51,-0.284116343
1_8,matched,2850 BCE-02-08 07:02:14,2850 BCE-02-08 07:02:14,-0.393419713
1_8,matched,2850 BCE-02-17 11:18:38,2850 BCE-02-17 11:18:38,0.188190490
1_8,matched,2850 BCE-05-06 10:58:49,2850 BCE-05-06 10:58:49,-0.432405621
1_8,matched,2850 BCE-05-17 05:51:59,2850 BCE-05-17 05:51:59,-0.209725276
1_8,matched,2850 BCE-08-01 17:33:57,2850 BCE-08-01 17:33:57,0.226713717
1_8,matched,2850 BCE-08-13 21:46:37,2850 BCE-08-13 21:46:37,-0.237174332
1_8,matched,2850 BCE-10-28 02:03:24,2850 BCE-10-28 02:03:24,0.334266946
1_8,matched,2850 BCE-11-10 11:51:24,2850 BCE-11-10 11:51:24,-0.273132697
1_8,matched,2849 BCE-01-23 11:53:51,2849 BCE-01-23 11:53:51,-0.169693306
1_8,matched,2849 BCE-02-07 00:30:45,2849 BCE-02-07 00:30:45,0.333492458
1_8,matched,2849 BCE-04-19 22:54:26,2849 BCE-04-19 22:54:26,0.012955070
1_8,matched,2849 BCE-05-05 11:57:50,2849 BCE-05-05 11:57:50,0.267580524
1_8,matched,2849 BCE-07-16 10:52:08,2849 BCE-07-16 10:52:08,0.379026309
1_8,matched,2849 BCE-08-01 22:28:46,2849 BCE-08-01 22:28:46,-0.453417376
1_8,matched,2849 BCE-10-11 23:34:57,2849 BCE-10-11 23:34:57,0.275466219
1_8,matched,2849 BCE-10-29 08:15:49,2849 BCE-10-29 08:15:49,-0.222951919
1_8,matched,2848 BCE-01-07 13:01:52,2848 BCE-01-07 13:01:52,-0.342504680
1_8,matched,2848 BCE-01-25 17:21:17,2848 BCE-01-25 17:21:17,-0.421180576
1_8,matched,2848 BCE-04-05 03:03:17,2848 BCE-04-05 03:03:17,-0.108840689
1_8,matched,2848 BCE-04-24 01:48:39,2848 BCE-04-24 01:48:39,0.180516019
1_8,matched,2848 BCE-07-01 17:37:21,2848 BCE-07-01 17:37:21,0.353619084
1_8,matched,2848 BCE-07-21 09:42:03,2848 BCE-07-21 09:42:03,-0.198952854
1_8,matched,2848 BCE-09-27 08:39:30,2848 BCE-09-27 08:39:30,-0.313506648
1_8,matched,2848 BCE-10-17 17:08:55,2848 BCE-10-17 17:08:55,-0.452180207
1_8,matched,2848 BCE-12-24 00:05:30,2848 BCE-12-24 00:05:30,-0.278554112
1_8,matched,2847 BCE-01-14 00:13:06,2847 BCE-01-14 00:13:06,0.432244688
1_8,matched,2847 BCE-03-21 15:56:06,2847 BCE-03-21 15:56:06,-0.324570760
1_8,matched,2847 BCE-04-12 06:52:50,2847 BCE-04-12 06:52:50,0.152362883
1_8,matched,2847 BCE-06-17 08:06:01,2847 BCE-06-17 08:06:01,-0.420204923
1_8,matched,2847 BCE-07-09 13:12:53,2847 BCE-07-09 13:12:53,0.051317364
1_8,matched,2847 BCE-09-13 00:30:57,2847 BCE-09-13 00:30:57,-0.109625235
1_8,matched,2847 BCE-10-05 19:16:32,2847 BCE-10-05 19:16:32,-0.254726037
1_8,matched,2847 BCE-12-09 17:12:12,2847 BCE-12-09 17:12:13,0.503970310
1_8,matched,2846 BCE-01-02 01:06:29,2846 BCE-01-02 01:06:29,0.302714109
1_8,matched,2846 BCE-03-07 10:04:47,2846 BCE-03-07 10:04:47,-0.229057297
1_8,matched,2846 BCE-03-31 06:45:25,2846 BCE-03-31 06:45:25,0.096147135
1_8,matched,2846 BCE-06-03 03:08:59,2846 BCE-06-03 03:08:59,-0.055290386
1_8,matched,2846 BCE-06-27 12:13:01,2846 BCE-06-27 12:13:01,0.112602487
1_8,matched,2846 BCE-08-29 20:18:48,2846 BCE-08-29 20:18:48,-0.436459109
1_8,matched,2846 BCE-09-23 17:34:40,2846 BCE-09-23 17:34:40,-0.160027295
1_8,matched,2846 BCE-11-25 13:32:43,2846 BCE-11-25 13:32:43,-0.105370581
1_8,matched,2846 BCE-12-20 22:52:24,2846 BCE-12-20 22:52:24,0.010259449
1_8,matched,2845 BCE-02-21 06:53:28,2845 BCE-02-21 06:53:28,-0.056175515
1_8,matched,2845 BCE-03-18 04:06:17,2845 BCE-03-18 04:06:17,0.406726822
1_8,matched,2845 BCE-05-19 00:14:26,2845 BCE-05-19 00:14:26,0.371935219
1_8,matched,2845 BCE-06-14 09:21:28,2845 BCE-06-14 09:21:28,-0.471612811
1_8,matched,2845 BCE-08-14 17:32:16,2845 BCE-08-14 17:32:16,0.096137077
1_8,matched,2845 BCE-09-10 14:36:56,2845 BCE-09-10 14:36:56,-0.357139483
1_8,matched,2845 BCE-11-10 10:45:43,2845 BCE-11-10 10:45:43,-0.021605194
1_8,matched,2845 BCE-12-07 19:58:29,2845 BCE-12-07 19:58:29,0.167480484
1_8,matched,2844 BCE-02-06 03:53:04,2844 BCE-02-06 03:53:04,-0.489597023
1_8,matched,2844 BCE-03-06 01:25:52,2844 BCE-03-06 01:25:52,-0.402472168
1_8,matched,2844 BCE-05-04 20:58:15,2844 BCE-05-04 20:58:15,0.329509377
1_8,matched,2844 BCE-06-02 07:01:47,2844 BCE-06-02 07:01:47,-0.040031970
1_8,matched,2844 BCE-07-31 13:50:15,2844 BCE-07-31 13:50:15,0.383150205
1_8,matched,2844 BCE-08-29 12:48:15,2844 BCE-08-29 12:48:15,0.086893514
1_8,matched,2844 BCE-10-27 06:29:20,2844 BCE-10-27 06:29:20,0.017260015
1_8,matched,2844 BCE-11-25 18:45:46,2844 BCE-11-25 18:45:46,0.208387524
1_8,matched,2843 BCE-01-22 22:56:41,2843 BCE-01-22 22:56:41,-0.162793323
1_8,matched,2843 BCE-02-22 00:55:51,2843 BCE-02-22 00:55:51,-0.215790421
1_8,matched,2843 BCE-04-20 15:11:16,2843 BCE-04-20 15:11:16,-0.132397190
1_8,matched,2843 BCE-05-21 07:21:06,2843 BCE-05-21 07:21:06,0.276522338
1_8,matched,2843 BCE-07-17 07:13:39,2843 BCE-07-17 07:13:39,-0.274490565
1_8,matched,2843 BCE-08-17 14:02:19,2843 BCE-08-17 14:02:19,0.274037942
1_8,matched,2843 BCE-10-12 22:56:29,2843 BCE-10-12 22:56:29,0.272438675
1_8,matched,2843 BCE-11-13 21:00:41,2843 BCE-11-13 21:00:41,-0.066414848
1_8,matched,2842 BCE-01-08 14:21:54,2842 BCE-01-08 14:21:54,-0.466211513
1_8,matched,2842 BCE-02-10 04:13:33,2842 BCE-02-10 04:13:33,0.089790300
1_8,matched,2842 BCE-04-06 05:34:06,2842 BCE-04-06 05:34:06,-0.432908535
1_8,matched,2842 BCE-05-09 11:41:58,2842 BCE-05-09 11:41:58,-0.036903843
1_8,matched,2842 BCE-07-02 20:29:52,2842 BCE-07-02 20:29:52,0.448820740
1_8,matched,2842 BCE-08-05 19:28:55,2842 BCE-08-05 19:28:55,0.047937781
1_8,matched,2842 BCE-09-28 11:10:14,2842 BCE-09-28 11:10:14,0.189005211
1_8,matched,2842 BCE-11-02 03:32:04,2842 BCE-11-02 03:32:04,0.385614485
1_8,matched,2842 BCE-12-25 01:33:21,2842 BCE-12-25 01:33:21,0.038905442
1_8,matched,2841 BCE-01-29 11:50:18,2841 BCE-01-29 11:50:18,0.412912667
1_8,matched,2841 BCE-03-21 15:42:22,2841 BCE-03-21 15:42:22,0.172258168
1_8,matched,2841 BCE-04-26 20:20:29,2841 BCE-04-26 20:20:29,-0.149073824
1_8,matched,2841 BCE-06-17 05:41:19,2841 BCE-06-17 05:41:19,0.221573934
1_8,matched,2841 BCE-07-24 05:04:09,2841 BCE-07-24 05:04:09,0.156919286
1_8,matched,2841 BCE-09-12 19:26:15,2841 BCE-09-12 19:26:15,-0.417006388
1_8,matched,2841 BCE-10-20 14:02:36,2841 BCE-10-20 14:02:36,0.206969306
1_8,matched,2841 BCE-12-09 08:59:48,2841 BCE-12-09 08:59:48,0.207492337
1_8,matched,2840 BCE-01-16 23:09:31,2840 BCE-01-16 23:09:30,-0.505549461
1_8,matched,2840 BCE-03-06 22:24:51,2840 BCE-03-06 22:24:51,0.246679410
1_8,matched,2840 BCE-04-15 08:23:48,2840 BCE-04-15 08:23:48,0.478361920
1_8,matched,2840 BCE-06-02 11:42:52,2840 BCE-06-02 11:42:52,0.409563258
1_8,matched,2840 BCE-07-12 17:45:04,2840 BCE-07-12 17:45:04,0.091309100
1_8,matched,2840 BCE-08-29 00:57:01,2840 BCE-08-29 00:57:01,0.390341878
1_8,matched,2840 BCE-10-09 03:12:51,2840 BCE-10-09 03:12:51,-0.356123596
1_8,matched,2840 BCE-11-24 14:04:40,2840 BCE-11-24 14:04:40,0.037487224
1_8,matched,2839 BCE-01-05 12:45:46,2839 BCE-01-05 12:45:46,0.432184339
1_8,matched,2839 BCE-02-20 03:09:34,2839 BCE-02-20 03:09:34,0.165478885
1_8,matched,2839 BCE-04-03 22:16:06,2839 BCE-04-03 22:16:06,-0.439205021
1_8,matched,2839 BCE-05-18 16:16:20,2839 BCE-05-18 16:16:20,0.271704420
1_8,matched,2839 BCE-07-01 07:46:52,2839 BCE-07-01 07:46:52,0.297604501
1_8,matched,2839 BCE-08-14 05:22:01,2839 BCE-08-14 05:22:01,0.364421681
1_8,matched,2839 BCE-09-27 17:17:25,2839 BCE-09-27 17:17:25,0.368002430
1_8,matched,2839 BCE-11-09 18:32:20,2839 BCE-11-09 18:32:20,0.465145335
1_8,matched,2839 BCE-12-25 02:46:26,2839 BCE-12-25 02:46:26,0.036491454
1_8,matched,2838 BCE-02-05 07:44:44,2838 BCE-02-05 07:44:44,-0.271996111
1_8,matched,2838 BCE-03-23 12:08:44,2838 BCE-03-23 12:08:44,0.317761302
1_8,matched,2838 BCE-05-03 21:03:36,2838 BCE-05-03 21:03:36,0.121795759
1_8,matched,2838 BCE-06-19 21:21:25,2838 BCE-06-19 21:21:25,0.082709268
1_8,matched,2838 BCE-07-30 10:30:41,2838 BCE-07-30 10:30:41,-0.129450113
1_8,matched,2838 BCE-09-16 06:27:07,2838 BCE-09-16 06:27:07,-0.027026609
1_8,matched,2838 BCE-10-26 00:03:54,2838 BCE-10-26 00:03:54,0.308688730
1_8,matched,2838 BCE-12-13 15:26:17,2838 BCE-12-13 15:26:17,0.295914710
1_8,matched,2837 BCE-01-21 13:49:33,2837 BCE-01-21 13:49:33,0.172268227
1_8,matched,2837 BCE-03-11 00:13:17,2837 BCE-03-11 00:13:17,0.453869998
1_8,matched,2837 BCE-04-18 03:46:11,2837 BCE-04-18 03:46:11,-0.208357349
1_8,matched,2837 BCE-06-07 08:47:05,2837 BCE-06-07 08:47:05,-0.394385308
1_8,matched,2837 BCE-07-14 17:52:58,2837 BCE-07-14 17:52:58,0.484356657
1_8,matched,2837 BCE-09-03 17:06:50,2837 BCE-09-03 17:06:50,-0.238260627
1_8,matched,2837 BCE-10-10 08:13:29,2837 BCE-10-10 08:13:29,-0.024411455
1_8,matched,2837 BCE-12-01 01:14:55,2837 BCE-12-01 01:14:55,0.137456506
1_8,matched,2836 BCE-01-05 22:45:56,2836 BCE-01-05 22:45:56,0.254997611
1_8,matched,2836 BCE-02-27 09:09:21,2836 BCE-02-27 09:09:21,-0.360046327
1_8,matched,2836 BCE-04-03 13:37:03,2836 BCE-04-03 13:37:03,-0.226472318
1_8,matched,2836 BCE-05-26 16:44:37,2836 BCE-05-26 16:44:37,-0.399142876
1_8,matched,2836 BCE-06-30 04:42:54,2836 BCE-06-30 04:42:54,-0.068084523
1_8,matched,2836 BCE-08-23 00:05:13,2836 BCE-08-23 00:05:13,0.100814179
1_8,matched,2836 BCE-09-25 20:01:10,2836 BCE-09-25 20:01:10,0.491387397
1_8,matched,2836 BCE-11-19 07:10:38,2836 BCE-11-19 07:10:38,0.123827532
1_8,matched,2836 BCE-12-22 11:36:05,2836 BCE-12-22 11:36:05,0.104837492
1_8,matched,2835 BCE-02-15 14:00:19,2835 BCE-02-15 14:00:19,-0.467810780
1_8,matched,2835 BCE-03-20 03:27:39,2835 BCE-03-20 03:27:39,0.329177454
1_8,matched,2835 BCE-05-14 20:33:30,2835 BCE-05-14 20:33:30,-0.099114329
1_8,matched,2835 BCE-06-15 19:36:20,2835 BCE-06-15 19:36:20,-0.460920855
1_8,matched,2835 BCE-08-11 02:48:36,2835 BCE-08-11 02:48:36,0.364612788
1_8,matched,2835 BCE-09-11 11:59:28,2835 BCE-09-11 11:59:28,0.342987478
1_8,matched,2835 BCE-11-07 08:51:56,2835 BCE-11-07 08:51:56,0.230827555
1_8,matched,2835 BCE-12-08 04:32:46,2835 BCE-12-08 04:32:46,0.282748416
1_8,matched,2834 BCE-02-03 14:41:49,2834 BCE-02-03 14:41:49,0.095996261
1_8,matched,2834 BCE-03-05 21:23:02,2834 BCE-03-05 21:23:02,0.491377339
1_8,matched,2834 BCE-05-02 20:17:18,2834 BCE-05-02 20:17:18,-0.213235617
1_8,matched,2834 BCE-06-01 14:26:45,2834 BCE-06-01 14:26:45,-0.172771141
1_8,matched,2834 BCE-07-30 01:42:29,2834 BCE-07-30 01:42:29,-0.421703607
1_8,matched,2834 BCE-08-28 07:39:19,2834 BCE-08-28 07:39:19,-0.019513071
1_8,matched,2834 BCE-10-26 06:56:49,2834 BCE-10-26 06:56:49,0.356636569
1_8,matched,2834 BCE-11-24 00:59:40,2834 BCE-11-24 00:59:40,-0.413184240
1_8,matched,2833 BCE-01-22 12:06:40,2833 BCE-01-22 12:06:40,0.096489117
1_8,matched,2833 BCE-02-19 18:23:58,2833 BCE-02-19 18:23:58,0.107965618
1_8,matched,2833 BCE-04-19 17:10:56,2833 BCE-04-19 17:10:56,-0.157633424
1_8,matched,2833 BCE-05-17 11:57:09,2833 BCE-05-17 11:57:09,-0.102383271
1_8,matched,2833 BCE-07-16 22:13:42,2833 BCE-07-16 22:13:42,0.325697288
1_8,matched,2833 BCE-08-13 05:29:50,2833 BCE-08-13 05:29:50,-0.013417751
1_8,matched,2833 BCE-10-13 03:19:45,2833 BCE-10-13 03:19:44,-0.520948693
1_8,matched,2833 BCE-11-08 22:55:23,2833 BCE-11-08 22:55:23,0.304192677
1_8,matched,2832 BCE-01-09 08:29:44,2832 BCE-01-09 08:29:44,0.469731912
1_8,matched,2832 BCE-02-04 16:16:27,2832 BCE-02-04 16:16:27,-0.346568227
1_8,matched,2832 BCE-04-07 13:47:41,2832 BCE-04-07 13:47:41,-0.035133585
1_8,matched,2832 BCE-05-03 09:28:25,2832 BCE-05-03 09:28:25,0.235796347
1_8,matched,2832 BCE-07-04 19:19:06,2832 BCE-07-04 19:19:06,0.211445242
1_8,matched,2832 BCE-07-30 02:29:59,2832 BCE-07-30 02:29:59,0.479639322
1_8,matched,2832 BCE-10-01 01:07:57,2832 BCE-10-01 01:07:57,-0.378573686
1_8,matched,2832 BCE-10-25 19:09:54,2832 BCE-10-25 19:09:54,-0.203428790
1_8,matched,2832 BCE-12-28 07:21:44,2832 BCE-12-28 07:21:44,0.306958705
1_8,matched,2831 BCE-01-21 11:22:14,2831 BCE-01-21 11:22:14,-0.010702014
1_8,matched,2831 BCE-03-26 13:58:51,2831 BCE-03-26 13:58:51,-0.303106382
1_8,matched,2831 BCE-04-19 03:12:09,2831 BCE-04-19 03:12:09,-0.028726459
1_8,matched,2831 BCE-06-22 21:06:55,2831 BCE-06-22 21:06:55,-0.415487587
1_8,matched,2831 BCE-07-15 18:28:55,2831 BCE-07-15 18:28:55,-0.472920388
1_8,matched,2831 BCE-09-19 04:55:15,2831 BCE-09-19 04:55:15,0.298187882
1_8,matched,2831 BCE-10-11 09:08:04,2831 BCE-10-11 09:08:04,-0.336308777
1_8,matched,2831 BCE-12-16 13:26:27,2831 BCE-12-16 13:26:27,-0.115107000
1_8,matched,2830 BCE-01-06 23:01:08,2830 BCE-01-06 23:01:08,0.103942305
1_8,matched,2830 BCE-03-14 22:48:14,2830 BCE-03-14 22:48:14,-0.224420428
1_8,matched,2830 BCE-04-04 12:03:05,2830 BCE-04-04 12:03:05,0.021112338
1_8,matched,2830 BCE-06-11 09:03:07,2830 BCE-06-11 09:03:07,-0.493680686
1_8,matched,2830 BCE-07-01 00:12:23,2830 BCE-07-01 00:12:23,-0.303649530
1_8,matched,2830 BCE-09-07 20:25:01,2830 BCE-09-07 20:25:01,-0.459633395
1_8,matched,2830 BCE-09-26 11:14:09,2830 BCE-09-26 11:14:09,0.409452617
1_8,matched,2830 BCE-12-05 09:08:21,2830 BCE-12-05 09:08:21,-0.229097530
1_8,matched,2830 BCE-12-22 20:56:50,2830 BCE-12-22 20:56:50,-0.149969012
1_8,matched,2829 BCE-03-02 23:17:38,2829 BCE-03-02 23:17:38,-0.000895187
1_8,matched,2829 BCE-03-19 05:12:54,2829 BCE-03-19 05:12:54,0.082055479
1_8,matched,2829 BCE-05-30 15:17:12,2829 BCE-05-30 15:17:12,0.019100681
1_8,matched,2829 BCE-06-14 11:36:59,2829 BCE-06-14 11:36:59,0.087245554
1_8,matched,2829 BCE-08-27 09:38:48,2829 BCE-08-27 09:38:48,-0.074743107
1_8,matched,2829 BCE-09-09 15:42:08,2829 BCE-09-09 15:42:08,-0.421432033
1_8,matched,2829 BCE-11-24 07:20:24,2829 BCE-11-24 07:20:24,-0.399515033
1_8,matched,2829 BCE-12-05 16:28:23,2829 BCE-12-05 16:28:23,-0.319511443
1_8,matched,2828 BCE-02-21 10:12:33,2828 BCE-02-21 10:12:33,-0.023526326
1_8,matched,2828 BCE-03-02 12:05:58,2828 BCE-03-02 12:05:58,-0.190795586
1_8,matched,2828 BCE-05-21 23:27:49,2828 BCE-05-21 23:27:49,0.020116568
1_8,matched,2828 BCE-05-27 21:19:14,2828 BCE-05-27 21:19:14,0.397060812
1_8,matched,2686 BCE-08-11 04:09:00,2686 BCE-08-11 04:08:59,-0.298047066
1_8,matched,2686 BCE-08-16 17:39:18,2686 BCE-08-16 17:39:18,-0.479116291
1_8,matched,2686 BCE-11-05 18:59:49,2686 BCE-11-05 18:59:49,-0.401003659
1_8,matched,2686 BCE-11-14 01:23:10,2686 BCE-11-14 01:23:10,0.360921398
1_8,matched,2685 BCE-01-31 17:51:00,2685 BCE-01-31 17:51:00,0.025739148
1_8,matched,2685 BCE-02-11 01:09:44,2685 BCE-02-11 01:09:44,0.288481638
1_8,matched,2685 BCE-04-27 20:30:32,2685 BCE-04-27 20:30:32,0.257039443
1_8,matched,2685 BCE-05-09 21:05:02,2685 BCE-05-09 21:05:02,-0.376763195
1_8,matched,2685 BCE-07-24 01:36:12,2685 BCE-07-24 01:36:12,0.081582740
1_8,matched,2685 BCE-08-06 14:30:51,2685 BCE-08-06 14:30:51,0.215025991
1_8,matched,2685 BCE-10-19 08:24:24,2685 BCE-10-19 08:24:24,0.392222777
1_8,matched,2685 BCE-11-03 06:14:54,2685 BCE-11-03 06:14:54,0.062461942
1_8,matched,2684 BCE-01-14 16:32:14,2684 BCE-01-14 16:32:14,0.308819488
1_8,matched,2684 BCE-01-30 20:39:19,2684 BCE-01-30 20:39:19,-0.009495020
1_8,matched,2684 BCE-04-12 01:48:52,2684 BCE-04-12 01:48:52,0.038513169
1_8,matched,2684 BCE-04-29 09:57:43,2684 BCE-04-29 09:57:43,0.274862722
1_8,matched,2684 BCE-07-08 11:57:01,2684 BCE-07-08 11:57:01,0.356586277
1_8,matched,2684 BCE-07-26 22:20:54,2684 BCE-07-26 22:20:54,0.084077194
1_8,matched,2684 BCE-10-03 22:50:12,2684 BCE-10-03 22:50:12,-0.297664851
1_8,matched,2684 BCE-10-23 09:56:34,2684 BCE-10-23 09:56:34,-0.473191962
1_8,matched,2684 BCE-12-30 10:26:09,2684 BCE-12-30 10:26:09,0.252895430
1_8,matched,2683 BCE-01-19 20:50:10,2683 BCE-01-19 20:50:10,0.067521259
1_8,matched,2683 BCE-03-27 22:39:11,2683 BCE-03-27 22:39:11,-0.280082971
1_8,matched,2683 BCE-04-18 07:07:19,2683 BCE-04-18 07:07:19,-0.319974124
1_8,matched,2683 BCE-06-23 11:27:39,2683 BCE-06-23 11:27:39,0.409965590
1_8,matched,2683 BCE-07-15 16:50:01,2683 BCE-07-15 16:50:01,-0.361162797
1_8,matched,2683 BCE-09-19 00:43:21,2683 BCE-09-19 00:43:21,-0.253237411
1_8,matched,2683 BCE-10-12 02:03:01,2683 BCE-10-12 02:03:01,0.354846194
1_8,matched,2683 BCE-12-15 14:26:35,2683 BCE-12-15 14:26:35,-0.330424681
1_8,matched,2682 BCE-01-08 10:46:51,2682 BCE-01-08 10:46:51,-0.247725472
1_8,matched,2682 BCE-03-13 04:39:10,2682 BCE-03-13 04:39:10,-0.379770622
1_8,matched,2682 BCE-04-06 19:02:47,2682 BCE-04-06 19:02:47,-0.438219309
1_8,matched,2682 BCE-06-08 19:15:42,2682 BCE-06-08 19:15:42,-0.093763322
1_8,matched,2682 BCE-07-04 02:56:53,2682 BCE-07-04 02:56:53,-0.195140764
1_8,matched,2682 BCE-09-04 10:13:07,2682 BCE-09-04 10:13:07,-0.295965001
1_8,matched,2682 BCE-09-30 10:27:44,2682 BCE-09-30 10:27:44,0.368907675
1_8,matched,2682 BCE-12-01 01:29:56,2682 BCE-12-01 01:29:56,0.344124064
1_8,matched,2682 BCE-12-27 17:39:12,2682 BCE-12-27 17:39:12,0.224430487
1_8,matched,2681 BCE-02-26 17:05:50,2681 BCE-02-26 17:05:50,-0.285323337
1_8,matched,2681 BCE-03-25 00:30:14,2681 BCE-03-25 00:30:13,-0.540522113
1_8,matched,2681 BCE-05-24 09:03:42,2681 BCE-05-24 09:03:42,0.397795066
1_8,matched,2681 BCE-06-21 07:04:49,2681 BCE-06-21 07:04:49,0.276814029
1_8,matched,2681 BCE-08-20 01:13:21,2681 BCE-08-20 01:13:21,0.424620509
1_8,matched,2681 BCE-09-17 13:26:27,2681 BCE-09-17 13:26:27,0.312732160
1_8,matched,2681 BCE-11-15 17:35:23,2681 BCE-11-15 17:35:23,0.321945548
1_8,matched,2681 BCE-12-14 19:33:29,2681 BCE-12-14 19:33:29,0.310650095
1_8,matched,2680 BCE-02-11 10:10:02,2680 BCE-02-11 10:10:02,0.468766317
1_8,matched,2680 BCE-03-13 01:28:00,2680 BCE-03-13 01:28:00,0.383633003
1_8,matched,2680 BCE-05-10 02:56:13,2680 BCE-05-10 02:56:13,-0.015821680
1_8,matched,2680 BCE-06-09 07:13:15,2680 BCE-06-09 07:13:15,0.071112067
1_8,matched,2680 BCE-08-05 19:53:26,2680 BCE-08-05 19:53:26,0.043803826
1_8,matched,2680 BCE-09-05 12:51:56,2680 BCE-09-05 12:51:56,0.231984258
1_8,matched,2680 BCE-11-01 12:53:07,2680 BCE-11-01 12:53:07,-0.233010203
1_8,matched,2680 BCE-12-02 18:26:17,2680 BCE-12-02 18:26:17,-0.308728963
1_8,matched,2679 BCE-01-28 05:56:26,2679 BCE-01-28 05:56:26,-0.180858001
1_8,matched,2679 BCE-02-28 23:53:35,2679 BCE-02-28 23:53:34,-0.503205881
1_8,matched,2679 BCE-04-25 23:04:48,2679 BCE-04-25 23:04:48,-0.127267465
1_8,matched,2679 BCE-05-28 05:19:00,2679 BCE-05-28 05:19:00,0.150924549
1_8,matched,2679 BCE-07-22 16:12:18,2679 BCE-07-22 16:12:18,0.111144036
1_8,matched,2679 BCE-08-24 10:46:40,2679 BCE-08-24 10:46:40,0.314562768
1_8,matched,2679 BCE-10-18 09:19:47,2679 BCE-10-18 09:19:47,0.193229690
1_8,matched,2679 BCE-11-20 16:18:34,2679 BCE-11-20 16:18:34,-0.064272434
1_8,matched,2678 BCE-01-14 02:20:26,2678 BCE-01-14 02:20:26,0.285142288
1_8,matched,2678 BCE-02-16 21:53:42,2678 BCE-02-16 21:53:42,0.305791944
1_8,matched,2678 BCE-04-11 19:15:59,2678 BCE-04-11 19:15:59,-0.413174182
1_8,matched,2678 BCE-05-16 03:32:40,2678 BCE-05-16 03:32:40,0.467820838
1_8,matched,2678 BCE-07-08 12:05:27,2678 BCE-07-08 12:05:27,-0.067299977
1_8,matched,2678 BCE-08-12 09:20:42,2678 BCE-08-12 09:20:42,0.143903866
1_8,matched,2678 BCE-10-04 04:43:21,2678 BCE-10-04 04:43:21,0.461192429
1_8,matched,2678 BCE-11-08 15:22:31,2678 BCE-11-08 15:22:31,0.143270195
1_8,matched,2678 BCE-12-30 21:10:38,2678 BCE-12-30 21:10:38,-0.343440101
1_8,matched,2677 BCE-02-04 21:35:10,2677 BCE-02-04 21:35:10,-0.306506082
1_8,matched,2677 BCE-03-27 13:24:34,2677 BCE-03-27 13:24:34,-0.166132674
1_8,matched,2677 BCE-05-03 04:00:10,2677 BCE-05-03 04:00:10,0.363023579
1_8,matched,2677 BCE-06-23 05:23:42,2677 BCE-06-23 05:23:42,0.236520544
1_8,matched,2677 BCE-07-30 10:39:53,2677 BCE-07-30 10:39:53,-0.215186924
1_8,matched,2677 BCE-09-18 21:08:14,2677 BCE-09-18 21:08:14,-0.169934705
1_8,matched,2677 BCE-10-26 17:37:29,2677 BCE-10-26 17:37:29,0.340784714
1_8,matched,2677 BCE-12-15 12:34:29,2677 BCE-12-15 12:34:29,-0.171684846
1_8,matched,2676 BCE-01-23 00:54:15,2676 BCE-01-23 00:54:15,-0.227377564
1_8,matched,2676 BCE-03-13 03:44:49,2676 BCE-03-13 03:44:49,0.168285146
1_8,matched,2676 BCE-04-21 08:24:45,2676 BCE-04-21 08:24:45,-0.390422344
1_8,matched,2676 BCE-06-08 18:38:45,2676 BCE-06-08 18:38:45,0.262913480
1_8,matched,2676 BCE-07-18 16:14:01,2676 BCE-07-18 16:14:01,-0.103016943
1_8,matched,2676 BCE-09-04 09:12:54,2676 BCE-09-04 09:12:54,0.172187760
1_8,matched,2676 BCE-10-15 00:22:28,2676 BCE-10-15 00:22:28,-0.056809187
1_8,matched,2676 BCE-11-30 23:31:19,2676 BCE-11-30 23:31:19,0.095895678
1_8,matched,2675 BCE-01-11 08:50:07,2675 BCE-01-11 08:50:07,-0.325375423
1_8,matched,2675 BCE-02-26 13:31:54,2675 BCE-02-26 13:31:54,0.075376779
1_8,matched,2675 BCE-04-09 17:34:17,2675 BCE-04-09 17:34:17,-0.072158128
1_8,matched,2675 BCE-05-25 03:17:17,2675 BCE-05-25 03:17:17,0.153419003
1_8,matched,2675 BCE-07-07 02:32:18,2675 BCE-07-07 02:32:18,-0.032930821
1_8,matched,2675 BCE-08-20 16:47:08,2675 BCE-08-20 16:47:08,-0.177780166
1_8,matched,2675 BCE-10-03 11:47:12,2675 BCE-10-03 11:47:12,-0.122610480
1_8,matched,2675 BCE-11-16 06:00:20,2675 BCE-11-16 06:00:20,-0.319581851
1_8,matched,2675 BCE-12-30 21:18:02,2675 BCE-12-30 21:18:02,0.300300121
1_8,matched,2674 BCE-02-11 19:04:12,2674 BCE-02-11 19:04:12,-0.150411576
1_8,matched,2674 BCE-03-29 07:00:36,2674 BCE-03-29 07:00:36,-0.364461914
1_8,matched,2674 BCE-05-10 07:56:51,2674 BCE-05-10 07:56:51,-0.240584090
1_8,matched,2674 BCE-06-25 16:53:33,2674 BCE-06-25 16:53:33,0.283201039
1_8,matched,2674 BCE-08-05 20:37:45,2674 BCE-08-05 20:37:45,0.130254775
1_8,matched,2674 BCE-09-22 02:54:10,2674 BCE-09-22 02:54:10,0.138834491
1_8,matched,2674 BCE-11-01 09:10:27,2674 BCE-11-01 09:10:27,0.240654498
1_8,matched,2674 BCE-12-19 13:04:28,2674 BCE-12-19 13:04:28,-0.062301010
1_8,matched,2673 BCE-01-27 21:35:01,2673 BCE-01-27 21:35:01,-0.102584437
1_8,matched,2673 BCE-03-16 23:20:40,2673 BCE-03-16 23:20:40,0.484869629
1_8,matched,2673 BCE-04-24 10:00:16,2673 BCE-04-24 10:00:16,-0.156547129
1_8,matched,2673 BCE-06-13 09:39:24,2673 BCE-06-13 09:39:24,0.451576710
1_8,matched,2673 BCE-07-20 22:20:17,2673 BCE-07-20 22:20:18,0.512167811
1_8,matched,2673 BCE-09-09 20:00:28,2673 BCE-09-09 20:00:28,-0.105903670
1_8,matched,2673 BCE-10-16 10:36:01,2673 BCE-10-16 10:36:01,0.392313302
1_8,matched,2673 BCE-12-07 06:21:25,2673 BCE-12-07 06:21:25,-0.315468013
1_8,matched,2672 BCE-01-11 22:53:32,2672 BCE-01-11 22:53:32,0.438913330
1_8,matched,2672 BCE-03-05 16:40:03,2672 BCE-03-05 16:40:03,-0.415547937
1_8,matched,2672 BCE-04-09 11:14:50,2672 BCE-04-09 11:14:50,0.206526741
1_8,matched,2672 BCE-06-02 02:54:53,2672 BCE-06-02 02:54:53,-0.216977298
1_8,matched,2672 BCE-07-05 23:42:59,2672 BCE-07-05 23:42:59,-0.199335068
1_8,matched,2672 BCE-08-29 13:02:31,2672 BCE-08-29 13:02:31,0.292333961
1_8,matched,2672 BCE-10-01 12:14:49,2672 BCE-10-01 12:14:49,-0.041430071
1_8,matched,2672 BCE-11-25 23:05:28,2672 BCE-11-25 23:05:28,0.311696157
1_8,matched,2672 BCE-12-28 00:50:40,2672 BCE-12-28 00:50:40,-0.067953765
1_8,matched,2671 BCE-02-22 08:57:55,2671 BCE-02-22 08:57:55,0.379157066
1_8,matched,2671 BCE-03-25 13:40:08,2671 BCE-03-25 13:40:08,-0.129671395
1_8,matched,2671 BCE-05-21 18:37:56,2671 BCE-05-21 18:37:56,-0.094306469
1_8,matched,2671 BCE-06-21 02:41:13,2671 BCE-06-21 02:41:13,-0.218315050
1_8,matched,2671 BCE-08-18 04:07:08,2671 BCE-08-18 04:07:08,-0.117752329
1_8,matched,2671 BCE-09-16 15:54:42,2671 BCE-09-16 15:54:42,0.027962029
1_8,matched,2671 BCE-11-14 13:20:41,2671 BCE-11-14 13:20:41,-0.398277864
1_8,matched,2671 BCE-12-13 05:21:10,2671 BCE-12-13 05:21:10,0.387495384
1_8,matched,2670 BCE-02-10 22:20:06,2670 BCE-02-10 22:20:06,-0.189296901
1_8,matched,2670 BCE-03-10 19:02:18,2670 BCE-03-10 19:02:18,0.413496047
1_8,matched,2670 BCE-05-10 06:59:43,2670 BCE-05-10 06:59:43,-0.222982094
1_8,matched,2670 BCE-06-06 09:05:16,2670 BCE-06-06 09:05:16,-0.262370333
1_8,matched,2670 BCE-08-06 15:21:50,2670 BCE-08-06 15:21:50,-0.293892995
1_8,matched,2670 BCE-09-01 23:25:31,2670 BCE-09-01 23:25:31,-0.241187587
1_8,matched,2670 BCE-11-02 23:27:03,2670 BCE-11-02 23:27:03,-0.348328426
1_8,matched,2670 BCE-11-28 14:01:48,2670 BCE-11-28 14:01:48,0.352955237
1_8,matched,2669 BCE-01-30 07:09:13,2669 BCE-01-30 07:09:13,0.098239258
1_8,matched,2669 BCE-02-24 05:00:36,2669 BCE-02-24 05:00:36,0.315357372
1_8,matched,2669 BCE-04-27 14:29:25,2669 BCE-04-27 14:29:25,0.024220347
1_8,matched,2669 BCE-05-21 20:20:15,2669 BCE-05-21 20:20:15,-0.326230377
1_8,matched,2669 BCE-07-24 21:28:31,2669 BCE-07-24 21:28:31,-0.359010324
1_8,matched,2669 BCE-08-17 12:04:23,2669 BCE-08-17 12:04:23,0.176834688
1_8,matched,2669 BCE-10-21 04:07:51,2669 BCE-10-21 04:07:51,0.005300716
1_8,matched,2669 BCE-11-13 04:06:48,2669 BCE-11-13 04:06:48,0.294124335
1_8,matched,2668 BCE-01-17 10:27:36,2668 BCE-01-17 10:27:36,-0.394727290
1_8,matched,2668 BCE-02-08 20:27:24,2668 BCE-02-08 20:27:24,0.277045369
1_8,matched,2668 BCE-04-15 16:20:46,2668 BCE-04-15 16:20:46,0.363093987
1_8,matched,2668 BCE-05-07 13:13:52,2668 BCE-05-07 13:13:53,0.547059998
1_8,matched,2668 BCE-07-12 21:54:55,2668 BCE-07-12 21:54:55,0.308849663
1_8,matched,2668 BCE-08-03 06:17:20,2668 BCE-08-03 06:17:20,-0.226512551
1_8,matched,2668 BCE-10-09 03:14:20,2668 BCE-10-09 03:14:20,0.015670806
1_8,matched,2668 BCE-10-29 23:38:51,2668 BCE-10-29 23:38:51,-0.326602533
1_8,matched,2667 BCE-01-05 08:18:52,2667 BCE-01-05 08:18:52,0.165901333
1_8,matched,2667 BCE-01-25 17:12:56,2667 BCE-01-25 17:12:56,-0.122550130
1_8,matched,2667 BCE-04-03 13:09:29,2667 BCE-04-03 13:09:29,-0.300732628
1_8,matched,2667 BCE-04-23 10:58:40,2667 BCE-04-23 10:58:40,-0.057664141
1_8,matched,2667 BCE-06-30 17:45:46,2667 BCE-06-30 17:45:46,-0.201457366
1_8,matched,2667 BCE-07-20 04:57:20,2667 BCE-07-20 04:57:20,-0.395029038
1_8,matched,2667 BCE-09-26 22:18:30,2667 BCE-09-26 22:18:30,-0.283754244
1_8,matched,2667 BCE-10-15 22:57:10,2667 BCE-10-15 22:57:10,-0.131300837
1_8,matched,2667 BCE-12-24 02:53:54,2667 BCE-12-24 02:53:54,0.052624941
1_8,matched,2666 BCE-01-11 16:57:51,2666 BCE-01-11 16:57:51,-0.455016643
1_8,matched,2666 BCE-03-22 07:27:23,2666 BCE-03-22 07:27:22,-0.505740568
1_8,matched,2666 BCE-04-09 10:57:08,2666 BCE-04-09 10:57:08,0.227920711
1_8,matched,2666 BCE-06-18 12:09:41,2666 BCE-06-18 12:09:41,0.129389763
1_8,matched,2666 BCE-07-06 04:43:33,2666 BCE-07-06 04:43:33,-0.056205690
1_8,matched,2666 BCE-09-14 17:06:48,2666 BCE-09-14 17:06:48,0.083141774
1_8,matched,2666 BCE-10-01 22:14:58,2666 BCE-10-01 22:14:58,-0.091449916
1_8,matched,2666 BCE-12-11 22:29:36,2666 BCE-12-11 22:29:36,-0.198067725
1_8,matched,2666 BCE-12-28 15:19:56,2666 BCE-12-28 15:19:56,-0.001548976
1_8,matched,2665 BCE-03-09 04:21:51,2665 BCE-03-09 04:21:50,-0.525303930
1_8,matched,2665 BCE-03-25 07:57:54,2665 BCE-03-25 07:57:54,0.298228115
1_8,matched,2665 BCE-06-05 10:42:43,2665 BCE-06-05 10:42:43,0.162390992
1_8,matched,2665 BCE-06-21 00:02:32,2665 BCE-06-21 00:02:32,-0.310740620
1_8,matched,2665 BCE-09-01 17:53:59,2665 BCE-09-01 17:53:59,0.245402008
1_8,matched,2665 BCE-09-16 15:14:20,2665 BCE-09-16 15:14:20,-0.376109406
1_8,matched,2665 BCE-11-29 02:05:36,2665 BCE-11-29 02:05:36,0.273283571
1_8,matched,2665 BCE-12-13 05:27:44,2665 BCE-12-13 05:27:44,0.078253448
1_8,matched,2664 BCE-02-25 11:27:44,2664 BCE-02-25 11:27:44,0.394656882
1_8,matched,2664 BCE-03-10 18:32:18,2664 BCE-03-10 18:32:18,0.044226274
1_8,matched,2664 BCE-05-24 22:14:46,2664 BCE-05-24 22:14:46,0.354333222
1_8,matched,2664 BCE-06-06 06:10:23,2664 BCE-06-06 06:10:23,0.031180680
1_8,matched,2664 BCE-08-21 10:48:11,2664 BCE-08-21 10:48:11,0.193974003
1_8,matched,2664 BCE-09-01 16:00:21,2664 BCE-09-01 16:00:21,0.068496913
1_8,matched,2664 BCE-11-18 02:01:16,2664 BCE-11-18 02:01:16,0.202433020
1_8,matched,2664 BCE-11-27 23:09:07,2664 BCE-11-27 23:09:07,0.442634895
1_8,matched,2663 BCE-02-14 20:59:58,2663 BCE-02-14 20:59:58,0.079420209
1_8,matched,2663 BCE-02-23 02:37:59,2663 BCE-02-23 02:37:59,-0.406173617
1_8,matched,2663 BCE-05-14 22:26:18,2663 BCE-05-14 22:26:18,-0.064674765
1_8,matched,2663 BCE-05-20 23:39:36,2663 BCE-05-20 23:39:36,0.311836973
1_8,matched,2663 BCE-08-12 22:41:25,2663 BCE-08-12 22:41:25,-0.145241618
1_8,matched,2663 BCE-08-14 21:50:23,2663 BCE-08-14 21:50:24,0.953947753
1_8,matched,2521 BCE-10-31 08:51:21,2521 BCE-10-31 08:51:10,-11.362390593
1_8,matched,2521 BCE-11-03 11:29:34,2521 BCE-11-03 11:29:28,-5.815076083
1_8,matched,2520 BCE-01-25 14:19:55,2520 BCE-01-25 14:20:02,7.190254703
1_8,matched,2520 BCE-02-01 04:35:32,2520 BCE-02-01 04:35:19,-12.993854284
1_8,matched,2520 BCE-04-22 10:40:01,2520 BCE-04-22 10:39:59,-1.642386988
1_8,matched,2520 BCE-05-01 06:51:26,2520 BCE-05-01 06:51:34,7.673655823
1_8,matched,2520 BCE-07-18 12:11:22,2520 BCE-07-18 12:11:25,2.808906510
1_8,matched,2520 BCE-07-29 03:59:04,2520 BCE-07-29 03:58:58,-5.625075102
1_8,matched,2520 BCE-10-13 16:29:06,2520 BCE-10-13 16:29:02,-3.591823205
1_8,matched,2520 BCE-10-25 22:16:10,2520 BCE-10-25 22:16:13,3.092489764
1_8,matched,2519 BCE-01-08 22:43:36,2519 BCE-01-08 22:43:39,2.968742698
1_8,matched,2519 BCE-01-22 14:33:34,2519 BCE-01-22 14:33:35,1.456258446
1_8,matched,2519 BCE-04-06 06:26:41,2519 BCE-04-06 06:26:41,-0.155028328
1_8,matched,2519 BCE-04-21 05:23:19,2519 BCE-04-21 05:23:17,-2.040202171
1_8,matched,2519 BCE-07-02 15:16:00,2519 BCE-07-02 15:15:59,-1.256893203
1_8,matched,2519 BCE-07-18 19:08:19,2519 BCE-07-18 19:08:19,-0.342253223
1_8,matched,2519 BCE-09-28 00:59:28,2519 BCE-09-28 00:59:28,-0.371422246
1_8,matched,2519 BCE-10-15 07:58:36,2519 BCE-10-15 07:58:36,0.425053015
1_8,matched,2519 BCE-12-24 11:28:45,2519 BCE-12-24 11:28:46,0.757499412
1_8,matched,2518 BCE-01-11 20:00:16,2518 BCE-01-11 20:00:17,0.701394305
1_8,matched,2518 BCE-03-21 22:41:04,2518 BCE-03-21 22:41:05,0.704582781
1_8,matched,2518 BCE-04-10 07:16:32,2518 BCE-04-10 07:16:32,-0.082598627
1_8,matched,2518 BCE-06-17 10:34:40,2518 BCE-06-17 10:34:39,-1.098012552
1_8,matched,2518 BCE-07-07 17:54:40,2518 BCE-07-07 17:54:39,-1.340759173
1_8,matched,2518 BCE-09-12 22:58:18,2518 BCE-09-12 22:58:17,-1.080390438
1_8,matched,2518 BCE-10-04 04:02:24,2518 BCE-10-04 04:02:23,-0.628542155
1_8,matched,2518 BCE-12-09 11:52:45,2518 BCE-12-09 11:52:46,0.595118478
1_8,matched,2518 BCE-12-31 13:37:05,2518 BCE-12-31 13:37:05,0.409643725
1_8,matched,2517 BCE-03-06 01:16:39,2517 BCE-03-06 01:16:41,1.658600941
1_8,matched,2517 BCE-03-28 22:40:42,2517 BCE-03-28 22:40:44,1.602043211
1_8,matched,2517 BCE-06-01 15:09:13,2517 BCE-06-01 15:09:13,0.438742340
1_8,matched,2517 BCE-06-25 07:16:36,2517 BCE-06-25 07:16:36,0.480061769
1_8,matched,2517 BCE-08-28 05:29:07,2517 BCE-08-28 05:29:06,-1.286464557
1_8,matched,2517 BCE-09-21 15:27:45,2517 BCE-09-21 15:27:44,-1.332772896
1_8,matched,2517 BCE-11-23 20:09:42,2517 BCE-11-23 20:09:40,-2.016555145
1_8,matched,2517 BCE-12-18 23:17:17,2517 BCE-12-18 23:17:15,-2.009514347
1_8,matched,2516 BCE-02-19 11:13:11,2516 BCE-02-19 11:13:12,0.817275792
1_8,matched,2516 BCE-03-17 06:39:53,2516 BCE-03-17 06:39:52,-0.695429742
1_8,matched,2516 BCE-05-18 02:40:15,2516 BCE-05-18 02:40:17,1.656227186
1_8,matched,2516 BCE-06-13 13:41:21,2516 BCE-06-13 13:41:22,0.546416268
1_8,matched,2516 BCE-08-13 18:25:41,2516 BCE-08-13 18:25:43,1.690837741
1_8,matched,2516 BCE-09-09 20:24:10,2516 BCE-09-09 20:24:12,2.005360276
1_8,matched,2516 BCE-11-09 10:32:20,2516 BCE-11-09 10:32:19,-0.590250269
1_8,matched,2516 BCE-12-07 02:50:40,2516 BCE-12-07 02:50:42,2.227406949
1_8,matched,2515 BCE-02-05 02:53:15,2515 BCE-02-05 02:53:13,-2.278462797
1_8,matched,2515 BCE-03-05 08:59:02,2515 BCE-03-05 08:59:03,0.656755641
1_8,matched,2515 BCE-05-03 19:31:12,2515 BCE-05-03 19:31:11,-1.295175031
1_8,matched,2515 BCE-06-01 14:49:04,2515 BCE-06-01 14:49:04,-0.330092758
1_8,matched,2515 BCE-07-30 12:23:49,2515 BCE-07-30 12:23:49,0.199083611
1_8,matched,2515 BCE-08-28 20:25:42,2515 BCE-08-28 20:25:40,-2.200722322
1_8,matched,2515 BCE-10-26 05:27:34,2515 BCE-10-26 05:27:36,1.817129552
1_8,matched,2515 BCE-11-25 01:52:50,2515 BCE-11-25 01:52:48,-1.927016303
1_8,matched,2514 BCE-01-21 22:45:21,2514 BCE-01-21 22:45:23,2.183462307
1_8,matched,2514 BCE-02-21 07:08:30,2514 BCE-02-21 07:08:28,-1.638906822
1_8,matched,2514 BCE-04-19 16:11:44,2514 BCE-04-19 16:11:45,1.074747741
1_8,matched,2514 BCE-05-20 12:13:29,2514 BCE-05-20 12:13:29,0.040293485
1_8,matched,2514 BCE-07-16 09:45:05,2514 BCE-07-16 09:45:04,-0.531499833
1_8,matched,2514 BCE-08-16 17:09:50,2514 BCE-08-16 17:09:51,0.807428733
1_8,matched,2514 BCE-10-12 03:24:38,2514 BCE-10-12 03:24:36,-1.973646507
1_8,matched,2514 BCE-11-12 22:02:35,2514 BCE-11-12 22:02:37,1.510734111
1_8,matched,2513 BCE-01-07 21:06:56,2513 BCE-01-07 21:06:54,-1.901820302
1_8,matched,2513 BCE-02-09 02:53:32,2513 BCE-02-09 02:53:34,2.375203371
1_8,matched,2513 BCE-04-04 14:54:03,2513 BCE-04-04 14:54:03,-0.382596999
1_8,matched,2513 BCE-05-07 07:40:42,2513 BCE-05-07 07:40:43,0.608787686
1_8,matched,2513 BCE-07-01 08:40:16,2513 BCE-07-01 08:40:17,0.518313423
1_8,matched,2513 BCE-08-03 12:28:29,2513 BCE-08-03 12:28:29,0.352894887
1_8,matched,2513 BCE-09-27 02:22:22,2513 BCE-09-27 02:22:24,1.692396775
1_8,matched,2513 BCE-10-30 17:19:33,2513 BCE-10-30 17:19:32,-1.023289561
1_8,matched,2513 BCE-12-23 20:01:53,2513 BCE-12-23 20:01:54,1.420742646
1_8,matched,2512 BCE-01-26 22:15:41,2512 BCE-01-26 22:15:39,-1.726675406
1_8,matched,2512 BCE-03-21 13:35:19,2512 BCE-03-21 13:35:20,0.607278943
1_8,matched,2512 BCE-04-25 03:19:02,2512 BCE-04-25 03:19:00,-1.961928606
1_8,matched,2512 BCE-06-17 07:01:49,2512 BCE-06-17 07:01:48,-0.645248964
1_8,matched,2512 BCE-07-22 08:29:25,2512 BCE-07-22 08:29:24,-1.314185187
1_8,matched,2512 BCE-09-13 00:16:34,2512 BCE-09-13 00:16:32,-2.089819685
1_8,matched,2512 BCE-10-18 13:52:28,2512 BCE-10-18 13:52:28,-0.029973686
1_8,matched,2512 BCE-12-09 17:17:13,2512 BCE-12-09 17:17:11,-1.631383225
1_8,matched,2511 BCE-01-14 19:29:09,2511 BCE-01-14 19:29:10,1.325893030
1_8,matched,2511 BCE-03-07 10:07:34,2511 BCE-03-07 10:07:34,0.208568573
1_8,matched,2511 BCE-04-13 01:19:22,2511 BCE-04-13 01:19:24,2.284658700
1_8,matched,2511 BCE-06-03 02:42:34,2511 BCE-06-03 02:42:36,1.551691443
1_8,matched,2511 BCE-07-10 07:26:57,2511 BCE-07-10 07:26:58,1.119557396
1_8,matched,2511 BCE-08-29 18:59:09,2511 BCE-08-29 18:59:11,1.591562480
1_8,matched,2511 BCE-10-06 13:50:31,2511 BCE-10-06 13:50:31,-0.146156922
1_8,matched,2511 BCE-11-25 10:57:22,2511 BCE-11-25 10:57:22,-0.113588199
1_8,matched,2510 BCE-01-02 20:34:23,2510 BCE-01-02 20:34:22,-1.272201911
1_8,matched,2510 BCE-02-21 02:36:04,2510 BCE-02-21 02:36:02,-1.866475493
1_8,matched,2510 BCE-04-01 03:37:11,2510 BCE-04-01 03:37:10,-1.498392597
1_8,matched,2510 BCE-05-19 18:00:38,2510 BCE-05-19 18:00:36,-1.784772053
1_8,matched,2510 BCE-06-28 11:00:45,2510 BCE-06-28 11:00:44,-0.615717843
1_8,matched,2510 BCE-08-15 09:02:13,2510 BCE-08-15 09:02:13,-0.003631040
1_8,matched,2510 BCE-09-24 18:45:25,2510 BCE-09-24 18:45:26,1.027172059
1_8,matched,2510 BCE-11-10 23:41:27,2510 BCE-11-10 23:41:28,1.252507791
1_8,matched,2510 BCE-12-22 02:49:50,2510 BCE-12-22 02:49:52,1.608731970
1_8,matched,2509 BCE-02-06 14:01:59,2509 BCE-02-06 14:01:59,0.669489428
1_8,matched,2509 BCE-03-19 11:13:40,2509 BCE-03-19 11:13:41,0.678169727
1_8,matched,2509 BCE-05-04 04:04:23,2509 BCE-05-04 04:04:22,-1.083478332
1_8,matched,2509 BCE-06-15 19:57:58,2509 BCE-06-15 19:57:57,-0.830411911
1_8,matched,2509 BCE-07-30 17:50:54,2509 BCE-07-30 17:50:53,-1.304499060
1_8,matched,2509 BCE-09-12 05:01:19,2509 BCE-09-12 05:01:17,-1.587348059
1_8,matched,2509 BCE-10-26 07:16:19,2509 BCE-10-26 07:16:19,0.206898898
1_8,matched,2509 BCE-12-09 14:23:25,2509 BCE-12-09 14:23:25,0.353588909
1_8,matched,2508 BCE-01-21 20:23:05,2508 BCE-01-21 20:23:06,0.963412598
1_8,matched,2508 BCE-03-07 23:59:31,2508 BCE-03-07 23:59:32,0.995277241
1_8,matched,2508 BCE-04-19 09:18:17,2508 BCE-04-19 09:18:16,-0.526249409
1_8,matched,2508 BCE-06-04 09:49:55,2508 BCE-06-04 09:49:56,0.917506590
1_8,matched,2508 BCE-07-15 21:58:47,2508 BCE-07-15 21:58:45,-1.530327648
1_8,matched,2508 BCE-08-31 19:56:05,2508 BCE-08-31 19:56:04,-0.722597167
1_8,matched,2508 BCE-10-11 10:27:31,2508 BCE-10-11 10:27:31,-0.322367996
1_8,matched,2508 BCE-11-28 06:13:59,2508 BCE-11-28 06:13:59,-0.463113561
1_8,matched,2507 BCE-01-06 22:43:10,2507 BCE-01-06 22:43:11,1.407676935
1_8,matched,2507 BCE-02-24 16:41:55,2507 BCE-02-24 16:41:55,0.433441624
1_8,matched,2507 BCE-04-04 10:49:40,2507 BCE-04-04 10:49:40,0.038472936
1_8,matched,2507 BCE-05-24 03:15:43,2507 BCE-05-24 03:15:44,0.849432126
1_8,matched,2507 BCE-06-30 22:51:40,2507 BCE-06-30 22:51:38,-1.678928733
1_8,matched,2507 BCE-08-20 13:56:45,2507 BCE-08-20 13:56:45,-0.279710814
1_8,matched,2507 BCE-09-26 10:46:27,2507 BCE-09-26 10:46:28,0.502592325
1_8,matched,2507 BCE-11-17 00:45:32,2507 BCE-11-17 00:45:31,-1.190890744
1_8,matched,2507 BCE-12-22 22:36:22,2507 BCE-12-22 22:36:23,1.159156859
1_8,matched,2506 BCE-02-13 11:34:22,2506 BCE-02-13 11:34:21,-0.519530475
1_8,matched,2506 BCE-03-20 10:25:34,2506 BCE-03-20 10:25:34,0.045946240
1_8,matched,2506 BCE-05-12 22:23:24,2506 BCE-05-12 22:23:25,1.296613365
1_8,matched,2506 BCE-06-15 22:13:29,2506 BCE-06-15 22:13:28,-0.633923337
1_8,matched,2506 BCE-08-09 09:12:11,2506 BCE-08-09 09:12:11,0.373202562
1_8,matched,2506 BCE-09-11 10:04:32,2506 BCE-09-11 10:04:33,0.527818501
1_8,matched,2506 BCE-11-05 20:00:42,2506 BCE-11-05 20:00:42,-0.419390202
1_8,matched,2506 BCE-12-07 21:56:13,2506 BCE-12-07 21:56:14,0.531338900
1_8,matched,2505 BCE-02-02 06:46:16,2505 BCE-02-02 06:46:16,-0.236782059
1_8,matched,2505 BCE-03-04 09:52:26,2505 BCE-03-04 09:52:25,-0.544726476
1_8,matched,2505 BCE-04-30 17:20:29,2505 BCE-04-30 17:20:30,1.029636338
1_8,matched,2505 BCE-05-30 21:58:22,2505 BCE-05-30 21:58:21,-0.865223631
1_8,matched,2505 BCE-07-28 03:48:13,2505 BCE-07-28 03:48:13,0.362922996
1_8,matched,2505 BCE-08-26 10:09:55,2505 BCE-08-26 10:09:55,0.459019840
1_8,matched,2505 BCE-10-24 14:08:49,2505 BCE-10-24 14:08:49,-0.117108598
1_8,matched,2505 BCE-11-21 22:32:26,2505 BCE-11-21 22:32:27,1.214034855
1_8,matched,2504 BCE-01-21 00:20:01,2504 BCE-01-21 00:19:59,-1.286987588
1_8,matched,2504 BCE-02-17 11:05:14,2504 BCE-02-17 11:05:14,-0.057553500
1_8,matched,2504 BCE-04-19 10:16:43,2504 BCE-04-19 10:16:43,-0.060289353
1_8,matched,2504 BCE-05-15 23:50:54,2504 BCE-05-15 23:50:53,-1.286635548
1_8,matched,2504 BCE-07-16 19:56:07,2504 BCE-07-16 19:56:08,0.995176658
1_8,matched,2504 BCE-08-11 12:52:46,2504 BCE-08-11 12:52:46,0.161183998
1_8,matched,2504 BCE-10-13 05:22:46,2504 BCE-10-13 05:22:47,0.533149391
1_8,matched,2504 BCE-11-07 02:05:58,2504 BCE-11-07 02:05:59,0.588198379
1_8,matched,2503 BCE-01-09 14:36:01,2503 BCE-01-09 14:36:00,-0.551344827
1_8,matched,2503 BCE-02-02 15:38:30,2503 BCE-02-02 15:38:30,0.047907606
1_8,matched,2503 BCE-04-07 23:28:07,2503 BCE-04-07 23:28:07,-0.474851578
1_8,matched,2503 BCE-05-01 05:30:26,2503 BCE-05-01 05:30:25,-1.029274240
1_8,matched,2503 BCE-07-05 08:01:02,2503 BCE-07-05 08:01:02,-0.421482325
1_8,matched,2503 BCE-07-27 19:38:09,2503 BCE-07-27 19:38:08,-0.784455612
1_8,matched,2503 BCE-10-01 16:13:34,2503 BCE-10-01 16:13:35,0.578099862
1_8,matched,2503 BCE-10-23 10:05:34,2503 BCE-10-23 10:05:34,0.146921352
1_8,matched,2503 BCE-12-29 00:09:50,2503 BCE-12-29 00:09:51,1.023681834
1_8,matched,2502 BCE-01-19 00:49:09,2502 BCE-01-19 00:49:10,1.014227048
1_8,matched,2502 BCE-03-27 07:46:28,2502 BCE-03-27 07:46:29,0.974808633
1_8,matched,2502 BCE-04-16 15:57:08,2502 BCE-04-16 15:57:08,0.066394731
1_8,matched,2502 BCE-06-23 14:58:34,2502 BCE-06-23 14:58:33,-0.613303855
1_8,matched,2502 BCE-07-13 07:24:30,2502 BCE-07-13 07:24:30,-0.444535911
1_8,matched,2502 BCE-09-19 21:56:10,2502 BCE-09-19 21:56:09,-0.895690173
1_8,matched,2502 BCE-10-08 23:03:19,2502 BCE-10-08 23:03:18,-0.643086433
1_8,matched,2502 BCE-12-17 04:38:32,2502 BCE-12-17 04:38:32,-0.325154141
1_8,matched,2501 BCE-01-04 14:58:38,2501 BCE-01-04 14:58:38,-0.461785868
1_8,matched,2501 BCE-03-14 11:05:35,2501 BCE-03-14 11:05:35,0.307119638
1_8,matched,2501 BCE-04-01 07:09:57,2501 BCE-04-01 07:09:57,0.026020780
1_8,matched,2501 BCE-06-10 17:18:59,2501 BCE-06-10 17:18:59,0.200049207
1_8,matched,2501 BCE-06-27 23:34:41,2501 BCE-06-27 23:34:41,0.351516902
1_8,matched,2501 BCE-09-06 23:20:30,2501 BCE-09-06 23:20:31,0.572799146
1_8,matched,2501 BCE-09-23 16:07:00,2501 BCE-09-23 16:07:00,0.293792412
1_8,matched,2501 BCE-12-04 05:24:41,2501 BCE-12-04 05:24:42,0.553457066
1_8,matched,2501 BCE-12-20 08:34:23,2501 BCE-12-20 08:34:22,-0.543378666
1_8,matched,2500 BCE-03-02 11:29:33,2500 BCE-03-02 11:29:33,-0.073717162
1_8,matched,2500 BCE-03-18 01:04:13,2500 BCE-03-18 01:04:12,-0.613303855
1_8,matched,2500 BCE-05-29 17:38:30,2500 BCE-05-29 17:38:29,-0.540783629
1_8,matched,2500 BCE-06-13 17:28:27,2500 BCE-06-13 17:28:26,-0.870111957
1_8,matched,2500 BCE-08-26 00:04:03,2500 BCE-08-26 00:04:02,-0.625534728
1_8,matched,2500 BCE-09-09 09:34:10,2500 BCE-09-09 09:34:10,-0.232929736
1_8,matched,2500 BCE-11-22 06:51:07,2500 BCE-11-22 06:51:06,-0.711673871
1_8,matched,2500 BCE-12-06 01:15:27,2500 BCE-12-06 01:15:27,0.173857436
1_8,matched,2499 BCE-02-18 14:14:59,2499 BCE-02-18 14:14:59,0.452039391
1_8,matched,2499 BCE-03-03 16:19:17,2499 BCE-03-03 16:19:18,0.707097352
1_8,matched,2499 BCE-05-17 22:20:17,2499 BCE-05-17 22:20:18,1.223379001
1_8,matched,2499 BCE-05-30 06:44:16,2499 BCE-05-30 06:44:15,-0.797591731
1_8,matched,2499 BCE-08-14 07:24:47,2499 BCE-08-14 07:24:48,0.851313025
1_8,matched,2499 BCE-08-25 20:09:10,2499 BCE-08-25 20:09:09,-1.048757136
1_8,matched,2499 BCE-11-10 17:57:00,2499 BCE-11-10 17:56:59,-0.879063830
1_8,matched,2499 BCE-11-21 08:02:27,2499 BCE-11-21 08:02:28,0.559089705
1_8,matched,2498 BCE-02-07 06:17:14,2498 BCE-02-07 06:17:14,-0.317922235
1_8,matched,2498 BCE-02-16 18:08:10,2498 BCE-02-16 18:08:10,0.260036811
1_8,matched,2498 BCE-05-06 21:16:34,2498 BCE-05-06 21:16:35,0.860868394
1_8,matched,2498 BCE-05-15 01:33:35,2498 BCE-05-15 01:33:34,-1.269918680
1_8,matched,2498 BCE-08-03 16:37:24,2498 BCE-08-03 16:37:23,-1.033720002
1_8,matched,2498 BCE-08-10 04:42:08,2498 BCE-08-10 04:42:09,0.855698436
1_8,matched,2498 BCE-10-31 21:36:46,2498 BCE-10-31 21:36:48,2.073122934
1_8,matched,2498 BCE-11-04 22:09:00,2498 BCE-11-04 22:08:58,-2.276481315
1_8,matched,2358 BCE-08-25 00:57:25,2358 BCE-08-25 00:56:34,-51.469032839
1_8,matched,2358 BCE-08-27 08:23:21,2358 BCE-08-27 08:23:47,26.080103964
1_8,matched,2358 BCE-11-19 08:18:48,2358 BCE-11-19 08:18:43,-4.695478454
1_8,matched,2358 BCE-11-24 23:36:58,2358 BCE-11-24 23:37:15,17.082073912
1_8,matched,2357 BCE-02-14 06:44:58,2357 BCE-02-14 06:45:02,4.206836969
1_8,matched,2357 BCE-02-21 23:45:57,2357 BCE-02-21 23:45:46,-10.703914985
1_8,matched,2357 BCE-05-11 09:45:26,2357 BCE-05-11 09:45:26,0.332667679
1_8,matched,2357 BCE-05-20 19:22:41,2357 BCE-05-20 19:22:45,4.274317995
1_8,matched,2357 BCE-08-06 15:10:15,2357 BCE-08-06 15:10:11,-3.607805818
1_8,matched,2357 BCE-08-17 12:39:20,2357 BCE-08-17 12:39:22,1.589892805
1_8,matched,2357 BCE-11-01 21:54:28,2357 BCE-11-01 21:54:32,3.666425496
1_8,matched,2357 BCE-11-14 04:33:39,2357 BCE-11-14 04:33:36,-3.486442566
1_8,matched,2356 BCE-01-28 05:39:54,2356 BCE-01-28 05:39:54,-0.329418853
1_8,matched,2356 BCE-02-10 19:23:42,2356 BCE-02-10 19:23:42,0.492061302
1_8,matched,2356 BCE-04-25 14:10:15,2356 BCE-04-25 14:10:14,-1.456107572
1_8,matched,2356 BCE-05-10 09:30:47,2356 BCE-05-10 09:30:49,1.560361683
1_8,matched,2356 BCE-07-21 23:11:24,2356 BCE-07-21 23:11:24,0.367187709
1_8,matched,2356 BCE-08-06 23:08:24,2356 BCE-08-06 23:08:24,-0.161365047
1_8,matched,2356 BCE-10-17 08:37:53,2356 BCE-10-17 08:37:54,1.031426713
1_8,matched,2356 BCE-11-03 12:23:57,2356 BCE-11-03 12:23:56,-1.374806464
1_8,matched,2355 BCE-01-12 18:21:50,2355 BCE-01-12 18:21:50,0.070790201
1_8,matched,2355 BCE-01-31 01:17:49,2355 BCE-01-31 01:17:49,-0.490059704
1_8,matched,2355 BCE-04-10 04:24:41,2355 BCE-04-10 04:24:40,-1.132090017
1_8,matched,2355 BCE-04-29 13:50:52,2355 BCE-04-29 13:50:53,1.319968700
1_8,matched,2355 BCE-07-06 14:44:41,2355 BCE-07-06 14:44:41,-0.003379583
1_8,matched,2355 BCE-07-27 02:08:50,2355 BCE-07-27 02:08:51,1.023933291
1_8,matched,2355 BCE-10-02 01:15:39,2355 BCE-10-02 01:15:41,1.638906822
1_8,matched,2355 BCE-10-23 14:16:43,2355 BCE-10-23 14:16:42,-0.998385251
1_8,matched,2355 BCE-12-28 12:00:52,2355 BCE-12-28 12:00:52,-0.100180507
1_8,matched,2354 BCE-01-20 02:09:57,2354 BCE-01-20 02:09:55,-1.679703221
1_8,matched,2354 BCE-03-25 22:58:40,2354 BCE-03-25 22:58:38,-1.657866687
1_8,matched,2354 BCE-04-18 13:47:53,2354 BCE-04-18 13:47:53,0.490371510
1_8,matched,2354 BCE-06-21 10:10:13,2354 BCE-06-21 10:10:13,0.469158590
1_8,matched,2354 BCE-07-16 01:11:31,2354 BCE-07-16 01:11:33,1.551872492
1_8,matched,2354 BCE-09-16 21:35:22,2354 BCE-09-16 21:35:24,1.697104052
1_8,matched,2354 BCE-10-12 12:23:03,2354 BCE-10-12 12:23:02,-0.501063466
1_8,matched,2354 BCE-12-13 09:11:53,2354 BCE-12-13 09:11:52,-0.509713590
1_8,matched,2353 BCE-01-08 23:23:01,2353 BCE-01-08 23:22:59,-2.281399816
1_8,matched,2353 BCE-03-09 21:03:26,2353 BCE-03-09 21:03:25,-1.273881644
1_8,matched,2353 BCE-04-06 10:04:32,2353 BCE-04-06 10:04:31,-0.847450644
1_8,matched,2353 BCE-06-05 09:10:26,2353 BCE-06-05 09:10:27,0.863936171
1_8,matched,2353 BCE-07-03 20:31:22,2353 BCE-07-03 20:31:24,1.669343188
1_8,matched,2353 BCE-08-31 21:30:35,2353 BCE-08-31 21:30:37,1.840997860
1_8,matched,2353 BCE-09-30 06:43:09,2353 BCE-09-30 06:43:11,1.646440476
1_8,matched,2353 BCE-11-27 10:08:41,2353 BCE-11-27 10:08:40,-0.649543852
1_8,matched,2353 BCE-12-27 16:40:00,2353 BCE-12-27 16:39:59,-1.077986509
1_8,matched,2352 BCE-02-22 23:01:15,2352 BCE-02-22 23:01:13,-1.784188673
1_8,matched,2352 BCE-03-26 02:19:30,2352 BCE-03-26 02:19:28,-2.341005206
1_8,matched,2352 BCE-05-21 12:11:46,2352 BCE-05-21 12:11:46,-0.358426943
1_8,matched,2352 BCE-06-22 11:39:14,2352 BCE-06-22 11:39:14,0.023787841
1_8,matched,2352 BCE-08-17 01:38:16,2352 BCE-08-17 01:38:18,1.801046357
1_8,matched,2352 BCE-09-18 20:42:41,2352 BCE-09-18 20:42:43,1.646561176
1_8,matched,2352 BCE-11-12 15:20:31,2352 BCE-11-12 15:20:32,0.748889521
1_8,matched,2352 BCE-12-16 05:29:58,2352 BCE-12-16 05:29:59,1.147529483
1_8,matched,2351 BCE-02-08 05:24:14,2351 BCE-02-08 05:24:13,-1.399499550
1_8,matched,2351 BCE-03-14 13:58:27,2351 BCE-03-14 13:58:27,0.022118166
1_8,matched,2351 BCE-05-06 19:44:56,2351 BCE-05-06 19:44:55,-1.277603209
1_8,matched,2351 BCE-06-10 22:07:56,2351 BCE-06-10 22:07:55,-1.462132484
1_8,matched,2351 BCE-08-02 10:22:11,2351 BCE-08-02 10:22:11,-0.202684477
1_8,matched,2351 BCE-09-07 05:57:06,2351 BCE-09-07 05:57:05,-0.943567604
1_8,matched,2351 BCE-10-29 01:17:23,2351 BCE-10-29 01:17:24,1.417212188
1_8,matched,2351 BCE-12-04 13:29:43,2351 BCE-12-04 13:29:44,0.542825460
1_8,matched,2350 BCE-01-24 16:29:45,2350 BCE-01-24 16:29:46,1.406339183
1_8,matched,2350 BCE-03-02 20:44:17,2350 BCE-03-02 20:44:19,1.667130366
1_8,matched,2350 BCE-04-22 08:04:46,2350 BCE-04-22 08:04:45,-1.090881228
1_8,matched,2350 BCE-05-30 03:40:08,2350 BCE-05-30 03:40:10,2.001467720
1_8,matched,2350 BCE-07-18 23:54:11,2350 BCE-07-18 23:54:09,-2.040312812
1_8,matched,2350 BCE-08-26 10:18:27,2350 BCE-08-26 10:18:28,0.801886618
1_8,matched,2350 BCE-10-14 15:58:23,2350 BCE-10-14 15:58:22,-1.256028190
1_8,matched,2350 BCE-11-22 16:39:32,2350 BCE-11-22 16:39:31,-1.048787311
1_8,matched,2349 BCE-01-10 08:20:03,2349 BCE-01-10 08:20:04,1.134614646
1_8,matched,2349 BCE-02-18 22:44:02,2349 BCE-02-18 22:44:01,-1.225581765
1_8,matched,2349 BCE-04-07 00:58:24,2349 BCE-04-07 00:58:25,1.403874904
1_8,matched,2349 BCE-05-17 04:33:15,2349 BCE-05-17 04:33:13,-1.852997392
1_8,matched,2349 BCE-07-03 17:53:39,2349 BCE-07-03 17:53:40,0.984162837
1_8,matched,2349 BCE-08-13 10:06:45,2349 BCE-08-13 10:06:44,-0.867748260
1_8,matched,2349 BCE-09-29 11:00:07,2349 BCE-09-29 11:00:07,-0.139639154
1_8,matched,2349 BCE-11-09 15:28:19,2349 BCE-11-09 15:28:19,0.251044706
1_8,matched,2349 BCE-12-26 04:17:19,2349 BCE-12-26 04:17:18,-0.726660714
1_8,matched,2348 BCE-02-05 20:36:36,2348 BCE-02-05 20:36:37,0.884404778
1_8,matched,2348 BCE-03-23 21:49:19,2348 BCE-03-23 21:49:17,-1.787085459
1_8,matched,2348 BCE-05-05 01:33:00,2348 BCE-05-05 01:33:01,1.177100837
1_8,matched,2348 BCE-06-19 15:31:09,2348 BCE-06-19 15:31:08,-1.222433522
1_8,matched,2348 BCE-08-01 06:22:06,2348 BCE-08-01 06:22:08,1.592196152
1_8,matched,2348 BCE-09-15 09:20:27,2348 BCE-09-15 09:20:28,0.834083185
1_8,matched,2348 BCE-10-28 11:02:32,2348 BCE-10-28 11:02:33,0.681539252
1_8,matched,2348 BCE-12-12 03:14:56,2348 BCE-12-12 03:14:57,1.220522448
1_8,matched,2347 BCE-01-24 15:38:26,2347 BCE-01-24 15:38:25,-0.903163478
1_8,matched,2347 BCE-03-09 21:13:40,2347 BCE-03-09 21:13:42,1.641119644
1_8,matched,2347 BCE-04-22 20:08:44,2347 BCE-04-22 20:08:43,-1.267132536
1_8,matched,2347 BCE-06-05 15:19:22,2347 BCE-06-05 15:19:23,0.527959317
1_8,matched,2347 BCE-07-20 00:38:26,2347 BCE-07-20 00:38:25,-1.235368475
1_8,matched,2347 BCE-09-01 09:23:14,2347 BCE-09-01 09:23:13,-0.804763287
1_8,matched,2347 BCE-10-16 05:10:34,2347 BCE-10-16 05:10:32,-1.649649069
1_8,matched,2347 BCE-11-28 03:23:24,2347 BCE-11-28 03:23:22,-1.563389227
1_8,matched,2346 BCE-01-12 09:43:52,2346 BCE-01-12 09:43:51,-0.748235732
1_8,matched,2346 BCE-02-23 21:20:26,2346 BCE-02-23 21:20:25,-0.947520509
1_8,matched,2346 BCE-04-10 14:21:50,2346 BCE-04-10 14:21:50,0.370456651
1_8,matched,2346 BCE-05-22 15:11:28,2346 BCE-05-22 15:11:27,-1.081396267
1_8,matched,2346 BCE-07-07 19:08:25,2346 BCE-07-07 19:08:26,0.936949253
1_8,matched,2346 BCE-08-18 08:56:09,2346 BCE-08-18 08:56:09,0.355570391
1_8,matched,2346 BCE-10-04 00:06:57,2346 BCE-10-04 00:06:59,1.686683670
1_8,matched,2346 BCE-11-14 02:26:08,2346 BCE-11-14 02:26:09,0.794413313
1_8,matched,2346 BCE-12-31 05:19:11,2346 BCE-12-31 05:19:12,1.083448157
1_8,matched,2345 BCE-02-09 19:41:11,2345 BCE-02-09 19:41:12,0.837402418
1_8,matched,2345 BCE-03-28 10:42:32,2345 BCE-03-28 10:42:33,0.680060685
1_8,matched,2345 BCE-05-07 12:43:59,2345 BCE-05-07 12:43:59,0.387515500
1_8,matched,2345 BCE-06-24 16:23:21,2345 BCE-06-24 16:23:21,-0.234176964
1_8,matched,2345 BCE-08-03 05:27:15,2345 BCE-08-03 05:27:14,-0.538922846
1_8,matched,2345 BCE-09-20 22:25:33,2345 BCE-09-20 22:25:32,-1.413410157
1_8,matched,2345 BCE-10-29 21:52:36,2345 BCE-10-29 21:52:35,-1.153926551
1_8,matched,2345 BCE-12-18 04:50:11,2345 BCE-12-18 04:50:09,-1.530478522
1_8,matched,2344 BCE-01-25 13:53:32,2344 BCE-01-25 13:53:32,-0.014021248
1_8,matched,2344 BCE-03-16 11:36:29,2344 BCE-03-16 11:36:29,-0.200079381
1_8,matched,2344 BCE-04-23 05:31:44,2344 BCE-04-23 05:31:45,0.581348687
1_8,matched,2344 BCE-06-12 18:44:31,2344 BCE-06-12 18:44:32,0.722476467
1_8,matched,2344 BCE-07-19 20:47:20,2344 BCE-07-19 20:47:22,1.524353027
1_8,matched,2344 BCE-09-09 02:19:25,2344 BCE-09-09 02:19:26,1.388817653
1_8,matched,2344 BCE-10-15 11:35:25,2344 BCE-10-15 11:35:25,0.147957355
1_8,matched,2344 BCE-12-06 10:24:04,2344 BCE-12-06 10:24:04,0.473181903
1_8,matched,2343 BCE-01-11 01:58:34,2343 BCE-01-11 01:58:33,-1.076779515
1_8,matched,2343 BCE-03-04 18:52:55,2343 BCE-03-04 18:52:54,-0.642895326
1_8,matched,2343 BCE-04-08 15:56:04,2343 BCE-04-08 15:56:03,-0.790923089
1_8,matched,2343 BCE-06-01 03:48:19,2343 BCE-06-01 03:48:18,-1.438515633
1_8,matched,2343 BCE-07-05 05:25:17,2343 BCE-07-05 05:25:17,0.376833603
1_8,matched,2343 BCE-08-28 13:10:57,2343 BCE-08-28 13:10:57,-0.123193860
1_8,matched,2343 BCE-09-30 18:28:56,2343 BCE-09-30 18:28:57,0.728561729
1_8,matched,2343 BCE-11-24 23:03:32,2343 BCE-11-24 23:03:33,1.419475302
1_8,matched,2343 BCE-12-27 07:03:50,2343 BCE-12-27 07:03:49,-0.900015235
1_8,matched,2342 BCE-02-21 09:24:31,2342 BCE-02-21 09:24:31,0.151135772
1_8,matched,2342 BCE-03-24 19:14:31,2342 BCE-03-24 19:14:30,-0.897933170
1_8,matched,2342 BCE-05-20 20:07:13,2342 BCE-05-20 20:07:12,-0.553537533
1_8,matched,2342 BCE-06-20 07:00:45,2342 BCE-06-20 07:00:45,0.177066028
1_8,matched,2342 BCE-08-17 07:18:18,2342 BCE-08-17 07:18:18,-0.161938369
1_8,matched,2342 BCE-09-15 18:18:25,2342 BCE-09-15 18:18:25,0.308205932
1_8,matched,2342 BCE-11-13 18:56:52,2342 BCE-11-13 18:56:53,0.651414692
1_8,matched,2342 BCE-12-12 05:12:16,2342 BCE-12-12 05:12:16,-0.008348376
1_8,matched,2341 BCE-02-10 07:01:42,2341 BCE-02-10 07:01:42,0.225959346
1_8,matched,2341 BCE-03-08 15:42:26,2341 BCE-03-08 15:42:25,-0.735894218
1_8,matched,2341 BCE-05-08 19:29:30,2341 BCE-05-08 19:29:29,-0.562418997
1_8,matched,2341 BCE-06-04 01:49:40,2341 BCE-06-04 01:49:41,1.062506810
1_8,matched,2341 BCE-08-05 08:18:38,2341 BCE-08-05 08:18:38,-0.463425368
1_8,matched,2341 BCE-08-30 11:34:22,2341 BCE-08-30 11:34:22,0.000442564
1_8,matched,2341 BCE-11-01 21:36:02,2341 BCE-11-01 21:36:03,0.571270287
1_8,matched,2341 BCE-11-25 20:50:24,2341 BCE-11-25 20:50:23,-0.803898275
1_8,matched,2340 BCE-01-29 11:20:05,2340 BCE-01-29 11:20:05,-0.221402943
1_8,matched,2340 BCE-02-21 05:45:57,2340 BCE-02-21 05:45:57,0.258870050
1_8,matched,2340 BCE-04-28 01:27:28,2340 BCE-04-28 01:27:28,-0.454543903
1_8,matched,2340 BCE-05-19 14:18:27,2340 BCE-05-19 14:18:27,0.091983005
1_8,matched,2340 BCE-07-25 16:01:58,2340 BCE-07-25 16:01:58,0.281118974
1_8,matched,2340 BCE-08-14 22:22:00,2340 BCE-08-14 22:21:59,-1.062637568
1_8,matched,2340 BCE-10-22 07:04:07,2340 BCE-10-22 07:04:07,0.193863362
1_8,matched,2340 BCE-11-10 05:57:06,2340 BCE-11-10 05:57:07,0.929294899
1_8,matched,2339 BCE-01-18 22:42:44,2339 BCE-01-18 22:42:43,-0.806724653
1_8,matched,2339 BCE-02-05 12:56:44,2339 BCE-02-05 12:56:44,0.278232247
1_8,matched,2339 BCE-04-17 14:57:28,2339 BCE-04-17 14:57:28,0.444727018
1_8,matched,2339 BCE-05-03 19:26:15,2339 BCE-05-03 19:26:14,-0.880089775
1_8,matched,2339 BCE-07-15 07:54:55,2339 BCE-07-15 07:54:55,-0.040233135
1_8,matched,2339 BCE-07-30 01:10:04,2339 BCE-07-30 01:10:05,0.818211213
1_8,matched,2339 BCE-10-12 01:57:16,2339 BCE-10-12 01:57:15,-1.071388274
1_8,matched,2339 BCE-10-25 05:46:10,2339 BCE-10-25 05:46:09,-0.828531012
1_8,matched,2338 BCE-01-08 21:21:15,2338 BCE-01-08 21:21:15,0.248731300
1_8,matched,2338 BCE-01-20 09:02:13,2338 BCE-01-20 09:02:13,0.466674194
1_8,matched,2338 BCE-04-07 18:46:28,2338 BCE-04-07 18:46:27,-1.281867921
1_8,matched,2338 BCE-04-17 10:18:00,2338 BCE-04-17 10:17:59,-0.409995764
1_8,matched,2338 BCE-07-05 19:37:24,2338 BCE-07-05 19:37:25,1.222745329
1_8,matched,2338 BCE-07-13 08:11:09,2338 BCE-07-13 08:11:09,0.275154412
1_8,matched,2338 BCE-10-03 04:23:46,2338 BCE-10-03 04:23:44,-1.504377276
1_8,matched,2338 BCE-10-07 22:04:30,2338 BCE-10-07 22:04:28,-1.604748890
1_8,matched,2193 BCE-02-22 03:02:12,2193 BCE-02-22 03:01:50,-22.166596726
1_8,matched,2193 BCE-02-26 09:04:20,2193 BCE-02-26 09:04:32,12.282753736
1_8,matched,2193 BCE-05-19 02:16:30,2193 BCE-05-19 02:16:44,14.119768515
1_8,matched,2193 BCE-05-25 08:23:53,2193 BCE-05-25 08:23:44,-9.372640774
1_8,matched,2193 BCE-08-14 07:03:03,2193 BCE-08-14 07:02:58,-4.617285356
1_8,matched,2193 BCE-08-22 02:11:46,2193 BCE-08-22 02:11:57,11.153298989
1_8,matched,2193 BCE-11-09 14:29:48,2193 BCE-11-09 14:29:43,-5.000133812
1_8,matched,2193 BCE-11-18 17:24:52,2193 BCE-11-18 17:24:49,-2.799532190
1_8,matched,2192 BCE-02-04 23:24:53,2192 BCE-02-04 23:24:59,6.083994359
1_8,matched,2192 BCE-02-15 07:05:34,2192 BCE-02-15 07:05:29,-5.499416962
1_8,matched,2192 BCE-05-03 09:23:02,2192 BCE-05-03 09:23:03,0.778561458
1_8,matched,2192 BCE-05-14 19:42:09,2192 BCE-05-14 19:42:11,1.967068389
1_8,matched,2192 BCE-07-29 20:01:15,2192 BCE-07-29 20:01:11,-4.073192552
1_8,matched,2192 BCE-08-11 07:39:49,2192 BCE-08-11 07:39:53,3.702192754
1_8,matched,2192 BCE-10-25 07:03:32,2192 BCE-10-25 07:03:31,-0.553668290
1_8,matched,2192 BCE-11-07 19:15:14,2192 BCE-11-07 19:15:13,-0.898315385
1_8,matched,2191 BCE-01-20 18:27:43,2191 BCE-01-20 18:27:45,2.197051048
1_8,matched,2191 BCE-02-04 06:31:25,2191 BCE-02-04 06:31:23,-2.234799787
1_8,matched,2191 BCE-04-18 06:02:41,2191 BCE-04-18 06:02:41,0.434960425
1_8,matched,2191 BCE-05-03 17:33:51,2191 BCE-05-03 17:33:50,-0.541749224
1_8,matched,2191 BCE-07-14 17:46:06,2191 BCE-07-14 17:46:05,-0.927997380
1_8,matched,2191 BCE-07-31 04:26:36,2191 BCE-07-31 04:26:36,0.245774165
1_8,matched,2191 BCE-10-10 05:33:14,2191 BCE-10-10 05:33:14,-0.459663570
1_8,matched,2191 BCE-10-27 15:17:26,2191 BCE-10-27 15:17:28,1.606820896
1_8,matched,2190 BCE-01-05 17:20:56,2190 BCE-01-05 17:20:56,-0.048641860
1_8,matched,2190 BCE-01-24 02:08:55,2190 BCE-01-24 02:08:55,-0.100743771
1_8,matched,2190 BCE-04-03 05:10:59,2190 BCE-04-03 05:10:59,0.831166282
1_8,matched,2190 BCE-04-22 12:58:16,2190 BCE-04-22 12:58:15,-1.442136616
1_8,matched,2190 BCE-06-29 16:59:19,2190 BCE-06-29 16:59:19,0.210318714
1_8,matched,2190 BCE-07-19 23:48:38,2190 BCE-07-19 23:48:37,-1.438656449
1_8,matched,2190 BCE-09-25 04:44:13,2190 BCE-09-25 04:44:11,-2.060449496
1_8,matched,2190 BCE-10-16 10:41:05,2190 BCE-10-16 10:41:05,0.335011259
1_8,matched,2190 BCE-12-21 16:29:28,2190 BCE-12-21 16:29:28,-0.093622506
1_8,matched,2189 BCE-01-12 21:35:29,2189 BCE-01-12 21:35:31,1.868909597
1_8,matched,2189 BCE-03-18 04:12:24,2189 BCE-03-18 04:12:25,1.333969831
1_8,matched,2189 BCE-04-10 08:32:09,2189 BCE-04-10 08:32:10,0.674971193
1_8,matched,2189 BCE-06-13 15:55:49,2189 BCE-06-13 15:55:50,0.987089798
1_8,matched,2189 BCE-07-07 19:28:01,2189 BCE-07-07 19:27:59,-1.351229846
1_8,matched,2189 BCE-09-09 03:36:38,2189 BCE-09-09 03:36:36,-1.710531861
1_8,matched,2189 BCE-10-04 06:25:40,2189 BCE-10-04 06:25:39,-1.072726026
1_8,matched,2189 BCE-12-05 15:16:53,2189 BCE-12-05 15:16:52,-1.063804328
1_8,matched,2189 BCE-12-31 17:23:13,2189 BCE-12-31 17:23:15,1.596843079
1_8,matched,2188 BCE-03-03 03:02:14,2188 BCE-03-03 03:02:16,2.451847494
1_8,matched,2188 BCE-03-30 04:18:03,2188 BCE-03-30 04:18:05,1.663519442
1_8,matched,2188 BCE-05-29 14:49:07,2188 BCE-05-29 14:49:07,0.449524820
1_8,matched,2188 BCE-06-26 15:11:43,2188 BCE-06-26 15:11:42,-1.018290594
1_8,matched,2188 BCE-08-25 02:37:43,2188 BCE-08-25 02:37:41,-2.242474258
1_8,matched,2188 BCE-09-23 01:59:47,2188 BCE-09-23 01:59:45,-1.980405673
1_8,matched,2188 BCE-11-20 14:30:14,2188 BCE-11-20 14:30:13,-0.790953264
1_8,matched,2188 BCE-12-20 12:44:22,2188 BCE-12-20 12:44:22,0.040243194
1_8,matched,2187 BCE-02-16 02:28:21,2187 BCE-02-16 02:28:23,1.677450165
1_8,matched,2187 BCE-03-18 23:21:45,2187 BCE-03-18 23:21:47,1.722893491
1_8,matched,2187 BCE-05-14 14:38:44,2187 BCE-05-14 14:38:45,0.674749911
1_8,matched,2187 BCE-06-15 09:52:24,2187 BCE-06-15 09:52:24,0.392574817
1_8,matched,2187 BCE-08-10 02:53:02,2187 BCE-08-10 02:53:01,-1.371306181
1_8,matched,2187 BCE-09-11 20:14:57,2187 BCE-09-11 20:14:55,-2.115910873
1_8,matched,2187 BCE-11-05 15:14:29,2187 BCE-11-05 15:14:28,-0.941555947
1_8,matched,2187 BCE-12-09 06:26:58,2187 BCE-12-09 06:26:57,-1.408330724
1_8,matched,2186 BCE-02-01 03:46:35,2186 BCE-02-01 03:46:36,1.431927457
1_8,matched,2186 BCE-03-07 16:27:51,2186 BCE-03-07 16:27:52,0.796032697
1_8,matched,2186 BCE-04-29 16:30:31,2186 BCE-04-29 16:30:32,0.683822483
1_8,matched,2186 BCE-06-04 02:18:04,2186 BCE-06-04 02:18:05,1.351209730
1_8,matched,2186 BCE-07-26 05:28:23,2186 BCE-07-26 05:28:22,-1.493272930
1_8,matched,2186 BCE-08-31 11:56:38,2186 BCE-08-31 11:56:38,-0.236409903
1_8,matched,2186 BCE-10-21 18:34:41,2186 BCE-10-21 18:34:39,-1.553853974
1_8,matched,2186 BCE-11-27 21:23:03,2186 BCE-11-27 21:23:01,-1.867692545
1_8,matched,2185 BCE-01-17 07:52:42,2185 BCE-01-17 07:52:43,0.500500202
1_8,matched,2185 BCE-02-24 06:33:17,2185 BCE-02-24 06:33:16,-0.837161019
1_8,matched,2185 BCE-04-13 21:27:28,2185 BCE-04-13 21:27:30,2.128986642
1_8,matched,2185 BCE-05-22 15:28:42,2185 BCE-05-22 15:28:42,0.418153033
1_8,matched,2185 BCE-07-10 11:15:33,2185 BCE-07-10 11:15:33,0.273997709
1_8,matched,2185 BCE-08-19 00:11:40,2185 BCE-08-19 00:11:41,1.480317861
1_8,matched,2185 BCE-10-06 01:18:24,2185 BCE-10-06 01:18:23,-1.233216003
1_8,matched,2185 BCE-11-15 08:39:47,2185 BCE-11-15 08:39:48,0.654220954
1_8,matched,2184 BCE-01-01 15:33:31,2184 BCE-01-01 15:33:30,-0.568775833
1_8,matched,2184 BCE-02-11 16:52:48,2184 BCE-02-11 16:52:47,-0.965544954
1_8,matched,2184 BCE-03-30 06:03:35,2184 BCE-03-30 06:03:36,0.784586370
1_8,matched,2184 BCE-05-11 00:48:18,2184 BCE-05-11 00:48:17,-1.174747199
1_8,matched,2184 BCE-06-25 20:51:10,2184 BCE-06-25 20:51:11,0.961400941
1_8,matched,2184 BCE-08-07 08:29:49,2184 BCE-08-07 08:29:48,-1.100567356
1_8,matched,2184 BCE-09-21 11:51:23,2184 BCE-09-21 11:51:23,0.133664533
1_8,matched,2184 BCE-11-03 15:59:09,2184 BCE-11-03 15:59:10,0.551787391
1_8,matched,2184 BCE-12-18 03:05:31,2184 BCE-12-18 03:05:30,-1.122333482
1_8,matched,2183 BCE-01-30 23:11:32,2183 BCE-01-30 23:11:34,1.540627331
1_8,matched,2183 BCE-03-15 18:34:32,2183 BCE-03-15 18:34:31,-0.766149536
1_8,matched,2183 BCE-04-29 06:08:58,2183 BCE-04-29 06:08:59,1.171498373
1_8,matched,2183 BCE-06-11 10:17:03,2183 BCE-06-11 10:17:03,0.187969208
1_8,matched,2183 BCE-07-26 12:53:19,2183 BCE-07-26 12:53:19,0.214794651
1_8,matched,2183 BCE-09-07 02:14:08,2183 BCE-09-07 02:14:10,1.539118588
1_8,matched,2183 BCE-10-22 19:27:12,2183 BCE-10-22 19:27:11,-1.359256357
1_8,matched,2183 BCE-12-03 18:20:34,2183 BCE-12-03 18:20:35,1.100758463
1_8,matched,2182 BCE-01-19 01:50:49,2182 BCE-01-19 01:50:48,-0.861783698
1_8,matched,2182 BCE-03-01 10:37:53,2182 BCE-03-01 10:37:53,0.064755231
1_8,matched,2182 BCE-04-17 07:59:37,2182 BCE-04-17 07:59:36,-0.585009903
1_8,matched,2182 BCE-05-28 03:07:19,2182 BCE-05-28 03:07:18,-1.055918634
1_8,matched,2182 BCE-07-14 14:00:33,2182 BCE-07-14 14:00:33,0.088120624
1_8,matched,2182 BCE-08-23 19:42:46,2182 BCE-08-23 19:42:45,-1.026880369
1_8,matched,2182 BCE-10-10 19:55:37,2182 BCE-10-10 19:55:38,0.668423250
1_8,matched,2182 BCE-11-19 12:27:04,2182 BCE-11-19 12:27:04,0.181028992
1_8,matched,2181 BCE-01-07 01:46:42,2181 BCE-01-07 01:46:43,1.295607537
1_8,matched,2181 BCE-02-15 05:14:26,2181 BCE-02-15 05:14:27,0.865203515
1_8,matched,2181 BCE-04-04 07:32:04,2181 BCE-04-04 07:32:04,0.329509377
1_8,matched,2181 BCE-05-12 22:05:30,2181 BCE-05-12 22:05:31,1.294199377
1_8,matched,2181 BCE-07-01 13:13:03,2181 BCE-07-01 13:13:03,0.183815137
1_8,matched,2181 BCE-08-08 14:57:58,2181 BCE-08-08 14:57:59,0.959902257
1_8,matched,2181 BCE-09-27 18:56:30,2181 BCE-09-27 18:56:29,-1.190729812
1_8,matched,2181 BCE-11-04 07:46:00,2181 BCE-11-04 07:45:59,-0.620415062
1_8,matched,2181 BCE-12-25 00:45:46,2181 BCE-12-25 00:45:45,-1.391382515
1_8,matched,2180 BCE-01-31 00:32:49,2180 BCE-01-31 00:32:47,-1.503240690
1_8,matched,2180 BCE-03-23 06:38:58,2180 BCE-03-23 06:38:57,-1.164296642
1_8,matched,2180 BCE-04-28 17:12:49,2180 BCE-04-28 17:12:48,-0.784505904
1_8,matched,2180 BCE-06-19 12:39:42,2180 BCE-06-19 12:39:42,-0.139045715
1_8,matched,2180 BCE-07-25 09:41:11,2180 BCE-07-25 09:41:11,-0.007101148
1_8,matched,2180 BCE-09-15 18:50:44,2180 BCE-09-15 18:50:44,0.234830752
1_8,matched,2180 BCE-10-21 01:57:45,2180 BCE-10-21 01:57:46,0.777113065
1_8,matched,2180 BCE-12-13 01:18:19,2180 BCE-12-13 01:18:20,1.317474246
1_8,matched,2179 BCE-01-16 17:57:18,2179 BCE-01-16 17:57:19,0.960908085
1_8,matched,2179 BCE-03-11 08:03:36,2179 BCE-03-11 08:03:37,0.764982775
1_8,matched,2179 BCE-04-14 09:43:03,2179 BCE-04-14 09:43:03,-0.265116245
1_8,matched,2179 BCE-06-07 15:05:33,2179 BCE-06-07 15:05:33,-0.053751469
1_8,matched,2179 BCE-07-11 01:06:42,2179 BCE-07-11 01:06:41,-0.882926211
1_8,matched,2179 BCE-09-03 22:32:35,2179 BCE-09-03 22:32:34,-1.161721721
1_8,matched,2179 BCE-10-06 16:02:50,2179 BCE-10-06 16:02:49,-0.800377876
1_8,matched,2179 BCE-12-01 06:26:45,2179 BCE-12-01 06:26:44,-0.567729771
1_8,matched,2178 BCE-01-02 06:33:13,2178 BCE-01-02 06:33:14,0.920141861
1_8,matched,2178 BCE-02-27 14:50:17,2178 BCE-02-27 14:50:17,0.153398886
1_8,matched,2178 BCE-03-30 20:35:20,2178 BCE-03-30 20:35:21,0.642855093
1_8,matched,2178 BCE-05-26 23:44:59,2178 BCE-05-26 23:44:59,0.918331370
1_8,matched,2178 BCE-06-26 10:06:54,2178 BCE-06-26 10:06:54,-0.134881586
1_8,matched,2178 BCE-08-23 09:11:55,2178 BCE-08-23 09:11:56,0.775946304
1_8,matched,2178 BCE-09-21 23:03:08,2178 BCE-09-21 23:03:07,-1.242187992
1_8,matched,2178 BCE-11-19 19:19:45,2178 BCE-11-19 19:19:44,-0.660416856
1_8,matched,2178 BCE-12-18 11:18:06,2178 BCE-12-18 11:18:05,-0.531821698
1_8,matched,2177 BCE-02-16 06:07:31,2177 BCE-02-16 06:07:31,-0.365326926
1_8,matched,2177 BCE-03-14 22:57:38,2177 BCE-03-14 22:57:39,1.331073046
1_8,matched,2177 BCE-05-14 17:36:47,2177 BCE-05-14 17:36:48,0.713343546
1_8,matched,2177 BCE-06-10 09:55:47,2177 BCE-06-10 09:55:47,-0.246478245
1_8,matched,2177 BCE-08-11 05:53:21,2177 BCE-08-11 05:53:22,0.762699544
1_8,matched,2177 BCE-09-05 20:06:45,2177 BCE-09-05 20:06:44,-1.051030308
1_8,matched,2177 BCE-11-07 18:58:06,2177 BCE-11-07 18:58:05,-0.951714814
1_8,matched,2177 BCE-12-02 05:28:22,2177 BCE-12-02 05:28:22,0.192083046
1_8,matched,2176 BCE-02-04 08:59:11,2176 BCE-02-04 08:59:10,-0.501133874
1_8,matched,2176 BCE-02-27 13:55:16,2176 BCE-02-27 13:55:16,0.247091800
1_8,matched,2176 BCE-05-03 23:57:05,2176 BCE-05-03 23:57:06,0.560477749
1_8,matched,2176 BCE-05-25 21:30:15,2176 BCE-05-25 21:30:14,-0.854089111
1_8,matched,2176 BCE-07-31 16:01:12,2176 BCE-07-31 16:01:12,-0.259916112
1_8,matched,2176 BCE-08-21 03:59:15,2176 BCE-08-21 03:59:15,0.184126943
1_8,matched,2176 BCE-10-28 09:23:47,2176 BCE-10-28 09:23:47,-0.272800773
1_8,matched,2176 BCE-11-16 09:08:06,2176 BCE-11-16 09:08:06,-0.359774753
1_8,matched,2175 BCE-01-25 04:14:14,2175 BCE-01-25 04:14:15,1.155777276
1_8,matched,2175 BCE-02-11 12:50:36,2175 BCE-02-11 12:50:36,-0.193068758
1_8,matched,2175 BCE-04-24 00:56:18,2175 BCE-04-24 00:56:17,-0.985892862
1_8,matched,2175 BCE-05-09 14:42:11,2175 BCE-05-09 14:42:11,0.354041532
1_8,matched,2175 BCE-07-22 00:08:13,2175 BCE-07-22 00:08:14,0.911853835
1_8,matched,2175 BCE-08-04 14:09:13,2175 BCE-08-04 14:09:13,-0.311253592
1_8,matched,2175 BCE-10-19 03:02:35,2175 BCE-10-19 03:02:34,-1.141212881
1_8,matched,2175 BCE-10-30 09:51:11,2175 BCE-10-30 09:51:11,0.074763224
1_8,matched,2174 BCE-01-16 12:36:44,2174 BCE-01-16 12:36:44,0.251084939
1_8,matched,2174 BCE-01-24 22:52:55,2174 BCE-01-24 22:52:56,0.844272226
1_8,matched,2174 BCE-04-16 16:27:49,2174 BCE-04-16 16:27:48,-0.628984720
1_8,matched,2174 BCE-04-20 17:39:54,2174 BCE-04-20 17:39:56,1.825940609
1_8,matched,2142 BCE-01-30 13:03:28,2142 BCE-01-30 13:03:27,-0.644886866
1_8,matched,2142 BCE-02-04 01:55:21,2142 BCE-02-04 01:55:22,1.438203827
1_8,matched,2142 BCE-04-26 13:20:37,2142 BCE-04-26 13:20:37,0.309131294
1_8,matched,2142 BCE-05-05 00:09:56,2142 BCE-05-05 00:09:58,1.575318351
1_8,matched,2142 BCE-07-22 05:17:07,2142 BCE-07-22 05:17:06,-0.943728536
1_8,matched,2142 BCE-08-02 06:43:10,2142 BCE-08-02 06:43:09,-1.006653160
1_8,matched,2142 BCE-10-17 03:32:41,2142 BCE-10-17 03:32:41,0.377195701
1_8,matched,2142 BCE-10-30 06:58:54,2142 BCE-10-30 06:58:54,0.360810757
1_8,matched,2141 BCE-01-12 05:31:41,2141 BCE-01-12 05:31:40,-0.744534284
1_8,matched,2141 BCE-01-27 03:30:57,2141 BCE-01-27 03:30:56,-1.064598933
1_8,matched,2141 BCE-04-08 10:05:39,2141 BCE-04-08 10:05:40,0.611342490
1_8,matched,2141 BCE-04-24 21:24:16,2141 BCE-04-24 21:24:17,0.836587697
1_8,matched,2141 BCE-07-04 16:34:26,2141 BCE-07-04 16:34:26,0.300410762
1_8,matched,2141 BCE-07-22 13:23:32,2141 BCE-07-22 13:23:32,0.181411207
1_8,matched,2141 BCE-09-30 00:34:05,2141 BCE-09-30 00:34:04,-1.011229679
1_8,matched,2141 BCE-10-19 03:49:48,2141 BCE-10-19 03:49:47,-0.953273848
1_8,matched,2141 BCE-12-26 09:59:25,2141 BCE-12-26 09:59:25,0.430937111
1_8,matched,2140 BCE-01-15 16:52:56,2140 BCE-01-15 16:52:56,0.405449420
1_8,matched,2140 BCE-03-23 20:31:58,2140 BCE-03-23 20:31:58,0.209825858
1_8,matched,2140 BCE-04-14 04:49:02,2140 BCE-04-14 04:49:03,0.966731831
1_8,matched,2140 BCE-06-19 08:00:19,2140 BCE-06-19 08:00:19,-0.423081592
1_8,matched,2140 BCE-07-11 15:45:21,2140 BCE-07-11 15:45:20,-0.924456865
1_8,matched,2140 BCE-09-14 20:19:38,2140 BCE-09-14 20:19:38,-0.187204778
1_8,matched,2140 BCE-10-08 01:51:52,2140 BCE-10-08 01:51:51,-0.946766138
1_8,matched,2140 BCE-12-11 09:23:48,2140 BCE-12-11 09:23:48,0.381822512
1_8,matched,2139 BCE-01-04 11:13:02,2139 BCE-01-04 11:13:02,0.485442951
1_8,matched,2139 BCE-03-08 23:12:23,2139 BCE-03-08 23:12:24,0.853425264
1_8,matched,2139 BCE-04-02 19:52:38,2139 BCE-04-02 19:52:39,1.226889342
1_8,matched,2139 BCE-06-04 13:33:05,2139 BCE-06-04 13:33:05,0.277357176
1_8,matched,2139 BCE-06-30 03:59:22,2139 BCE-06-30 03:59:22,0.227367505
1_8,matched,2139 BCE-08-31 04:21:59,2139 BCE-08-31 04:21:58,-0.965746120
1_8,matched,2139 BCE-09-26 11:35:11,2139 BCE-09-26 11:35:11,0.257582590
1_8,matched,2139 BCE-11-26 19:40:56,2139 BCE-11-26 19:40:55,-0.626349449
1_8,matched,2139 BCE-12-23 18:42:31,2139 BCE-12-23 18:42:31,-0.388692319
1_8,matched,2138 BCE-02-22 11:23:59,2138 BCE-02-22 11:23:59,-0.241861492
1_8,matched,2138 BCE-03-22 01:28:37,2138 BCE-03-22 01:28:36,-1.263692603
1_8,matched,2138 BCE-05-21 03:26:49,2138 BCE-05-21 03:26:50,0.707700849
1_8,matched,2138 BCE-06-18 07:54:44,2138 BCE-06-18 07:54:43,-0.662408397
1_8,matched,2138 BCE-08-16 19:42:59,2138 BCE-08-16 19:43:00,1.141464338
1_8,matched,2138 BCE-09-14 14:08:13,2138 BCE-09-14 14:08:13,0.040715933
1_8,matched,2138 BCE-11-12 12:10:43,2138 BCE-11-12 12:10:42,-0.627546385
1_8,matched,2138 BCE-12-11 20:07:24,2138 BCE-12-11 20:07:25,1.287641376
1_8,matched,2137 BCE-02-08 04:53:39,2137 BCE-02-08 04:53:38,-1.191836223
1_8,matched,2137 BCE-03-09 01:55:39,2137 BCE-03-09 01:55:39,0.419349968
1_8,matched,2137 BCE-05-05 21:43:18,2137 BCE-05-05 21:43:17,-0.545420498
1_8,matched,2137 BCE-06-05 07:40:29,2137 BCE-06-05 07:40:29,-0.049174950
1_8,matched,2137 BCE-08-01 14:35:41,2137 BCE-08-01 14:35:41,-0.098681822
1_8,matched,2137 BCE-09-01 13:20:32,2137 BCE-09-01 13:20:32,0.176713988
1_8,matched,2137 BCE-10-28 07:28:58,2137 BCE-10-28 07:28:59,0.984454527
1_8,matched,2137 BCE-11-28 18:59:46,2137 BCE-11-28 18:59:46,-0.368284062
1_8,matched,2136 BCE-01-24 00:22:25,2136 BCE-01-24 00:22:26,0.857579336
1_8,matched,2136 BCE-02-25 00:38:39,2136 BCE-02-25 00:38:38,-1.102126390
1_8,matched,2136 BCE-04-21 17:16:24,2136 BCE-04-21 17:16:25,0.753536448
1_8,matched,2136 BCE-05-24 06:22:36,2136 BCE-05-24 06:22:36,-0.103137642
1_8,matched,2136 BCE-07-18 10:04:36,2136 BCE-07-18 10:04:35,-0.541678816
1_8,matched,2136 BCE-08-20 12:14:49,2136 BCE-08-20 12:14:49,0.078655779
1_8,matched,2136 BCE-10-14 02:42:42,2136 BCE-10-14 02:42:41,-0.801212713
1_8,matched,2136 BCE-11-16 18:12:04,2136 BCE-11-16 18:12:05,0.650247931
1_8,matched,2135 BCE-01-09 19:14:33,2135 BCE-01-09 19:14:32,-0.928671286
1_8,matched,2135 BCE-02-13 00:17:29,2135 BCE-02-13 00:17:30,1.347679272
1_8,matched,2135 BCE-04-07 11:35:11,2135 BCE-04-07 11:35:11,-0.288431346
1_8,matched,2135 BCE-05-12 06:35:53,2135 BCE-05-12 06:35:54,0.551596284
1_8,matched,2135 BCE-07-04 03:45:46,2135 BCE-07-04 03:45:47,1.260846108
1_8,matched,2135 BCE-08-08 13:08:36,2135 BCE-08-08 13:08:35,-0.536458567
1_8,matched,2135 BCE-09-29 19:41:29,2135 BCE-09-29 19:41:30,1.268550754
1_8,matched,2135 BCE-11-04 19:55:38,2135 BCE-11-04 19:55:37,-0.980471447
1_8,matched,2135 BCE-12-26 11:22:10,2135 BCE-12-26 11:22:10,-0.254243240
1_8,matched,2134 BCE-02-01 02:53:40,2134 BCE-02-01 02:53:39,-0.781971216
1_8,matched,2134 BCE-03-24 02:49:55,2134 BCE-03-24 02:49:54,-0.719529390
1_8,matched,2134 BCE-04-30 10:08:26,2134 BCE-04-30 10:08:26,0.109685585
1_8,matched,2134 BCE-06-19 17:59:17,2134 BCE-06-19 17:59:16,-0.848808512
1_8,matched,2134 BCE-07-27 17:43:05,2134 BCE-07-27 17:43:05,0.473141670
1_8,matched,2134 BCE-09-15 08:51:53,2134 BCE-09-15 08:51:54,0.632303953
1_8,matched,2134 BCE-10-24 01:35:07,2134 BCE-10-24 01:35:08,1.164105535
1_8,matched,2134 BCE-12-11 23:27:42,2134 BCE-12-11 23:27:43,0.982020423
1_8,matched,2133 BCE-01-20 09:43:12,2133 BCE-01-20 09:43:12,0.012371689
1_8,matched,2133 BCE-03-08 13:45:47,2133 BCE-03-08 13:45:47,0.130767748
1_8,matched,2133 BCE-04-17 18:07:21,2133 BCE-04-17 18:07:20,-0.929445773
1_8,matched,2133 BCE-06-04 03:48:05,2133 BCE-06-04 03:48:04,-0.704391673
1_8,matched,2133 BCE-07-15 02:50:08,2133 BCE-07-15 02:50:07,-1.439692453
1_8,matched,2133 BCE-08-30 17:30:59,2133 BCE-08-30 17:30:58,-0.869116187
1_8,matched,2133 BCE-10-11 11:53:12,2133 BCE-10-11 11:53:12,0.390090421
1_8,matched,2133 BCE-11-26 06:58:30,2133 BCE-11-26 06:58:30,0.452421606
1_8,matched,2132 BCE-01-07 21:09:17,2132 BCE-01-07 21:09:18,1.050155237
1_8,matched,2132 BCE-02-21 20:11:26,2132 BCE-02-21 20:11:28,1.638544723
1_8,matched,2132 BCE-04-06 06:41:00,2132 BCE-04-06 06:41:00,0.280435011
1_8,matched,2132 BCE-05-20 09:07:40,2132 BCE-05-20 09:07:39,-1.088668406
1_8,matched,2132 BCE-07-03 16:27:45,2132 BCE-07-03 16:27:44,-0.651756674
1_8,matched,2132 BCE-08-15 21:50:52,2132 BCE-08-15 21:50:51,-0.872093439
1_8,matched,2132 BCE-09-30 02:29:46,2132 BCE-09-30 02:29:45,-1.161641255
1_8,matched,2132 BCE-11-11 10:21:47,2132 BCE-11-11 10:21:48,0.588208437
1_8,matched,2132 BCE-12-27 12:43:46,2132 BCE-12-27 12:43:46,0.461383536
1_8,matched,2131 BCE-02-06 22:43:02,2131 BCE-02-06 22:43:04,1.616547257
1_8,matched,2131 BCE-03-25 23:04:01,2131 BCE-03-25 23:04:03,1.926523447
1_8,matched,2131 BCE-05-05 10:55:36,2131 BCE-05-05 10:55:36,0.057442859
1_8,matched,2131 BCE-06-22 09:34:14,2131 BCE-06-22 09:34:14,0.052936748
1_8,matched,2131 BCE-07-31 22:58:15,2131 BCE-07-31 22:58:14,-1.363440603
1_8,matched,2131 BCE-09-18 20:12:31,2131 BCE-09-18 20:12:30,-1.454769820
1_8,matched,2131 BCE-10-27 10:56:52,2131 BCE-10-27 10:56:52,0.072731450
1_8,matched,2131 BCE-12-16 06:55:51,2131 BCE-12-16 06:55:50,-0.890922546
1_8,matched,2130 BCE-01-22 22:54:43,2130 BCE-01-22 22:54:45,1.952524111
1_8,matched,2130 BCE-03-14 17:40:12,2130 BCE-03-14 17:40:13,1.480056345
1_8,matched,2130 BCE-04-20 10:49:21,2130 BCE-04-20 10:49:20,-0.792944804
1_8,matched,2130 BCE-06-11 04:23:41,2130 BCE-06-11 04:23:43,1.839609817
1_8,matched,2130 BCE-07-16 22:44:02,2130 BCE-07-16 22:44:01,-1.389632374
1_8,matched,2130 BCE-09-07 15:07:49,2130 BCE-09-07 15:07:48,-0.532978401
1_8,matched,2130 BCE-10-12 10:37:51,2130 BCE-10-12 10:37:52,0.893376768
1_8,matched,2130 BCE-12-05 01:50:02,2130 BCE-12-05 01:50:01,-1.487197727
1_8,matched,2129 BCE-01-07 22:38:36,2129 BCE-01-07 22:38:38,1.720177755
1_8,matched,2129 BCE-03-02 12:26:06,2129 BCE-03-02 12:26:06,-0.165649876
1_8,matched,2129 BCE-04-04 10:46:47,2129 BCE-04-04 10:46:47,-0.168637186
1_8,matched,2129 BCE-05-29 22:56:20,2129 BCE-05-29 22:56:22,1.593352854
1_8,matched,2129 BCE-06-30 22:58:10,2129 BCE-06-30 22:58:08,-2.303407341
1_8,matched,2129 BCE-08-26 09:18:20,2129 BCE-08-26 09:18:20,0.286902487
1_8,matched,2129 BCE-09-26 11:16:17,2129 BCE-09-26 11:16:18,0.619650632
1_8,matched,2129 BCE-11-22 19:33:10,2129 BCE-11-22 19:33:09,-1.440607756
1_8,matched,2129 BCE-12-22 23:42:28,2129 BCE-12-22 23:42:30,2.200863138
1_8,matched,2128 BCE-02-19 05:38:42,2128 BCE-02-19 05:38:41,-1.477209851
1_8,matched,2128 BCE-03-20 12:20:12,2128 BCE-03-20 12:20:12,0.186903030
1_8,matched,2128 BCE-05-18 15:33:29,2128 BCE-05-18 15:33:30,0.837985799
1_8,matched,2128 BCE-06-16 01:08:37,2128 BCE-06-16 01:08:35,-2.331429720
1_8,matched,2128 BCE-08-15 01:19:28,2128 BCE-08-15 01:19:30,2.095542848
1_8,matched,2128 BCE-09-11 14:01:50,2128 BCE-09-11 14:01:49,-0.735853985
1_8,matched,2128 BCE-11-11 10:55:01,2128 BCE-11-11 10:55:02,0.668000802
1_8,matched,2128 BCE-12-08 03:06:43,2128 BCE-12-08 03:06:45,1.692597941
1_8,matched,2127 BCE-02-07 20:19:44,2127 BCE-02-07 20:19:42,-1.726363599
1_8,matched,2127 BCE-03-05 16:21:45,2127 BCE-03-05 16:21:46,1.445194334
1_8,matched,2127 BCE-05-07 05:35:46,2127 BCE-05-07 05:35:45,-1.426948607
1_8,matched,2127 BCE-06-01 05:47:27,2127 BCE-06-01 05:47:25,-1.599216834
1_8,matched,2127 BCE-08-03 14:40:46,2127 BCE-08-03 14:40:46,-0.015399233
1_8,matched,2127 BCE-08-27 19:20:37,2127 BCE-08-27 19:20:35,-1.989438012
1_8,matched,2127 BCE-10-30 23:39:31,2127 BCE-10-30 23:39:33,1.939247176
1_8,matched,2127 BCE-11-23 08:59:06,2127 BCE-11-23 08:59:07,0.621933863
1_8,matched,2126 BCE-01-27 08:29:23,2126 BCE-01-27 08:29:24,0.661654025
1_8,matched,2126 BCE-02-18 22:47:07,2126 BCE-02-18 22:47:09,1.720529795
1_8,matched,2126 BCE-04-25 17:13:36,2126 BCE-04-25 17:13:35,-0.829385966
1_8,matched,2126 BCE-05-17 12:41:54,2126 BCE-05-17 12:41:55,0.744343176
1_8,matched,2126 BCE-07-23 01:54:30,2126 BCE-07-23 01:54:29,-1.176839322
1_8,matched,2126 BCE-08-13 02:38:47,2126 BCE-08-13 02:38:46,-0.869870558
1_8,matched,2126 BCE-10-19 10:30:08,2126 BCE-10-19 10:30:07,-0.671269745
1_8,matched,2126 BCE-11-08 16:38:53,2126 BCE-11-08 16:38:52,-0.906402245
1_8,matched,2125 BCE-01-15 19:04:49,2125 BCE-01-15 19:04:49,0.426752865
1_8,matched,2125 BCE-02-04 06:38:47,2125 BCE-02-04 06:38:47,0.101719424
1_8,matched,2125 BCE-04-13 03:39:30,2125 BCE-04-13 03:39:31,1.386202499
1_8,matched,2125 BCE-05-01 20:40:03,2125 BCE-05-01 20:40:04,1.320270449
1_8,matched,2125 BCE-07-10 12:20:14,2125 BCE-07-10 12:20:15,1.428417116
1_8,matched,2125 BCE-07-28 10:37:32,2125 BCE-07-28 10:37:33,1.291664690
1_8,matched,2125 BCE-10-06 21:08:15,2125 BCE-10-06 21:08:15,-0.143229961
1_8,matched,2125 BCE-10-24 00:25:01,2125 BCE-10-24 00:25:01,-0.318867713
1_8,matched,2124 BCE-01-03 06:02:54,2124 BCE-01-03 06:02:54,-0.321291760
1_8,matched,2124 BCE-01-19 14:04:11,2124 BCE-01-19 14:04:10,-0.647129864
1_8,matched,2124 BCE-04-01 15:11:09,2124 BCE-04-01 15:11:07,-1.529955491
1_8,matched,2124 BCE-04-17 03:28:10,2124 BCE-04-17 03:28:08,-1.665490866
1_8,matched,2124 BCE-06-29 00:41:25,2124 BCE-06-29 00:41:24,-1.376516372
1_8,matched,2124 BCE-07-13 16:32:45,2124 BCE-07-13 16:32:46,0.504674390
1_8,matched,2124 BCE-09-25 10:37:36,2124 BCE-09-25 10:37:38,1.948681846
1_8,matched,2124 BCE-10-09 05:13:12,2124 BCE-10-09 05:13:15,3.266628832
1_8,matched,2124 BCE-12-22 21:07:58,2124 BCE-12-22 21:08:02,3.503873572
1_8,matched,2123 BCE-01-04 17:16:18,2123 BCE-01-04 17:16:18,-0.067048520
1_8,matched,2123 BCE-03-21 08:18:02,2123 BCE-03-21 08:18:02,0.186983496
1_8,matched,2123 BCE-04-02 04:37:39,2123 BCE-04-02 04:37:35,-4.294977710
1_8,matched,2123 BCE-06-17 20:31:28,2123 BCE-06-17 20:31:22,-6.122648343
1_8,matched,2123 BCE-06-28 14:55:39,2123 BCE-06-28 14:55:40,0.689716637
1_8,matched,2123 BCE-09-14 10:12:09,2123 BCE-09-14 10:12:10,1.486865804
1_8,matched,2123 BCE-09-23 23:47:52,2123 BCE-09-23 23:47:59,7.321314141
1_8,matched,2123 BCE-12-12 01:52:52,2123 BCE-12-12 01:53:01,8.691061288
1_8,matched,2123 BCE-12-20 06:41:24,2123 BCE-12-20 06:41:15,-8.634312451
1_8,matched,2122 BCE-03-10 20:59:13,2122 BCE-03-10 20:58:59,-14.281525835
1_8,matched,2122 BCE-03-17 10:05:14,2122 BCE-03-17 10:05:20,6.266532093
1_8,matched,2122 BCE-06-07 23:23:57,2122 BCE-06-07 23:24:23,26.243450493
1_8,matched,2122 BCE-06-12 06:11:12,2122 BCE-06-12 06:10:52,-20.209968835
1_8,matched,2031 BCE-06-22 00:04:30,2031 BCE-06-22 00:04:30,0.234689936
1_8,matched,2031 BCE-06-27 05:05:12,2031 BCE-06-27 05:05:13,0.610316545
1_8,matched,2031 BCE-09-16 19:32:20,2031 BCE-09-16 19:32:20,0.035405159
1_8,matched,2031 BCE-09-24 08:07:03,2031 BCE-09-24 08:07:03,0.477758422
1_8,matched,2031 BCE-12-12 21:53:29,2031 BCE-12-12 21:53:29,-0.366453454
1_8,matched,2031 BCE-12-22 04:16:50,2031 BCE-12-22 04:16:50,-0.019342080
1_8,matched,2030 BCE-03-10 03:50:35,2030 BCE-03-10 03:50:35,-0.370215252
1_8,matched,2030 BCE-03-20 20:47:27,2030 BCE-03-20 20:47:27,0.128534809
1_8,matched,2030 BCE-06-05 12:04:29,2030 BCE-06-05 12:04:28,-0.525746495
1_8,matched,2030 BCE-06-17 11:02:48,2030 BCE-06-17 11:02:48,-0.406233966
1_8,matched,2030 BCE-08-31 21:53:18,2030 BCE-08-31 21:53:18,-0.348328426
1_8,matched,2030 BCE-09-13 23:42:19,2030 BCE-09-13 23:42:19,-0.322136655
1_8,matched,2030 BCE-11-27 08:58:28,2030 BCE-11-27 08:58:28,-0.174561515
1_8,matched,2030 BCE-12-11 11:09:39,2030 BCE-12-11 11:09:39,0.466161221
1_8,matched,2029 BCE-02-22 20:58:21,2029 BCE-02-22 20:58:21,-0.089468434
1_8,matched,2029 BCE-03-08 21:39:57,2029 BCE-03-08 21:39:57,0.359030440
1_8,matched,2029 BCE-05-20 09:47:14,2029 BCE-05-20 09:47:14,-0.030446425
1_8,matched,2029 BCE-06-05 07:20:40,2029 BCE-06-05 07:20:41,0.582917780
1_8,matched,2029 BCE-08-15 23:12:51,2029 BCE-08-15 23:12:50,-0.596597046
1_8,matched,2029 BCE-09-01 16:24:46,2029 BCE-09-01 16:24:46,0.007744879
1_8,matched,2029 BCE-11-11 13:09:03,2029 BCE-11-11 13:09:03,-0.280163437
1_8,matched,2029 BCE-11-29 00:59:35,2029 BCE-11-29 00:59:35,0.241418928
1_8,matched,2028 BCE-02-07 03:36:08,2028 BCE-02-07 03:36:08,-0.484970212
1_8,matched,2028 BCE-02-25 09:07:34,2028 BCE-02-25 09:07:34,-0.089277327
1_8,matched,2028 BCE-05-05 18:22:28,2028 BCE-05-05 18:22:28,0.252784789
1_8,matched,2028 BCE-05-24 16:54:23,2028 BCE-05-24 16:54:23,-0.075286254
1_8,matched,2028 BCE-08-01 09:25:53,2028 BCE-08-01 09:25:53,-0.193712488
1_8,matched,2028 BCE-08-21 00:21:44,2028 BCE-08-21 00:21:44,0.356244296
1_8,matched,2028 BCE-10-28 00:42:33,2028 BCE-10-28 00:42:33,-0.103479624
1_8,matched,2028 BCE-11-17 07:37:41,2028 BCE-11-17 07:37:41,0.084419176
1_8,matched,2027 BCE-01-23 16:10:03,2027 BCE-01-23 16:10:03,-0.315739587
1_8,matched,2027 BCE-02-13 14:43:37,2027 BCE-02-13 14:43:38,0.596003607
1_8,matched,2027 BCE-04-21 07:49:21,2027 BCE-04-21 07:49:21,-0.367026776
1_8,matched,2027 BCE-05-12 21:41:56,2027 BCE-05-12 21:41:56,0.364039466
1_8,matched,2027 BCE-07-17 23:30:22,2027 BCE-07-17 23:30:22,0.471944734
1_8,matched,2027 BCE-08-09 04:35:42,2027 BCE-08-09 04:35:43,0.518826395
1_8,matched,2027 BCE-10-13 15:11:56,2027 BCE-10-13 15:11:56,0.244003907
1_8,matched,2027 BCE-11-05 11:27:32,2027 BCE-11-05 11:27:32,0.242153183
1_8,matched,2026 BCE-01-09 06:54:32,2026 BCE-01-09 06:54:32,0.293369964
1_8,matched,2026 BCE-02-01 18:19:58,2026 BCE-02-01 18:19:58,-0.278694928
1_8,matched,2026 BCE-04-06 22:34:51,2026 BCE-04-06 22:34:51,-0.378181413
1_8,matched,2026 BCE-05-01 01:16:21,2026 BCE-05-01 01:16:21,-0.210902095
1_8,matched,2026 BCE-07-03 14:12:01,2026 BCE-07-03 14:12:01,-0.272891298
1_8,matched,2026 BCE-07-28 08:17:28,2026 BCE-07-28 08:17:27,-0.547532737
1_8,matched,2026 BCE-09-29 05:39:09,2026 BCE-09-29 05:39:09,0.028545409
1_8,matched,2026 BCE-10-24 15:27:05,2026 BCE-10-24 15:27:05,-0.373393670
1_8,matched,2026 BCE-12-25 20:57:23,2026 BCE-12-25 20:57:24,0.514430925
1_8,matched,2025 BCE-01-20 22:44:27,2025 BCE-01-20 22:44:27,0.092918426
1_8,matched,2025 BCE-03-22 12:08:55,2025 BCE-03-22 12:08:55,0.383844227
1_8,matched,2025 BCE-04-18 06:11:04,2025 BCE-04-18 06:11:04,-0.164644048
1_8,matched,2025 BCE-06-18 03:08:41,2025 BCE-06-18 03:08:41,-0.345793739
1_8,matched,2025 BCE-07-15 13:51:53,2025 BCE-07-15 13:51:53,-0.352522731
1_8,matched,2025 BCE-09-13 17:54:36,2025 BCE-09-13 17:54:36,-0.311655924
1_8,matched,2025 BCE-10-11 21:44:43,2025 BCE-10-11 21:44:43,0.064694881
1_8,matched,2025 BCE-12-10 08:26:09,2025 BCE-12-10 08:26:09,-0.340402499
1_8,matched,2024 BCE-01-08 05:52:11,2024 BCE-01-08 05:52:11,0.196558982
1_8,matched,2024 BCE-03-07 22:44:25,2024 BCE-03-07 22:44:25,0.384327024
1_8,matched,2024 BCE-04-06 14:11:50,2024 BCE-04-06 14:11:50,0.420597196
1_8,matched,2024 BCE-06-03 12:53:25,2024 BCE-06-03 12:53:25,0.086018443
1_8,matched,2024 BCE-07-03 22:46:41,2024 BCE-07-03 22:46:41,-0.451536477
1_8,matched,2024 BCE-08-30 02:44:58,2024 BCE-08-30 02:44:58,-0.153207779
1_8,matched,2024 BCE-09-30 07:37:32,2024 BCE-09-30 07:37:32,0.425314531
1_8,matched,2024 BCE-11-25 16:22:05,2024 BCE-11-25 16:22:05,-0.270567834
1_8,matched,2024 BCE-12-27 16:40:25,2024 BCE-12-27 16:40:25,0.077529252
1_8,matched,2023 BCE-02-21 05:47:12,2023 BCE-02-21 05:47:11,-0.526058301
1_8,matched,2023 BCE-03-26 01:55:23,2023 BCE-03-26 01:55:23,-0.013196468
1_8,matched,2023 BCE-05-19 19:01:32,2023 BCE-05-19 19:01:32,0.411172584
1_8,matched,2023 BCE-06-22 11:23:01,2023 BCE-06-22 11:23:01,-0.209353119
1_8,matched,2023 BCE-08-15 08:07:17,2023 BCE-08-15 08:07:17,-0.372991338
1_8,matched,2023 BCE-09-18 21:03:16,2023 BCE-09-18 21:03:16,0.016183779
1_8,matched,2023 BCE-11-10 20:59:22,2023 BCE-11-10 20:59:22,-0.276441872
1_8,matched,2023 BCE-12-16 06:54:10,2023 BCE-12-16 06:54:10,-0.175859034
1_8,matched,2022 BCE-02-06 09:42:35,2022 BCE-02-06 09:42:35,0.434940308
1_8,matched,2022 BCE-03-14 16:49:34,2022 BCE-03-14 16:49:34,-0.157804415
1_8,matched,2022 BCE-05-04 22:21:44,2022 BCE-05-04 22:21:44,-0.071554631
1_8,matched,2022 BCE-06-11 02:51:40,2022 BCE-06-11 02:51:40,-0.006547943
1_8,matched,2022 BCE-07-31 10:54:08,2022 BCE-07-31 10:54:08,0.037970021
1_8,matched,2022 BCE-09-07 13:00:20,2022 BCE-09-07 13:00:20,-0.469490513
1_8,matched,2022 BCE-10-26 23:24:49,2022 BCE-10-26 23:24:49,-0.453970581
1_8,matched,2022 BCE-12-04 23:13:25,2022 BCE-12-04 23:13:25,-0.026765093
1_8,matched,2021 BCE-01-22 11:50:36,2021 BCE-01-22 11:50:36,0.007624179
1_8,matched,2021 BCE-03-02 09:26:23,2021 BCE-03-02 09:26:23,0.115187466
1_8,matched,2021 BCE-04-19 00:16:49,2021 BCE-04-19 00:16:49,-0.401939079
1_8,matched,2021 BCE-05-29 19:36:21,2021 BCE-05-29 19:36:21,0.069351867
1_8,matched,2021 BCE-07-15 12:45:23,2021 BCE-07-15 12:45:23,0.335041434
1_8,matched,2021 BCE-08-26 05:45:36,2021 BCE-08-26 05:45:36,-0.308628380
1_8,matched,2021 BCE-10-11 01:14:38,2021 BCE-10-11 01:14:38,-0.169643015
1_8,matched,2021 BCE-11-22 15:54:11,2021 BCE-11-22 15:54:11,-0.341046229
1_8,matched,2020 BCE-01-06 13:49:16,2020 BCE-01-06 13:49:16,0.171916187
1_8,matched,2020 BCE-02-19 01:55:22,2020 BCE-02-19 01:55:22,-0.202141330
1_8,matched,2020 BCE-04-04 02:29:40,2020 BCE-04-04 02:29:40,-0.041761994
1_8,matched,2020 BCE-05-18 11:48:48,2020 BCE-05-18 11:48:48,-0.197051838
1_8,matched,2020 BCE-06-30 15:16:18,2020 BCE-06-30 15:16:18,-0.298338756
1_8,matched,2020 BCE-08-14 21:33:46,2020 BCE-08-14 21:33:46,-0.218828022
1_8,matched,2020 BCE-09-26 04:12:18,2020 BCE-09-26 04:12:17,-0.555609539
1_8,matched,2020 BCE-11-11 07:11:29,2020 BCE-11-11 07:11:29,-0.380856916
1_8,matched,2020 BCE-12-22 17:16:03,2020 BCE-12-22 17:16:03,0.157301500
1_8,matched,2019 BCE-02-07 16:39:43,2019 BCE-02-07 16:39:43,0.168436021
1_8,matched,2019 BCE-03-20 06:32:18,2019 BCE-03-20 06:32:18,-0.331963599
1_8,matched,2019 BCE-05-07 01:51:59,2019 BCE-05-07 01:51:59,0.467740372
1_8,matched,2019 BCE-06-15 20:00:52,2019 BCE-06-15 20:00:52,0.246961042
1_8,matched,2019 BCE-08-03 10:53:35,2019 BCE-08-03 10:53:35,-0.138794258
1_8,matched,2019 BCE-09-11 09:39:15,2019 BCE-09-11 09:39:15,-0.193058699
1_8,matched,2019 BCE-10-30 19:43:03,2019 BCE-10-30 19:43:03,0.488882884
1_8,matched,2019 BCE-12-07 23:32:26,2019 BCE-12-07 23:32:26,0.209946558
1_8,matched,2018 BCE-01-27 04:19:56,2018 BCE-01-27 04:19:56,0.411584973
1_8,matched,2018 BCE-03-05 13:39:09,2018 BCE-03-05 13:39:09,0.383995101
1_8,matched,2018 BCE-04-25 12:40:46,2018 BCE-04-25 12:40:46,-0.400058180
1_8,matched,2018 BCE-06-01 04:01:24,2018 BCE-06-01 04:01:24,0.166806579
1_8,matched,2018 BCE-07-22 20:44:08,2018 BCE-07-22 20:44:08,-0.404896215
1_8,matched,2018 BCE-08-27 18:38:15,2018 BCE-08-27 18:38:14,-0.556957349
1_8,matched,2018 BCE-10-19 04:34:56,2018 BCE-10-19 04:34:56,-0.262521207
1_8,matched,2018 BCE-11-23 09:26:49,2018 BCE-11-23 09:26:49,-0.155682117
1_8,matched,2017 BCE-01-15 12:11:59,2017 BCE-01-15 12:11:59,-0.135796890
1_8,matched,2017 BCE-02-19 00:34:10,2017 BCE-02-19 00:34:09,-0.513938069
1_8,matched,2017 BCE-04-12 19:33:06,2017 BCE-04-12 19:33:06,-0.018919632
1_8,matched,2017 BCE-05-16 15:56:13,2017 BCE-05-16 15:56:13,-0.263325870
1_8,matched,2017 BCE-07-10 02:39:32,2017 BCE-07-10 02:39:32,0.362752005
1_8,matched,2017 BCE-08-12 07:30:05,2017 BCE-08-12 07:30:05,-0.251577795
1_8,matched,2017 BCE-10-06 09:30:45,2017 BCE-10-06 09:30:46,0.513002649
1_8,matched,2017 BCE-11-07 23:17:12,2017 BCE-11-07 23:17:12,0.366845727
1_8,matched,2016 BCE-01-02 16:11:30,2016 BCE-01-02 16:11:30,-0.270970166
1_8,matched,2016 BCE-02-03 15:15:04,2016 BCE-02-03 15:15:04,0.479971245
1_8,matched,2016 BCE-03-31 22:39:36,2016 BCE-03-31 22:39:36,0.494143367
1_8,matched,2016 BCE-05-02 07:30:24,2016 BCE-05-02 07:30:24,-0.186621398
1_8,matched,2016 BCE-06-28 04:55:45,2016 BCE-06-28 04:55:45,-0.080255046
1_8,matched,2016 BCE-07-28 23:53:05,2016 BCE-07-28 23:53:05,0.372709706
1_8,matched,2016 BCE-09-24 11:04:31,2016 BCE-09-24 11:04:31,-0.352180749
1_8,matched,2016 BCE-10-24 16:20:00,2016 BCE-10-24 16:19:59,-0.271161273
1_8,matched,2016 BCE-12-21 17:06:04,2016 BCE-12-21 17:06:04,-0.171966478
1_8,matched,2015 BCE-01-20 08:54:16,2015 BCE-01-20 08:54:16,-0.233070552
1_8,matched,2015 BCE-03-19 23:02:49,2015 BCE-03-19 23:02:49,-0.198791921
1_8,matched,2015 BCE-04-18 01:33:18,2015 BCE-04-18 01:33:18,0.352482498
1_8,matched,2015 BCE-06-16 04:57:34,2015 BCE-06-16 04:57:34,0.488973409
1_8,matched,2015 BCE-07-14 18:15:43,2015 BCE-07-14 18:15:43,0.426772982
1_8,matched,2015 BCE-09-12 10:52:10,2015 BCE-09-12 10:52:10,0.300229713
1_8,matched,2015 BCE-10-10 10:53:09,2015 BCE-10-10 10:53:09,0.373433903
1_8,matched,2015 BCE-12-09 16:54:35,2015 BCE-12-09 16:54:35,0.110329315
1_8,matched,2014 BCE-01-06 03:21:09,2014 BCE-01-06 03:21:09,0.381208956
1_8,matched,2014 BCE-03-07 23:02:38,2014 BCE-03-07 23:02:38,0.287123770
1_8,matched,2014 BCE-04-03 19:45:05,2014 BCE-04-03 19:45:04,-0.563324243
1_8,matched,2014 BCE-06-04 05:21:29,2014 BCE-06-04 05:21:29,-0.444173813
1_8,matched,2014 BCE-06-30 11:55:57,2014 BCE-06-30 11:55:57,-0.325073674
1_8,matched,2014 BCE-08-31 11:58:34,2014 BCE-08-31 11:58:34,0.053691119
1_8,matched,2014 BCE-09-26 03:48:48,2014 BCE-09-26 03:48:48,-0.417921692
1_8,matched,2014 BCE-11-27 18:55:21,2014 BCE-11-27 18:55:21,-0.309392810
1_8,matched,2014 BCE-12-22 19:18:07,2014 BCE-12-22 19:18:07,-0.050774217
1_8,matched,2013 BCE-02-24 02:20:00,2013 BCE-02-24 02:20:00,0.032900646
1_8,matched,2013 BCE-03-19 10:19:12,2013 BCE-03-19 10:19:12,0.100170448
1_8,matched,2013 BCE-05-22 10:13:20,2013 BCE-05-22 10:13:20,-0.184499100
1_8,matched,2013 BCE-06-15 00:52:24,2013 BCE-06-15 00:52:24,-0.026392937
1_8,matched,2013 BCE-08-18 18:46:12,2013 BCE-08-18 18:46:12,-0.481399521
1_8,matched,2013 BCE-09-10 14:45:24,2013 BCE-09-10 14:45:24,0.372860581
1_8,matched,2013 BCE-11-15 04:06:11,2013 BCE-11-15 04:06:11,-0.385393202
1_8,matched,2013 BCE-12-07 03:50:07,2013 BCE-12-07 03:50:07,0.186138600
1_8,matched,2012 BCE-02-11 14:14:16,2012 BCE-02-11 14:14:16,0.433622673
1_8,matched,2012 BCE-03-04 16:05:52,2012 BCE-03-04 16:05:52,-0.373403728
1_8,matched,2012 BCE-05-11 01:22:07,2012 BCE-05-11 01:22:07,0.033061579
1_8,matched,2012 BCE-05-31 03:20:29,2012 BCE-05-31 03:20:29,0.113618374
1_8,matched,2012 BCE-08-07 13:41:30,2012 BCE-08-07 13:41:30,0.487595424
1_8,matched,2012 BCE-08-26 13:27:19,2012 BCE-08-26 13:27:19,-0.225697830
1_8,matched,2012 BCE-11-04 03:28:13,2012 BCE-11-04 03:28:13,0.225717947
1_8,matched,2012 BCE-11-21 22:05:58,2012 BCE-11-21 22:05:58,0.404312834
1_8,matched,2011 BCE-01-31 18:59:35,2011 BCE-01-31 18:59:35,0.132517889
1_8,matched,2011 BCE-02-17 04:59:28,2011 BCE-02-17 04:59:28,-0.186681747
1_8,matched,2011 BCE-04-30 12:31:43,2011 BCE-04-30 12:31:43,0.056990236
1_8,matched,2011 BCE-05-15 09:52:09,2011 BCE-05-15 09:52:09,0.316443667
1_8,matched,2011 BCE-07-28 08:56:06,2011 BCE-07-28 08:56:06,0.364180282
1_8,matched,2011 BCE-08-10 11:52:13,2011 BCE-08-10 11:52:13,-0.258075446
1_8,matched,2011 BCE-10-25 09:31:29,2011 BCE-10-25 09:31:29,0.218898430
1_8,matched,2011 BCE-11-05 09:46:19,2011 BCE-11-05 09:46:19,0.172409043
1_8,matched,2010 BCE-01-22 17:12:12,2010 BCE-01-22 17:12:12,0.248691067
1_8,matched,2010 BCE-01-31 00:34:13,2010 BCE-01-31 00:34:13,-0.171443447
1_8,matched,2010 BCE-04-22 20:28:02,2010 BCE-04-22 20:28:03,0.504704565
1_8,matched,2010 BCE-04-26 19:46:31,2010 BCE-04-26 19:46:31,-0.474952161
1_8,matched,1976 BCE-01-11 08:11:35,1976 BCE-01-11 08:11:35,0.304444134
1_8,matched,1976 BCE-01-12 01:38:33,1976 BCE-01-12 01:38:33,-0.257250667
1_8,matched,1976 BCE-04-05 20:25:26,1976 BCE-04-05 20:25:26,0.296779722
1_8,matched,1976 BCE-04-13 12:00:00,1976 BCE-04-13 12:00:00,0.107321888
1_8,matched,1976 BCE-07-01 05:54:13,1976 BCE-07-01 05:54:13,0.471703336
1_8,matched,1976 BCE-07-12 01:03:44,1976 BCE-07-12 01:03:44,-0.360509008
1_8,matched,1976 BCE-09-26 00:17:06,1976 BCE-09-26 00:17:06,-0.412550569
1_8,matched,1976 BCE-10-09 05:07:51,1976 BCE-10-09 05:07:51,-0.329660252
1_8,matched,1976 BCE-12-21 23:29:55,1976 BCE-12-21 23:29:56,0.507691875
1_8,matched,1975 BCE-01-06 04:22:10,1975 BCE-01-06 04:22:10,-0.308105350
1_8,matched,1975 BCE-03-19 01:49:56,1975 BCE-03-19 01:49:56,-0.034147874
1_8,matched,1975 BCE-04-05 00:30:15,1975 BCE-04-05 00:30:15,0.248741359
1_8,matched,1975 BCE-06-14 06:29:16,1975 BCE-06-14 06:29:16,-0.312199071
1_8,matched,1975 BCE-07-02 18:19:40,1975 BCE-07-02 18:19:40,-0.311665982
1_8,matched,1975 BCE-09-09 12:53:35,1975 BCE-09-09 12:53:35,-0.181310624
1_8,matched,1975 BCE-09-29 10:21:53,1975 BCE-09-29 10:21:53,0.203499198
1_8,matched,1975 BCE-12-05 20:49:09,1975 BCE-12-05 20:49:09,0.154022500
1_8,matched,1975 BCE-12-27 00:48:29,1975 BCE-12-27 00:48:29,0.295431912
1_8,matched,1974 BCE-03-03 06:06:27,1974 BCE-03-03 06:06:27,0.026061013
1_8,matched,1974 BCE-03-25 13:56:32,1974 BCE-03-25 13:56:32,-0.095624104
1_8,matched,1974 BCE-05-29 16:26:55,1974 BCE-05-29 16:26:55,-0.110671297
1_8,matched,1974 BCE-06-22 02:02:40,1974 BCE-06-22 02:02:40,-0.289698690
1_8,matched,1974 BCE-08-25 03:44:51,1974 BCE-08-25 03:44:51,0.342836604
1_8,matched,1974 BCE-09-18 13:10:04,1974 BCE-09-18 13:10:03,-0.519460067
1_8,matched,1974 BCE-11-20 15:53:25,1974 BCE-11-20 15:53:25,0.143290311
1_8,matched,1974 BCE-12-15 23:25:15,1974 BCE-12-15 23:25:15,-0.271211565
1_8,matched,1973 BCE-02-16 04:49:14,1973 BCE-02-16 04:49:14,-0.284307450
1_8,matched,1973 BCE-03-13 08:52:01,1973 BCE-03-13 08:52:01,0.118838623
1_8,matched,1973 BCE-05-13 18:28:24,1973 BCE-05-13 18:28:24,0.213577598
1_8,matched,1973 BCE-06-09 17:39:08,1973 BCE-06-09 17:39:07,-0.516472757
1_8,matched,1973 BCE-08-09 08:41:42,1973 BCE-08-09 08:41:42,0.406042859
1_8,matched,1973 BCE-09-06 01:54:38,1973 BCE-09-06 01:54:38,-0.390573218
1_8,matched,1973 BCE-11-04 23:26:09,1973 BCE-11-04 23:26:09,-0.041047856
1_8,matched,1973 BCE-12-03 09:34:35,1973 BCE-12-03 09:34:35,-0.221262127
1_8,matched,1972 BCE-01-31 14:40:45,1972 BCE-01-31 14:40:45,-0.113517791
1_8,matched,1972 BCE-03-01 16:45:54,1972 BCE-03-01 16:45:54,0.214643776
1_8,matched,1972 BCE-04-29 06:18:15,1972 BCE-04-29 06:18:15,-0.362057984
1_8,matched,1972 BCE-05-28 23:34:32,1972 BCE-05-28 23:34:31,-0.563585758
1_8,matched,1972 BCE-07-25 22:18:36,1972 BCE-07-25 22:18:36,-0.272076577
1_8,matched,1972 BCE-08-25 06:04:57,1972 BCE-08-25 06:04:57,0.099908933
1_8,matched,1972 BCE-10-21 14:35:53,1972 BCE-10-21 14:35:53,-0.007423013
1_8,matched,1972 BCE-11-21 12:18:37,1972 BCE-11-21 12:18:37,0.377447158
1_8,matched,1971 BCE-01-17 07:08:35,1971 BCE-01-17 07:08:35,-0.060772151
1_8,matched,1971 BCE-02-17 18:13:02,1971 BCE-02-17 18:13:02,0.158900768
1_8,matched,1971 BCE-04-14 23:54:28,1971 BCE-04-14 23:54:28,0.034479797
1_8,matched,1971 BCE-05-16 23:57:36,1971 BCE-05-16 23:57:36,-0.254524872
1_8,matched,1971 BCE-07-11 16:46:40,1971 BCE-07-11 16:46:40,0.055934116
1_8,matched,1971 BCE-08-13 05:36:37,1971 BCE-08-13 05:36:37,0.338893756
1_8,matched,1971 BCE-10-07 09:46:31,1971 BCE-10-07 09:46:31,0.423423573
1_8,matched,1971 BCE-11-09 11:10:38,1971 BCE-11-09 11:10:38,0.006698817
1_8,matched,1970 BCE-01-03 02:51:42,1970 BCE-01-03 02:51:42,0.008418784
1_8,matched,1970 BCE-02-05 16:39:28,1970 BCE-02-05 16:39:28,-0.061073899
1_8,matched,1970 BCE-03-31 19:57:23,1970 BCE-03-31 19:57:23,-0.183121115
1_8,matched,1970 BCE-05-04 22:05:53,1970 BCE-05-04 22:05:53,0.147303566
1_8,matched,1970 BCE-06-27 13:02:43,1970 BCE-06-27 13:02:43,-0.472930446
1_8,matched,1970 BCE-08-01 03:35:35,1970 BCE-08-01 03:35:35,0.390834734
1_8,matched,1970 BCE-09-23 06:01:50,1970 BCE-09-23 06:01:50,0.339577720
1_8,matched,1970 BCE-10-28 09:11:51,1970 BCE-10-28 09:11:51,-0.272388384
1_8,matched,1970 BCE-12-19 22:59:17,1970 BCE-12-19 22:59:17,0.271322206
1_8,matched,1969 BCE-01-24 14:51:01,1969 BCE-01-24 14:51:01,0.080798194
1_8,matched,1969 BCE-03-16 15:50:40,1969 BCE-03-16 15:50:40,-0.144879520
1_8,matched,1969 BCE-04-21 20:38:02,1969 BCE-04-21 20:38:02,0.405167788
1_8,matched,1969 BCE-06-12 08:31:01,1969 BCE-06-12 08:31:01,0.026181713
1_8,matched,1969 BCE-07-19 02:34:14,1969 BCE-07-19 02:34:14,0.019603595
1_8,matched,1969 BCE-09-08 01:01:19,1969 BCE-09-08 01:01:19,0.408698246
1_8,matched,1969 BCE-10-15 08:42:56,1969 BCE-10-15 08:42:56,0.346025079
1_8,matched,1969 BCE-12-04 17:19:35,1969 BCE-12-04 17:19:35,0.277005136
1_8,matched,1968 BCE-01-11 15:04:51,1968 BCE-01-11 15:04:51,-0.350973755
1_8,matched,1968 BCE-03-02 09:27:12,1968 BCE-03-02 09:27:12,-0.125537440
1_8,matched,1968 BCE-04-09 21:37:59,1968 BCE-04-09 21:37:59,0.499997288
1_8,matched,1968 BCE-05-29 01:19:42,1968 BCE-05-29 01:19:42,0.407642126
1_8,matched,1968 BCE-07-07 04:27:37,1968 BCE-07-07 04:27:37,0.209735334
1_8,matched,1968 BCE-08-24 16:53:56,1968 BCE-08-24 16:53:56,0.200592354
1_8,matched,1968 BCE-10-03 11:33:56,1968 BCE-10-03 11:33:56,0.189337134
1_8,matched,1968 BCE-11-20 08:14:43,1968 BCE-11-20 08:14:43,-0.149566680
1_8,matched,1968 BCE-12-30 18:55:51,1968 BCE-12-30 18:55:51,-0.431540608
1_8,matched,1967 BCE-02-15 23:21:06,1967 BCE-02-15 23:21:06,-0.082749501
1_8,matched,1967 BCE-03-29 02:35:00,1967 BCE-03-29 02:35:00,0.240543857
1_8,matched,1967 BCE-05-14 14:10:06,1967 BCE-05-14 14:10:06,-0.009796768
1_8,matched,1967 BCE-06-25 10:29:29,1967 BCE-06-25 10:29:29,-0.444425270
1_8,matched,1967 BCE-08-10 04:41:04,1967 BCE-08-10 04:41:04,0.243048370
1_8,matched,1967 BCE-09-21 18:43:17,1967 BCE-09-21 18:43:17,-0.260419026
1_8,matched,1967 BCE-11-05 18:53:04,1967 BCE-11-05 18:53:04,0.428583473
1_8,matched,1967 BCE-12-19 03:13:41,1967 BCE-12-19 03:13:41,-0.328543782
1_8,matched,1966 BCE-02-01 08:52:48,1966 BCE-02-01 08:52:48,0.180626661
1_8,matched,1966 BCE-03-17 11:59:51,1966 BCE-03-17 11:59:51,-0.019231439
1_8,matched,1966 BCE-04-29 22:38:15,1966 BCE-04-29 22:38:15,-0.226019695
1_8,matched,1966 BCE-06-13 21:02:29,1966 BCE-06-13 21:02:29,0.412731618
1_8,matched,1966 BCE-07-26 12:05:59,1966 BCE-07-26 12:05:59,0.313828513
1_8,matched,1966 BCE-09-10 06:18:24,1966 BCE-09-10 06:18:24,-0.208960846
1_8,matched,1966 BCE-10-22 01:19:36,1966 BCE-10-22 01:19:36,-0.429961458
1_8,matched,1966 BCE-12-07 15:47:55,1966 BCE-12-07 15:47:55,-0.233100727
1_8,matched,1965 BCE-01-17 14:20:51,1965 BCE-01-17 14:20:51,-0.075547770
1_8,matched,1965 BCE-03-05 01:28:46,1965 BCE-03-05 01:28:46,-0.280797109
1_8,matched,1965 BCE-04-14 03:14:00,1965 BCE-04-14 03:13:59,-0.322015956
1_8,matched,1965 BCE-06-01 11:20:55,1965 BCE-06-01 11:20:55,-0.487655774
1_8,matched,1965 BCE-07-10 15:58:28,1965 BCE-07-10 15:58:29,0.527074188
1_8,matched,1965 BCE-08-28 21:22:15,1965 BCE-08-28 21:22:15,0.188411772
1_8,matched,1965 BCE-10-06 04:31:03,1965 BCE-10-06 04:31:03,-0.458114594
1_8,matched,1965 BCE-11-25 07:28:44,1965 BCE-11-25 07:28:44,0.144477189
1_8,matched,1964 BCE-01-01 17:00:08,1964 BCE-01-01 17:00:08,0.443711132
1_8,matched,1964 BCE-02-21 17:38:48,1964 BCE-02-21 17:38:48,-0.056728721
1_8,matched,1964 BCE-03-30 05:25:06,1964 BCE-03-30 05:25:06,0.358869508
1_8,matched,1964 BCE-05-21 03:53:52,1964 BCE-05-21 03:53:52,-0.288210064
1_8,matched,1964 BCE-06-25 17:49:38,1964 BCE-06-25 17:49:38,0.374570489
1_8,matched,1964 BCE-08-17 14:09:27,1964 BCE-08-17 14:09:27,-0.090534613
1_8,matched,1964 BCE-09-21 06:12:57,1964 BCE-09-21 06:12:57,-0.349595770
1_8,matched,1964 BCE-11-14 00:24:55,1964 BCE-11-14 00:24:55,-0.082648918
1_8,matched,1964 BCE-12-17 18:36:06,1964 BCE-12-17 18:36:06,0.389617682
1_8,matched,1963 BCE-02-10 10:34:59,1963 BCE-02-10 10:34:59,0.068245456
1_8,matched,1963 BCE-03-15 07:05:03,1963 BCE-03-15 07:05:03,0.374027342
1_8,matched,1963 BCE-05-09 20:41:36,1963 BCE-05-09 20:41:36,-0.325727463
1_8,matched,1963 BCE-06-10 19:38:14,1963 BCE-06-10 19:38:14,-0.070418045
1_8,matched,1963 BCE-08-06 06:44:59,1963 BCE-08-06 06:44:59,0.440311432
1_8,matched,1963 BCE-09-06 08:16:09,1963 BCE-09-06 08:16:09,-0.057573617
1_8,matched,1963 BCE-11-02 16:40:12,1963 BCE-11-02 16:40:12,-0.494485348
1_8,matched,1963 BCE-12-02 21:01:47,1963 BCE-12-02 21:01:47,0.288753211
1_8,matched,1962 BCE-01-30 02:27:02,1962 BCE-01-30 02:27:02,-0.122308731
1_8,matched,1962 BCE-02-28 09:54:16,1962 BCE-02-28 09:54:16,-0.114302337
1_8,matched,1962 BCE-04-28 12:04:36,1962 BCE-04-28 12:04:36,-0.066042691
1_8,matched,1962 BCE-05-26 22:57:22,1962 BCE-05-26 22:57:22,0.280535594
1_8,matched,1962 BCE-07-25 21:34:58,1962 BCE-07-25 21:34:57,-0.526430458
1_8,matched,1962 BCE-08-22 12:08:03,1962 BCE-08-22 12:08:03,-0.266252831
1_8,matched,1962 BCE-10-22 06:57:37,1962 BCE-10-22 06:57:37,-0.010893121
1_8,matched,1962 BCE-11-18 01:27:20,1962 BCE-11-18 01:27:20,0.370064378
1_8,matched,1961 BCE-01-18 16:06:50,1961 BCE-01-18 16:06:50,0.380293652
1_8,matched,1961 BCE-02-13 14:57:37,1961 BCE-02-13 14:57:37,-0.011496618
1_8,matched,1961 BCE-04-16 01:06:47,1961 BCE-04-16 01:06:47,0.455328450
1_8,matched,1961 BCE-05-11 04:35:32,1961 BCE-05-11 04:35:32,0.046901777
1_8,matched,1961 BCE-07-13 09:59:30,1961 BCE-07-13 09:59:30,0.153841451
1_8,matched,1961 BCE-08-06 18:21:55,1961 BCE-08-06 18:21:55,0.333391875
1_8,matched,1961 BCE-10-09 18:46:18,1961 BCE-10-09 18:46:18,0.238944590
1_8,matched,1961 BCE-11-02 08:17:04,1961 BCE-11-02 08:17:04,0.421090052
1_8,matched,1960 BCE-01-06 03:24:38,1960 BCE-01-06 03:24:38,0.071423873
1_8,matched,1960 BCE-01-28 22:18:15,1960 BCE-01-28 22:18:15,0.149003416
1_8,matched,1960 BCE-04-04 11:52:20,1960 BCE-04-04 11:52:20,0.374449790
1_8,matched,1960 BCE-04-26 12:27:09,1960 BCE-04-26 12:27:09,-0.169502199
1_8,matched,1960 BCE-07-01 20:17:02,1960 BCE-07-01 20:17:02,-0.244627520
1_8,matched,1960 BCE-07-23 02:37:49,1960 BCE-07-23 02:37:49,0.247111917
1_8,matched,1960 BCE-09-28 04:40:21,1960 BCE-09-28 04:40:21,0.262742490
1_8,matched,1960 BCE-10-18 16:52:03,1960 BCE-10-18 16:52:03,-0.067189336
1_8,matched,1960 BCE-12-25 13:01:16,1960 BCE-12-25 13:01:16,0.088885054
1_8,matched,1959 BCE-01-14 07:11:24,1959 BCE-01-14 07:11:24,-0.363536552
1_8,matched,1959 BCE-03-23 21:20:14,1959 BCE-03-23 21:20:14,0.166072324
1_8,matched,1959 BCE-04-11 21:27:35,1959 BCE-04-11 21:27:35,-0.182175636
1_8,matched,1959 BCE-06-20 05:41:03,1959 BCE-06-20 05:41:03,-0.422196463
1_8,matched,1959 BCE-07-08 11:40:58,1959 BCE-07-08 11:40:58,-0.320708379
1_8,matched,1959 BCE-09-16 14:09:31,1959 BCE-09-16 14:09:31,-0.375737250
1_8,matched,1959 BCE-10-04 01:45:12,1959 BCE-10-04 01:45:12,0.079339743
1_8,matched,1959 BCE-12-13 22:48:25,1959 BCE-12-13 22:48:25,-0.485382602
1_8,matched,1959 BCE-12-30 15:42:35,1959 BCE-12-30 15:42:35,0.213004276
1_8,matched,1958 BCE-03-12 07:34:37,1958 BCE-03-12 07:34:37,-0.016586110
1_8,matched,1958 BCE-03-28 05:31:37,1958 BCE-03-28 05:31:37,0.411132351
1_8,matched,1958 BCE-06-08 16:39:47,1958 BCE-06-08 16:39:47,0.439486653
1_8,matched,1958 BCE-06-23 18:59:04,1958 BCE-06-23 18:59:05,0.567025691
1_8,matched,1958 BCE-09-05 02:07:53,1958 BCE-09-05 02:07:52,-0.558305159
1_8,matched,1958 BCE-09-19 08:02:15,1958 BCE-09-19 08:02:15,0.008106977
1_8,matched,1958 BCE-12-02 12:08:05,1958 BCE-12-02 12:08:05,0.221181661
1_8,matched,1958 BCE-12-15 20:34:37,1958 BCE-12-15 20:34:37,-0.130596757
1_8,matched,1957 BCE-02-28 22:46:08,1957 BCE-02-28 22:46:07,-0.500842184
1_8,matched,1957 BCE-03-12 08:30:09,1957 BCE-03-12 08:30:09,0.314522535
1_8,matched,1957 BCE-05-27 10:11:24,1957 BCE-05-27 10:11:24,0.370718166
1_8,matched,1957 BCE-06-07 19:37:25,1957 BCE-06-07 19:37:25,-0.483763218
1_8,matched,1957 BCE-08-23 22:51:55,1957 BCE-08-23 22:51:55,-0.058448687
1_8,matched,1957 BCE-09-03 05:26:04,1957 BCE-09-03 05:26:05,0.613022223
1_8,matched,1957 BCE-11-20 13:14:11,1957 BCE-11-20 13:14:11,-0.060359761
1_8,matched,1957 BCE-11-29 13:35:09,1957 BCE-11-29 13:35:09,0.177076086
1_8,matched,1956 BCE-02-17 06:09:55,1956 BCE-02-17 06:09:55,0.000080466
1_8,matched,1956 BCE-02-24 19:11:54,1956 BCE-02-24 19:11:54,0.423835963
1_8,matched,1956 BCE-05-17 03:39:09,1956 BCE-05-17 03:39:08,-0.596808270
1_8,matched,1956 BCE-05-22 20:15:29,1956 BCE-05-22 20:15:30,0.639586151
1_8,matched,1956 BCE-08-14 13:55:26,1956 BCE-08-14 13:55:27,0.573281944
1_8,matched,1956 BCE-08-17 08:28:27,1956 BCE-08-17 08:28:26,-0.572195649
1_8,matched,1867 BCE-12-22 00:03:54,1867 BCE-12-22 00:03:54,-0.197605044
1_8,matched,1867 BCE-12-25 08:40:53,1867 BCE-12-25 08:40:53,0.053067505
1_8,matched,1866 BCE-03-18 05:26:19,1866 BCE-03-18 05:26:19,0.133091211
1_8,matched,1866 BCE-03-25 01:50:43,1866 BCE-03-25 01:50:43,-0.109605119
1_8,matched,1866 BCE-06-13 01:49:46,1866 BCE-06-13 01:49:47,0.656725466
1_8,matched,1866 BCE-06-22 03:58:54,1866 BCE-06-22 03:58:54,0.424268469
1_8,matched,1866 BCE-09-08 03:33:19,1866 BCE-09-08 03:33:19,-0.272519141
1_8,matched,1866 BCE-09-19 00:45:43,1866 BCE-09-19 00:45:43,-0.240734965
1_8,matched,1866 BCE-12-04 08:22:06,1866 BCE-12-04 08:22:06,0.464732945
1_8,matched,1866 BCE-12-16 18:26:55,1866 BCE-12-16 18:26:55,-0.333824381
1_8,matched,1865 BCE-02-29 15:20:54,1865 BCE-02-29 15:20:54,0.118798390
1_8,matched,1865 BCE-03-14 10:00:44,1865 BCE-03-14 10:00:44,0.334900618
1_8,matched,1865 BCE-05-26 23:48:28,1865 BCE-05-26 23:48:28,0.373796001
1_8,matched,1865 BCE-06-11 00:05:44,1865 BCE-06-11 00:05:44,-0.432818010
1_8,matched,1865 BCE-08-22 09:26:01,1865 BCE-08-22 09:26:02,0.557520613
1_8,matched,1865 BCE-09-07 12:57:05,1865 BCE-09-07 12:57:05,-0.355178118
1_8,matched,1865 BCE-11-17 20:00:27,1865 BCE-11-17 20:00:27,-0.492775440
1_8,matched,1865 BCE-12-05 00:52:17,1865 BCE-12-05 00:52:17,-0.196589157
1_8,matched,1864 BCE-02-13 07:24:28,1864 BCE-02-13 07:24:28,-0.072158128
1_8,matched,1864 BCE-03-03 11:57:27,1864 BCE-03-03 11:57:27,-0.282436609
1_8,matched,1864 BCE-05-11 19:35:08,1864 BCE-05-11 19:35:08,0.090071931
1_8,matched,1864 BCE-05-30 22:21:55,1864 BCE-05-30 22:21:55,0.137838721
1_8,matched,1864 BCE-08-07 08:16:15,1864 BCE-08-07 08:16:15,0.230998546
1_8,matched,1864 BCE-08-27 08:11:52,1864 BCE-08-27 08:11:52,-0.442966819
1_8,matched,1864 BCE-11-02 21:27:10,1864 BCE-11-02 21:27:11,0.501606613
1_8,matched,1864 BCE-11-23 17:29:55,1864 BCE-11-23 17:29:55,0.496647879
1_8,matched,1863 BCE-01-29 11:06:10,1863 BCE-01-29 11:06:09,-0.504372641
1_8,matched,1863 BCE-02-20 02:20:24,1863 BCE-02-20 02:20:24,0.255943090
1_8,matched,1863 BCE-04-27 01:09:46,1863 BCE-04-27 01:09:46,0.217942894
1_8,matched,1863 BCE-05-19 10:48:23,1863 BCE-05-19 10:48:23,0.180636719
1_8,matched,1863 BCE-07-23 15:35:48,1863 BCE-07-23 15:35:48,-0.043451786
1_8,matched,1863 BCE-08-15 18:57:16,1863 BCE-08-15 18:57:16,-0.459452346
1_8,matched,1863 BCE-10-19 06:14:55,1863 BCE-10-19 06:14:55,-0.478985533
1_8,matched,1863 BCE-11-12 02:49:56,1863 BCE-11-12 02:49:56,-0.408969820
1_8,matched,1862 BCE-01-14 21:09:11,1862 BCE-01-14 21:09:11,-0.015932322
1_8,matched,1862 BCE-02-08 10:25:11,1862 BCE-02-08 10:25:11,-0.157623366
1_8,matched,1862 BCE-04-12 12:18:44,1862 BCE-04-12 12:18:44,-0.485352427
1_8,matched,1862 BCE-05-07 17:47:32,1862 BCE-05-07 17:47:32,-0.109625235
1_8,matched,1862 BCE-07-09 03:37:51,1862 BCE-07-09 03:37:51,0.421301275
1_8,matched,1862 BCE-08-04 01:02:31,1862 BCE-08-04 01:02:31,-0.270487368
1_8,matched,1862 BCE-10-04 19:04:29,1862 BCE-10-04 19:04:29,0.106949732
1_8,matched,1862 BCE-10-31 08:10:37,1862 BCE-10-31 08:10:37,-0.432586670
1_8,matched,1862 BCE-12-31 10:34:55,1862 BCE-12-31 10:34:55,-0.220799446
1_8,matched,1861 BCE-01-27 15:13:18,1861 BCE-01-27 15:13:18,-0.140393525
1_8,matched,1861 BCE-03-28 02:09:39,1861 BCE-03-28 02:09:39,0.395863876
1_8,matched,1861 BCE-04-24 22:10:39,1861 BCE-04-24 22:10:39,-0.089719892
1_8,matched,1861 BCE-06-23 17:48:27,1861 BCE-06-23 17:48:27,0.465919822
1_8,matched,1861 BCE-07-22 05:08:28,1861 BCE-07-22 05:08:28,-0.495108962
1_8,matched,1861 BCE-09-19 09:23:07,1861 BCE-09-19 09:23:07,0.412942842
1_8,matched,1861 BCE-10-18 12:11:05,1861 BCE-10-18 12:11:05,-0.272488967
1_8,matched,1861 BCE-12-16 00:54:27,1861 BCE-12-16 00:54:28,0.569771603
1_8,matched,1860 BCE-01-14 19:15:38,1860 BCE-01-14 19:15:38,-0.325164199
1_8,matched,1860 BCE-03-13 16:20:58,1860 BCE-03-13 16:20:58,-0.079259276
1_8,matched,1860 BCE-04-13 02:24:56,1860 BCE-04-13 02:24:56,0.305651128
1_8,matched,1860 BCE-06-09 07:41:16,1860 BCE-06-09 07:41:16,-0.264261290
1_8,matched,1860 BCE-07-10 09:42:16,1860 BCE-07-10 09:42:16,-0.331189111
1_8,matched,1860 BCE-09-04 22:54:01,1860 BCE-09-04 22:54:01,-0.389466807
1_8,matched,1860 BCE-10-06 17:11:13,1860 BCE-10-06 17:11:13,-0.315166265
1_8,matched,1860 BCE-12-01 13:52:52,1860 BCE-12-01 13:52:52,-0.419802591
1_8,matched,1859 BCE-01-03 00:53:32,1859 BCE-01-03 00:53:32,-0.376159698
1_8,matched,1859 BCE-02-27 04:39:23,1859 BCE-02-27 04:39:24,0.537816435
1_8,matched,1859 BCE-04-01 08:45:12,1859 BCE-04-01 08:45:12,-0.223635882
1_8,matched,1859 BCE-05-25 19:13:34,1859 BCE-05-25 19:13:34,0.021142513
1_8,matched,1859 BCE-06-28 16:52:54,1859 BCE-06-28 16:52:54,-0.200300664
1_8,matched,1859 BCE-08-21 09:30:17,1859 BCE-08-21 09:30:17,0.360478833
1_8,matched,1859 BCE-09-25 01:18:18,1859 BCE-09-25 01:18:18,-0.015429407
1_8,matched,1859 BCE-11-16 23:32:56,1859 BCE-11-16 23:32:57,0.564712286
1_8,matched,1859 BCE-12-22 10:03:13,1859 BCE-12-22 10:03:13,-0.402331352
1_8,matched,1858 BCE-02-12 13:15:25,1858 BCE-02-12 13:15:25,0.159152225
1_8,matched,1858 BCE-03-20 19:04:43,1858 BCE-03-20 19:04:43,-0.250672549
1_8,matched,1858 BCE-05-11 02:40:54,1858 BCE-05-11 02:40:55,0.567870587
1_8,matched,1858 BCE-06-17 04:22:40,1858 BCE-06-17 04:22:40,0.356364995
1_8,matched,1858 BCE-08-06 15:47:43,1858 BCE-08-06 15:47:43,0.144970044
1_8,matched,1858 BCE-09-13 14:01:26,1858 BCE-09-13 14:01:26,-0.308286399
1_8,matched,1858 BCE-11-02 04:33:52,1858 BCE-11-02 04:33:52,0.389537215
1_8,matched,1858 BCE-12-11 00:02:11,1858 BCE-12-11 00:02:11,0.129470229
1_8,matched,1857 BCE-01-28 17:04:08,1857 BCE-01-28 17:04:08,-0.130626932
1_8,matched,1857 BCE-03-08 10:21:14,1857 BCE-03-08 10:21:14,0.382134318
1_8,matched,1857 BCE-04-25 05:14:57,1857 BCE-04-25 05:14:57,-0.432415679
1_8,matched,1857 BCE-06-04 20:58:10,1857 BCE-06-04 20:58:10,0.029370189
1_8,matched,1857 BCE-07-21 17:06:19,1857 BCE-07-21 17:06:19,-0.009122863
1_8,matched,1857 BCE-09-01 07:52:28,1857 BCE-09-01 07:52:28,0.242585689
1_8,matched,1857 BCE-10-17 04:40:44,1857 BCE-10-17 04:40:44,-0.388340279
1_8,matched,1857 BCE-11-28 19:06:26,1857 BCE-11-28 19:06:26,-0.308034942
1_8,matched,1856 BCE-01-12 15:57:31,1856 BCE-01-12 15:57:31,-0.041450188
1_8,matched,1856 BCE-02-25 06:37:29,1856 BCE-02-25 06:37:29,-0.101166219
1_8,matched,1856 BCE-04-10 03:02:35,1856 BCE-04-10 03:02:35,0.293631479
1_8,matched,1856 BCE-05-24 18:20:48,1856 BCE-05-24 18:20:48,0.121604651
1_8,matched,1856 BCE-07-06 13:52:09,1856 BCE-07-06 13:52:09,-0.392725691
1_8,matched,1856 BCE-08-21 06:19:23,1856 BCE-08-21 06:19:23,0.411353633
1_8,matched,1856 BCE-10-02 00:26:18,1856 BCE-10-02 00:26:18,-0.334578753
1_8,matched,1856 BCE-11-17 18:31:08,1856 BCE-11-17 18:31:08,0.129037723
1_8,matched,1856 BCE-12-28 10:50:02,1856 BCE-12-28 10:50:02,-0.447141007
1_8,matched,1855 BCE-02-14 06:54:46,1855 BCE-02-14 06:54:46,0.439707935
1_8,matched,1855 BCE-03-25 21:03:55,1855 BCE-03-25 21:03:55,0.418082625
1_8,matched,1855 BCE-05-13 19:27:43,1855 BCE-05-13 19:27:43,0.347574055
1_8,matched,1855 BCE-06-21 07:10:13,1855 BCE-06-21 07:10:13,0.206365809
1_8,matched,1855 BCE-08-10 08:07:13,1855 BCE-08-10 08:07:13,0.120317191
1_8,matched,1855 BCE-09-16 17:07:25,1855 BCE-09-16 17:07:25,0.201809406
1_8,matched,1855 BCE-11-06 20:56:32,1855 BCE-11-06 20:56:32,0.292364135
1_8,matched,1855 BCE-12-13 02:55:25,1855 BCE-12-13 02:55:25,0.337485597
1_8,matched,1854 BCE-02-03 09:51:20,1854 BCE-02-03 09:51:20,-0.403779745
1_8,matched,1854 BCE-03-10 12:42:26,1854 BCE-03-10 12:42:26,0.236460194
1_8,matched,1854 BCE-05-02 22:49:40,1854 BCE-05-02 22:49:40,-0.005863979
1_8,matched,1854 BCE-06-05 22:25:51,1854 BCE-06-05 22:25:51,0.405570120
1_8,matched,1854 BCE-07-30 11:52:11,1854 BCE-07-30 11:52:11,-0.495440885
1_8,matched,1854 BCE-09-01 08:04:52,1854 BCE-09-01 08:04:52,0.307501853
1_8,matched,1854 BCE-10-27 00:55:23,1854 BCE-10-27 00:55:23,-0.380263478
1_8,matched,1854 BCE-11-27 17:41:16,1854 BCE-11-27 17:41:17,0.521954522
1_8,matched,1853 BCE-01-23 14:02:11,1853 BCE-01-23 14:02:11,-0.399434566
1_8,matched,1853 BCE-02-23 03:15:22,1853 BCE-02-23 03:15:22,-0.487283617
1_8,matched,1853 BCE-04-21 03:07:39,1853 BCE-04-21 03:07:39,-0.063819811
1_8,matched,1853 BCE-05-20 12:55:07,1853 BCE-05-20 12:55:07,0.204474851
1_8,matched,1853 BCE-07-18 16:13:53,1853 BCE-07-18 16:13:53,-0.295180455
1_8,matched,1853 BCE-08-15 22:32:41,1853 BCE-08-15 22:32:41,0.234840810
1_8,matched,1853 BCE-10-15 05:20:44,1853 BCE-10-15 05:20:44,0.048611686
1_8,matched,1853 BCE-11-11 08:07:34,1853 BCE-11-11 08:07:34,0.483712927
1_8,matched,1852 BCE-01-11 18:24:30,1852 BCE-01-11 18:24:30,-0.252281874
1_8,matched,1852 BCE-02-06 17:45:43,1852 BCE-02-06 17:45:43,-0.080084056
1_8,matched,1852 BCE-04-10 07:26:22,1852 BCE-04-10 07:26:22,-0.144296139
1_8,matched,1852 BCE-05-05 03:26:02,1852 BCE-05-05 03:26:02,0.123918056
1_8,matched,1852 BCE-07-07 20:27:01,1852 BCE-07-07 20:27:01,0.044779480
1_8,matched,1852 BCE-07-31 13:11:16,1852 BCE-07-31 13:11:16,-0.119774044
1_8,matched,1852 BCE-10-04 09:27:43,1852 BCE-10-04 09:27:43,0.374842063
1_8,matched,1852 BCE-10-26 22:52:40,1852 BCE-10-26 22:52:40,-0.049124658
1_8,matched,1852 BCE-12-31 22:31:40,1852 BCE-12-31 22:31:40,0.029863045
1_8,matched,1851 BCE-01-22 08:29:47,1851 BCE-01-22 08:29:47,-0.123012811
1_8,matched,1851 BCE-03-30 11:32:09,1851 BCE-03-30 11:32:09,-0.403669104
1_8,matched,1851 BCE-04-19 18:11:19,1851 BCE-04-19 18:11:19,-0.167711824
1_8,matched,1851 BCE-06-27 00:36:15,1851 BCE-06-27 00:36:15,0.237214565
1_8,matched,1851 BCE-07-16 03:47:30,1851 BCE-07-16 03:47:30,0.241268054
1_8,matched,1851 BCE-09-23 13:49:12,1851 BCE-09-23 13:49:12,-0.271241739
1_8,matched,1851 BCE-10-11 13:17:45,1851 BCE-10-11 13:17:45,-0.165549293
1_8,matched,1851 BCE-12-21 03:11:31,1851 BCE-12-21 03:11:31,-0.173585862
1_8,matched,1850 BCE-01-06 22:34:52,1850 BCE-01-06 22:34:52,0.084258243
1_8,matched,1850 BCE-03-19 16:50:32,1850 BCE-03-19 16:50:32,0.154173374
1_8,matched,1850 BCE-04-04 07:35:07,1850 BCE-04-04 07:35:07,-0.448066369
1_8,matched,1850 BCE-06-16 06:47:11,1850 BCE-06-16 06:47:11,-0.350209326
1_8,matched,1850 BCE-06-30 16:16:58,1850 BCE-06-30 16:16:58,-0.344305113
1_8,matched,1850 BCE-09-12 21:23:14,1850 BCE-09-12 21:23:13,-0.630634278
1_8,matched,1850 BCE-09-26 00:18:41,1850 BCE-09-26 00:18:41,-0.495310128
1_8,matched,1850 BCE-12-10 12:55:32,1850 BCE-12-10 12:55:32,0.268244371
1_8,matched,1850 BCE-12-22 07:25:22,1850 BCE-12-22 07:25:22,0.454966351
1_8,matched,1849 BCE-03-08 05:38:55,1849 BCE-03-08 05:38:55,0.289266184
1_8,matched,1849 BCE-03-18 13:18:32,1849 BCE-03-18 13:18:32,0.160681084
1_8,matched,1849 BCE-06-05 00:30:04,1849 BCE-06-05 00:30:04,-0.460619107
1_8,matched,1849 BCE-06-13 17:01:10,1849 BCE-06-13 17:01:10,0.275757909
1_8,matched,1849 BCE-09-01 23:10:12,1849 BCE-09-01 23:10:12,0.239538029
1_8,matched,1849 BCE-09-08 16:56:20,1849 BCE-09-08 16:56:20,-0.224661827
1_8,matched,1849 BCE-11-30 07:32:01,1849 BCE-11-30 07:32:00,-0.772224739
1_8,matched,1849 BCE-12-04 07:09:20,1849 BCE-12-04 07:09:20,0.459019840
1_8,matched,1702 BCE-09-16 17:50:16,1702 BCE-09-16 17:50:16,0.290322304
1_8,matched,1702 BCE-09-22 16:43:56,1702 BCE-09-22 16:43:56,-0.030396134
1_8,matched,1702 BCE-12-12 09:19:04,1702 BCE-12-12 09:19:04,-0.084811449
1_8,matched,1702 BCE-12-20 23:48:59,1702 BCE-12-20 23:48:59,-0.185655802
1_8,matched,1701 BCE-03-08 08:10:46,1701 BCE-03-08 08:10:46,-0.426410884
1_8,matched,1701 BCE-03-18 23:29:37,1701 BCE-03-18 23:29:37,-0.034298748
1_8,matched,1701 BCE-06-03 10:50:09,1701 BCE-06-03 10:50:09,0.094427168
1_8,matched,1701 BCE-06-15 19:27:51,1701 BCE-06-15 19:27:51,-0.253810734
1_8,matched,1701 BCE-08-29 15:43:45,1701 BCE-08-29 15:43:45,0.228644907
1_8,matched,1701 BCE-09-12 13:08:43,1701 BCE-09-12 13:08:43,-0.426772982
1_8,matched,1701 BCE-11-24 22:18:51,1701 BCE-11-24 22:18:51,-0.106758624
1_8,matched,1701 BCE-12-10 05:05:21,1701 BCE-12-10 05:05:21,0.352341682
1_8,matched,1700 BCE-02-20 06:13:34,1700 BCE-02-20 06:13:34,0.342202932
1_8,matched,1700 BCE-03-08 19:41:28,1700 BCE-03-08 19:41:29,0.594726205
1_8,matched,1700 BCE-05-18 15:13:42,1700 BCE-05-18 15:13:42,0.290744752
1_8,matched,1700 BCE-06-05 09:13:50,1700 BCE-06-05 09:13:50,0.043914467
1_8,matched,1700 BCE-08-14 01:09:27,1700 BCE-08-14 01:09:27,-0.193300098
1_8,matched,1700 BCE-09-01 21:53:58,1700 BCE-09-01 21:53:58,-0.039187074
1_8,matched,1700 BCE-11-09 11:45:59,1700 BCE-11-09 11:45:59,-0.059846789
1_8,matched,1700 BCE-11-29 09:49:30,1700 BCE-11-29 09:49:30,-0.211586058
1_8,matched,1699 BCE-02-04 23:03:58,1699 BCE-02-04 23:03:58,-0.172238052
1_8,matched,1699 BCE-02-25 20:59:51,1699 BCE-02-25 20:59:51,-0.068295747
1_8,matched,1699 BCE-05-03 11:00:13,1699 BCE-05-03 11:00:13,0.165237486
1_8,matched,1699 BCE-05-25 07:33:48,1699 BCE-05-25 07:33:48,-0.019734353
1_8,matched,1699 BCE-07-29 23:28:06,1699 BCE-07-29 23:28:06,0.066344440
1_8,matched,1699 BCE-08-21 17:36:36,1699 BCE-08-21 17:36:36,-0.197765976
1_8,matched,1699 BCE-10-25 12:26:56,1699 BCE-10-25 12:26:56,-0.089558959
1_8,matched,1699 BCE-11-18 03:11:15,1699 BCE-11-18 03:11:15,0.313114375
1_8,matched,1698 BCE-01-21 01:50:32,1698 BCE-01-21 01:50:32,-0.030838698
1_8,matched,1698 BCE-02-14 12:16:35,1698 BCE-02-14 12:16:35,-0.059384108
1_8,matched,1698 BCE-04-18 15:40:51,1698 BCE-04-18 15:40:51,0.095634162
1_8,matched,1698 BCE-05-13 20:53:35,1698 BCE-05-13 20:53:35,0.064533949
1_8,matched,1698 BCE-07-15 05:55:38,1698 BCE-07-15 05:55:38,-0.352381915
1_8,matched,1698 BCE-08-10 05:08:19,1698 BCE-08-10 05:08:19,0.297222286
1_8,matched,1698 BCE-10-10 20:29:17,1698 BCE-10-10 20:29:17,0.147917122
1_8,matched,1698 BCE-11-06 13:05:11,1698 BCE-11-06 13:05:11,-0.119271129
1_8,matched,1697 BCE-01-06 11:23:27,1697 BCE-01-06 11:23:27,0.144457072
1_8,matched,1697 BCE-02-02 20:41:12,1697 BCE-02-02 20:41:12,0.260831416
1_8,matched,1697 BCE-04-03 02:34:51,1697 BCE-04-03 02:34:51,0.435604155
1_8,matched,1697 BCE-05-01 03:58:18,1697 BCE-05-01 03:58:17,-0.523855537
1_8,matched,1697 BCE-06-29 18:02:40,1697 BCE-06-29 18:02:40,-0.486800820
1_8,matched,1697 BCE-07-28 10:58:59,1697 BCE-07-28 10:58:59,0.334981084
1_8,matched,1697 BCE-09-25 09:45:20,1697 BCE-09-25 09:45:21,0.519067794
1_8,matched,1697 BCE-10-24 17:47:29,1697 BCE-10-24 17:47:29,0.129993260
1_8,matched,1697 BCE-12-22 01:38:51,1697 BCE-12-22 01:38:51,-0.273605436
1_8,matched,1696 BCE-01-21 00:25:30,1696 BCE-01-21 00:25:30,-0.219270587
1_8,matched,1696 BCE-03-19 17:44:32,1696 BCE-03-19 17:44:32,-0.361333787
1_8,matched,1696 BCE-04-19 06:49:22,1696 BCE-04-19 06:49:22,-0.112290680
1_8,matched,1696 BCE-06-15 09:59:45,1696 BCE-06-15 09:59:45,0.427456945
1_8,matched,1696 BCE-07-16 13:05:52,1696 BCE-07-16 13:05:52,-0.457631797
1_8,matched,1696 BCE-09-11 02:20:10,1696 BCE-09-11 02:20:10,0.057452917
1_8,matched,1696 BCE-10-12 19:16:39,1696 BCE-10-12 19:16:39,-0.256305188
1_8,matched,1696 BCE-12-07 18:48:09,1696 BCE-12-07 18:48:09,-0.388249755
1_8,matched,1695 BCE-01-09 01:24:18,1695 BCE-01-09 01:24:18,-0.095976144
1_8,matched,1695 BCE-03-05 11:17:52,1695 BCE-03-05 11:17:52,-0.385393202
1_8,matched,1695 BCE-04-07 07:28:39,1695 BCE-04-07 07:28:39,0.072821975
1_8,matched,1695 BCE-06-01 03:50:08,1695 BCE-06-01 03:50:08,-0.205671787
1_8,matched,1695 BCE-07-04 13:30:20,1695 BCE-07-04 13:30:20,-0.048279762
1_8,matched,1695 BCE-08-27 20:20:22,1695 BCE-08-27 20:20:22,0.214563310
1_8,matched,1695 BCE-09-30 19:35:16,1695 BCE-09-30 19:35:16,0.098329782
1_8,matched,1695 BCE-11-23 12:46:19,1695 BCE-11-23 12:46:19,-0.054475665
1_8,matched,1695 BCE-12-28 01:45:19,1695 BCE-12-28 01:45:19,0.360106677
1_8,matched,1694 BCE-02-19 05:11:21,1694 BCE-02-19 05:11:21,0.418404490
1_8,matched,1694 BCE-03-26 08:00:42,1694 BCE-03-26 08:00:42,0.450027734
1_8,matched,1694 BCE-05-17 21:28:13,1694 BCE-05-17 21:28:13,0.297644734
1_8,matched,1694 BCE-06-22 14:23:47,1694 BCE-06-22 14:23:47,0.040635467
1_8,matched,1694 BCE-08-13 13:34:11,1694 BCE-08-13 13:34:11,-0.328744948
1_8,matched,1694 BCE-09-18 20:55:27,1694 BCE-09-18 20:55:27,-0.100884587
1_8,matched,1694 BCE-11-09 05:28:37,1694 BCE-11-09 05:28:37,-0.227317214
1_8,matched,1694 BCE-12-16 03:41:19,1694 BCE-12-16 03:41:19,0.193239748
1_8,matched,1693 BCE-02-04 21:09:12,1693 BCE-02-04 21:09:12,-0.408386439
1_8,matched,1693 BCE-03-13 10:41:19,1693 BCE-03-13 10:41:19,0.127458572
1_8,matched,1693 BCE-05-02 12:39:33,1693 BCE-05-02 12:39:33,0.171533972
1_8,matched,1693 BCE-06-09 17:56:55,1693 BCE-06-09 17:56:55,-0.157854706
1_8,matched,1693 BCE-07-29 03:49:43,1693 BCE-07-29 03:49:43,0.456766784
1_8,matched,1693 BCE-09-06 01:30:26,1693 BCE-09-06 01:30:26,0.208246708
1_8,matched,1693 BCE-10-24 18:39:35,1693 BCE-10-24 18:39:35,-0.096016377
1_8,matched,1693 BCE-12-03 09:22:54,1693 BCE-12-03 09:22:54,-0.200401247
1_8,matched,1692 BCE-01-20 09:11:01,1692 BCE-01-20 09:11:01,0.205410272
1_8,matched,1692 BCE-03-01 17:35:45,1692 BCE-03-01 17:35:45,0.316212326
1_8,matched,1692 BCE-04-17 23:22:38,1692 BCE-04-17 23:22:38,0.197283179
1_8,matched,1692 BCE-05-29 02:10:52,1692 BCE-05-29 02:10:52,0.164010376
1_8,matched,1692 BCE-07-14 13:14:01,1692 BCE-07-14 13:14:01,-0.498548895
1_8,matched,1692 BCE-08-25 11:07:53,1692 BCE-08-25 11:07:52,-0.501264632
1_8,matched,1692 BCE-10-10 02:39:59,1692 BCE-10-10 02:39:59,-0.341358036
1_8,matched,1692 BCE-11-21 20:30:10,1692 BCE-11-21 20:30:10,-0.106778741
1_8,matched,1691 BCE-01-05 15:41:14,1691 BCE-01-05 15:41:14,-0.306817889
1_8,matched,1691 BCE-02-18 06:14:50,1691 BCE-02-18 06:14:50,-0.040273368
1_8,matched,1691 BCE-04-03 04:23:01,1691 BCE-04-03 04:23:01,-0.248781592
1_8,matched,1691 BCE-05-17 16:22:43,1691 BCE-05-17 16:22:43,0.128323585
1_8,matched,1691 BCE-06-29 16:41:15,1691 BCE-06-29 16:41:15,0.364049524
1_8,matched,1691 BCE-08-14 02:56:18,1691 BCE-08-14 02:56:18,-0.381450355
1_8,matched,1691 BCE-09-25 04:35:57,1691 BCE-09-25 04:35:57,0.429388136
1_8,matched,1691 BCE-11-10 13:52:07,1691 BCE-11-10 13:52:07,0.418424606
1_8,matched,1691 BCE-12-21 16:06:58,1691 BCE-12-21 16:06:58,-0.443590432
1_8,matched,1690 BCE-02-07 01:12:01,1690 BCE-02-07 01:12:01,-0.426149368
1_8,matched,1690 BCE-03-19 03:15:58,1690 BCE-03-19 03:15:58,0.227739662
1_8,matched,1690 BCE-05-06 12:52:14,1690 BCE-05-06 12:52:14,-0.262098759
1_8,matched,1690 BCE-06-14 14:07:45,1690 BCE-06-14 14:07:45,0.300782919
1_8,matched,1690 BCE-08-03 00:55:54,1690 BCE-08-03 00:55:54,-0.362902880
1_8,matched,1690 BCE-09-10 00:36:27,1690 BCE-09-10 00:36:27,-0.060470402
1_8,matched,1690 BCE-10-30 13:22:13,1690 BCE-10-30 13:22:13,0.476440787
1_8,matched,1690 BCE-12-06 10:43:32,1690 BCE-12-06 10:43:32,0.178192556
1_8,matched,1689 BCE-01-27 02:06:12,1689 BCE-01-27 02:06:12,0.262340158
1_8,matched,1689 BCE-03-02 20:33:14,1689 BCE-03-02 20:33:14,-0.325807929
1_8,matched,1689 BCE-04-24 15:08:47,1689 BCE-04-24 15:08:47,0.246629119
1_8,matched,1689 BCE-05-29 06:04:59,1689 BCE-05-29 06:04:59,0.077126920
1_8,matched,1689 BCE-07-22 04:30:30,1689 BCE-07-22 04:30:30,0.116977841
1_8,matched,1689 BCE-08-24 15:22:03,1689 BCE-08-24 15:22:03,0.359664112
1_8,matched,1689 BCE-10-18 18:12:11,1689 BCE-10-18 18:12:11,0.283764303
1_8,matched,1689 BCE-11-20 00:18:34,1689 BCE-11-20 00:18:34,-0.321925431
1_8,matched,1688 BCE-01-15 08:11:55,1688 BCE-01-15 08:11:55,0.120478123
1_8,matched,1688 BCE-02-15 08:57:19,1688 BCE-02-15 08:57:19,-0.385513902
1_8,matched,1688 BCE-04-13 22:23:58,1688 BCE-04-13 22:23:58,-0.088734180
1_8,matched,1688 BCE-05-13 17:23:42,1688 BCE-05-13 17:23:42,0.117018074
1_8,matched,1688 BCE-07-11 12:54:26,1688 BCE-07-11 12:54:26,-0.347674638
1_8,matched,1688 BCE-08-09 01:31:08,1688 BCE-08-09 01:31:08,0.432828069
1_8,matched,1688 BCE-10-08 03:44:48,1688 BCE-10-08 03:44:48,0.236088037
1_8,matched,1688 BCE-11-04 09:23:20,1688 BCE-11-04 09:23:20,0.264975429
1_8,matched,1687 BCE-01-04 18:54:09,1687 BCE-01-04 18:54:09,0.405348837
1_8,matched,1687 BCE-01-30 16:55:02,1687 BCE-01-30 16:55:02,-0.142887980
1_8,matched,1687 BCE-04-03 10:21:49,1687 BCE-04-03 10:21:49,-0.235021859
1_8,matched,1687 BCE-04-28 00:07:54,1687 BCE-04-28 00:07:54,-0.383622944
1_8,matched,1687 BCE-07-01 02:07:21,1687 BCE-07-01 02:07:21,-0.173605978
1_8,matched,1687 BCE-07-24 07:02:01,1687 BCE-07-24 07:02:01,-0.332929194
1_8,matched,1687 BCE-09-27 18:20:52,1687 BCE-09-27 18:20:52,0.279097259
1_8,matched,1687 BCE-10-19 13:27:47,1687 BCE-10-19 13:27:47,-0.411504507
1_8,matched,1687 BCE-12-25 11:06:08,1687 BCE-12-25 11:06:08,0.282295793
1_8,matched,1686 BCE-01-14 19:26:21,1686 BCE-01-14 19:26:21,0.051417947
1_8,matched,1686 BCE-03-24 04:21:24,1686 BCE-03-24 04:21:24,0.373222679
1_8,matched,1686 BCE-04-12 00:52:13,1686 BCE-04-12 00:52:13,0.380565226
1_8,matched,1686 BCE-06-20 22:21:28,1686 BCE-06-20 22:21:28,-0.491327047
1_8,matched,1686 BCE-07-08 05:30:58,1686 BCE-07-08 05:30:58,-0.449786335
1_8,matched,1686 BCE-09-17 17:19:04,1686 BCE-09-17 17:19:04,-0.269380957
1_8,matched,1686 BCE-10-03 09:13:00,1686 BCE-10-03 09:13:00,0.326894224
1_8,matched,1686 BCE-12-15 13:41:02,1686 BCE-12-15 13:41:02,0.088130683
1_8,matched,1686 BCE-12-29 11:31:21,1686 BCE-12-29 11:31:21,0.357069075
1_8,matched,1685 BCE-03-13 11:55:47,1685 BCE-03-13 11:55:47,-0.412832201
1_8,matched,1685 BCE-03-25 11:59:49,1685 BCE-03-25 11:59:49,-0.055883825
1_8,matched,1685 BCE-06-10 13:02:33,1685 BCE-06-10 13:02:33,-0.061838329
1_8,matched,1685 BCE-06-20 09:31:34,1685 BCE-06-20 09:31:34,0.210781395
1_8,matched,1685 BCE-09-07 20:06:38,1685 BCE-09-07 20:06:37,-0.531037152
1_8,matched,1685 BCE-09-15 01:04:56,1685 BCE-09-15 01:04:56,0.143290311
1_8,matched,1685 BCE-12-06 22:21:35,1685 BCE-12-06 22:21:36,0.722808391
1_8,matched,1685 BCE-12-09 21:29:37,1685 BCE-12-09 21:29:37,-0.477506965
1_8,matched,1537 BCE-03-18 15:20:22,1537 BCE-03-18 15:19:57,-24.938991666
1_8,matched,1537 BCE-03-20 22:24:06,1537 BCE-03-20 22:24:56,49.572835118
1_8,matched,1537 BCE-06-12 09:43:57,1537 BCE-06-12 09:43:57,0.437032431
1_8,matched,1537 BCE-06-19 02:38:25,1537 BCE-06-19 02:38:40,14.627822489
1_8,matched,1537 BCE-09-07 02:03:55,1537 BCE-09-07 02:03:48,-6.820140034
1_8,matched,1537 BCE-09-16 08:59:22,1537 BCE-09-16 08:59:17,-5.319061875
1_8,matched,1537 BCE-12-03 00:21:19,1537 BCE-12-03 00:21:23,4.073906690
1_8,matched,1537 BCE-12-14 09:21:06,1537 BCE-12-14 09:21:09,3.212575614
1_8,matched,1536 BCE-02-28 01:54:01,1536 BCE-02-28 01:53:59,-2.338732034
1_8,matched,1536 BCE-03-13 06:24:16,1536 BCE-03-13 06:24:13,-3.269585967
1_8,matched,1536 BCE-05-26 05:30:59,1536 BCE-05-26 05:30:58,-0.607359409
1_8,matched,1536 BCE-06-10 01:24:59,1536 BCE-06-10 01:25:00,1.218782365
1_8,matched,1536 BCE-08-21 10:33:50,1536 BCE-08-21 10:33:52,1.557907462
1_8,matched,1536 BCE-09-06 18:59:23,1536 BCE-09-06 18:59:23,0.442343205
1_8,matched,1536 BCE-11-16 16:46:09,1536 BCE-11-16 16:46:08,-0.814861804
1_8,matched,1536 BCE-12-04 11:28:55,1536 BCE-12-04 11:28:54,-1.147006452
1_8,matched,1535 BCE-02-11 23:49:07,1535 BCE-02-11 23:49:06,-0.826851279
1_8,matched,1535 BCE-03-03 03:02:43,1535 BCE-03-03 03:02:43,-0.092395395
1_8,matched,1535 BCE-05-10 07:39:10,1535 BCE-05-10 07:39:12,1.598221064
1_8,matched,1535 BCE-05-30 17:47:46,1535 BCE-05-30 17:47:47,0.970141590
1_8,matched,1535 BCE-08-05 16:07:49,1535 BCE-08-05 16:07:49,0.277025253
1_8,matched,1535 BCE-08-27 07:54:26,1535 BCE-08-27 07:54:26,-0.022711605
1_8,matched,1535 BCE-11-01 01:09:28,1535 BCE-11-01 01:09:26,-2.166554332
1_8,matched,1535 BCE-11-23 21:28:44,1535 BCE-11-23 21:28:42,-1.626565307
1_8,matched,1534 BCE-01-27 10:45:21,1534 BCE-01-27 10:45:22,0.849422067
1_8,matched,1534 BCE-02-20 10:30:15,1534 BCE-02-20 10:30:15,0.116052479
1_8,matched,1534 BCE-04-24 20:48:38,1534 BCE-04-24 20:48:40,1.843743771
1_8,matched,1534 BCE-05-19 23:00:53,1534 BCE-05-19 23:00:55,2.111817151
1_8,matched,1534 BCE-07-21 07:18:28,1534 BCE-07-21 07:18:26,-1.588062197
1_8,matched,1534 BCE-08-16 11:02:41,1534 BCE-08-16 11:02:41,-0.295954943
1_8,matched,1534 BCE-10-16 18:13:15,1534 BCE-10-16 18:13:13,-1.918315887
1_8,matched,1534 BCE-11-12 22:40:41,1534 BCE-11-12 22:40:39,-2.011757344
1_8,matched,1533 BCE-01-12 05:31:10,1533 BCE-01-12 05:31:11,1.443906873
1_8,matched,1533 BCE-02-09 09:55:12,1533 BCE-02-09 09:55:12,-0.406012684
1_8,matched,1533 BCE-04-08 17:14:31,1533 BCE-04-08 17:14:33,1.628637314
1_8,matched,1533 BCE-05-07 20:43:58,1533 BCE-05-07 20:43:59,1.525700837
1_8,matched,1533 BCE-07-05 05:18:25,1533 BCE-07-05 05:18:23,-1.951126009
1_8,matched,1533 BCE-08-04 07:10:58,1533 BCE-08-04 07:10:59,0.868210942
1_8,matched,1533 BCE-09-30 17:41:30,1533 BCE-09-30 17:41:29,-1.222544163
1_8,matched,1533 BCE-10-31 17:16:43,1533 BCE-10-31 17:16:42,-0.874447078
1_8,matched,1533 BCE-12-27 06:26:28,1533 BCE-12-27 06:26:29,1.424051821
1_8,matched,1532 BCE-01-28 03:02:30,1532 BCE-01-28 03:02:28,-2.285905927
1_8,matched,1532 BCE-03-24 19:30:28,1532 BCE-03-24 19:30:30,1.800815016
1_8,matched,1532 BCE-04-26 12:28:44,1532 BCE-04-26 12:28:44,0.273524970
1_8,matched,1532 BCE-06-20 08:54:01,1532 BCE-06-20 08:54:01,-0.428643823
1_8,matched,1532 BCE-07-23 21:34:55,1532 BCE-07-23 21:34:57,1.968808472
1_8,matched,1532 BCE-09-15 22:32:44,1532 BCE-09-15 22:32:42,-1.960600913
1_8,matched,1532 BCE-10-20 06:25:33,1532 BCE-10-20 06:25:35,1.723989844
1_8,matched,1532 BCE-12-12 12:26:45,1532 BCE-12-12 12:26:45,-0.076342374
1_8,matched,1531 BCE-01-16 14:59:43,1531 BCE-01-16 14:59:42,-0.569278747
1_8,matched,1531 BCE-03-10 02:40:07,1531 BCE-03-10 02:40:08,1.228860766
1_8,matched,1531 BCE-04-14 23:17:50,1531 BCE-04-14 23:17:48,-1.974722743
1_8,matched,1531 BCE-06-05 17:07:14,1531 BCE-06-05 17:07:15,1.167746633
1_8,matched,1531 BCE-07-12 07:22:45,1531 BCE-07-12 07:22:44,-0.703094155
1_8,matched,1531 BCE-09-01 07:46:01,1531 BCE-09-01 07:45:59,-1.167847216
1_8,matched,1531 BCE-10-08 15:13:05,1531 BCE-10-08 15:13:05,0.239608437
1_8,matched,1531 BCE-11-27 22:36:09,1531 BCE-11-27 22:36:07,-2.255368978
1_8,matched,1530 BCE-01-04 22:53:27,1530 BCE-01-04 22:53:29,1.683294028
1_8,matched,1530 BCE-02-23 13:36:47,1530 BCE-02-23 13:36:46,-0.569701195
1_8,matched,1530 BCE-04-03 06:22:31,1530 BCE-04-03 06:22:32,1.103232801
1_8,matched,1530 BCE-05-22 04:51:53,1530 BCE-05-22 04:51:54,1.340869814
1_8,matched,1530 BCE-06-30 13:44:21,1530 BCE-06-30 13:44:21,-0.277508050
1_8,matched,1530 BCE-08-17 20:10:26,1530 BCE-08-17 20:10:28,1.871162653
1_8,matched,1530 BCE-09-26 20:59:48,1530 BCE-09-26 20:59:46,-1.811698079
1_8,matched,1530 BCE-11-13 11:33:08,1530 BCE-11-13 11:33:08,0.134338439
1_8,matched,1530 BCE-12-24 04:08:51,1530 BCE-12-24 04:08:50,-1.326446235
1_8,matched,1529 BCE-02-09 03:01:01,1529 BCE-02-09 03:00:59,-1.794216782
1_8,matched,1529 BCE-03-21 11:14:09,1529 BCE-03-21 11:14:09,-0.177830458
1_8,matched,1529 BCE-05-06 18:32:13,1529 BCE-05-06 18:32:11,-1.568408310
1_8,matched,1529 BCE-06-17 18:18:53,1529 BCE-06-17 18:18:54,1.293897629
1_8,matched,1529 BCE-08-02 10:05:52,1529 BCE-08-02 10:05:52,-0.295270979
1_8,matched,1529 BCE-09-14 01:25:17,1529 BCE-09-14 01:25:19,1.703631878
1_8,matched,1529 BCE-10-29 01:33:31,1529 BCE-10-29 01:33:33,1.535940170
1_8,matched,1529 BCE-12-11 08:35:49,1529 BCE-12-11 08:35:50,0.849361718
1_8,matched,1528 BCE-01-24 16:55:41,1528 BCE-01-24 16:55:42,1.045679301
1_8,matched,1528 BCE-03-09 15:49:03,1528 BCE-03-09 15:49:02,-0.813051313
1_8,matched,1528 BCE-04-22 08:14:31,1528 BCE-04-22 08:14:30,-0.570908189
1_8,matched,1528 BCE-06-05 23:10:21,1528 BCE-06-05 23:10:19,-1.734591275
1_8,matched,1528 BCE-07-18 23:22:54,1528 BCE-07-18 23:22:52,-1.711678505
1_8,matched,1528 BCE-09-02 06:44:25,1528 BCE-09-02 06:44:24,-1.384603232
1_8,matched,1528 BCE-10-14 14:20:10,1528 BCE-10-14 14:20:09,-0.976860523
1_8,matched,1528 BCE-11-29 14:31:19,1528 BCE-11-29 14:31:19,0.171513855
1_8,matched,1527 BCE-01-10 05:01:01,1527 BCE-01-10 05:01:02,1.210796088
1_8,matched,1527 BCE-02-25 22:33:51,1527 BCE-02-25 22:33:52,1.281183958
1_8,matched,1527 BCE-04-07 19:25:41,1527 BCE-04-07 19:25:43,1.508360356
1_8,matched,1527 BCE-05-25 06:52:13,1527 BCE-05-25 06:52:14,1.215060800
1_8,matched,1527 BCE-07-04 09:33:37,1527 BCE-07-04 09:33:37,0.156486779
1_8,matched,1527 BCE-08-21 15:33:28,1527 BCE-08-21 15:33:28,-0.345803797
1_8,matched,1527 BCE-09-29 23:17:35,1527 BCE-09-29 23:17:34,-0.738338381
1_8,matched,1527 BCE-11-18 00:40:46,1527 BCE-11-18 00:40:45,-0.816833228
1_8,matched,1527 BCE-12-26 12:37:01,1527 BCE-12-26 12:37:01,-0.117118657
1_8,matched,1526 BCE-02-14 10:11:18,1526 BCE-02-14 10:11:18,-0.377849489
1_8,matched,1526 BCE-03-24 01:30:58,1526 BCE-03-24 01:30:59,1.371386647
1_8,matched,1526 BCE-05-13 20:10:05,1526 BCE-05-13 20:10:05,0.453829765
1_8,matched,1526 BCE-06-19 13:55:28,1526 BCE-06-19 13:55:28,0.261294097
1_8,matched,1526 BCE-08-10 06:40:27,1526 BCE-08-10 06:40:27,0.384930521
1_8,matched,1526 BCE-09-15 01:50:40,1526 BCE-09-15 01:50:39,-0.560990721
1_8,matched,1526 BCE-11-06 17:46:55,1526 BCE-11-06 17:46:54,-0.774608552
1_8,matched,1526 BCE-12-11 13:10:05,1526 BCE-12-11 13:10:05,-0.474911928
1_8,matched,1525 BCE-02-03 05:29:21,1525 BCE-02-03 05:29:20,-0.515104830
1_8,matched,1525 BCE-03-07 23:55:00,1525 BCE-03-07 23:55:01,0.857388228
1_8,matched,1525 BCE-05-01 17:44:28,1525 BCE-05-01 17:44:28,0.317459553
1_8,matched,1525 BCE-06-03 10:05:22,1525 BCE-06-03 10:05:22,-0.455680490
1_8,matched,1525 BCE-07-29 06:41:47,1525 BCE-07-29 06:41:47,0.368274003
1_8,matched,1525 BCE-08-29 19:33:41,1525 BCE-08-29 19:33:40,-0.623110682
1_8,matched,1525 BCE-10-25 20:23:23,1525 BCE-10-25 20:23:22,-1.050366461
1_8,matched,1525 BCE-11-25 04:22:28,1525 BCE-11-25 04:22:28,0.452964753
1_8,matched,1524 BCE-01-22 10:51:54,1524 BCE-01-22 10:51:53,-0.626268983
1_8,matched,1524 BCE-02-20 12:25:27,1524 BCE-02-20 12:25:27,0.399917364
1_8,matched,1524 BCE-04-21 02:06:33,1524 BCE-04-21 02:06:34,0.617296994
1_8,matched,1524 BCE-05-18 19:41:51,1524 BCE-05-18 19:41:50,-0.911421329
1_8,matched,1524 BCE-07-18 18:10:40,1524 BCE-07-18 18:10:40,-0.059223175
1_8,matched,1524 BCE-08-14 02:08:06,1524 BCE-08-14 02:08:07,1.118380576
1_8,matched,1524 BCE-10-15 11:15:48,1524 BCE-10-15 11:15:48,-0.062844157
1_8,matched,1524 BCE-11-09 07:33:52,1524 BCE-11-09 07:33:52,0.000100583
1_8,matched,1523 BCE-01-12 05:27:10,1523 BCE-01-12 05:27:11,0.997459888
1_8,matched,1523 BCE-02-04 12:00:17,1523 BCE-02-04 12:00:17,-0.031643361
1_8,matched,1523 BCE-04-11 00:49:01,1523 BCE-04-11 00:48:59,-1.084182411
1_8,matched,1523 BCE-05-02 15:14:47,1523 BCE-05-02 15:14:48,0.629206002
1_8,matched,1523 BCE-07-08 21:39:08,1523 BCE-07-08 21:39:09,1.062235236
1_8,matched,1523 BCE-07-28 16:59:12,1523 BCE-07-28 16:59:12,-0.461232662
1_8,matched,1523 BCE-10-05 20:18:13,1523 BCE-10-05 20:18:13,-0.205309689
1_8,matched,1523 BCE-10-23 16:55:07,1523 BCE-10-23 16:55:07,0.069965422
1_8,matched,1522 BCE-01-02 21:27:37,1522 BCE-01-02 21:27:38,0.943849236
1_8,matched,1522 BCE-01-18 14:22:20,1522 BCE-01-18 14:22:19,-0.871288776
1_8,matched,1522 BCE-04-02 02:04:22,1522 BCE-04-02 02:04:21,-0.661392510
1_8,matched,1522 BCE-04-15 08:27:44,1522 BCE-04-15 08:27:44,-0.215367973
1_8,matched,1522 BCE-06-30 12:23:59,1522 BCE-06-30 12:23:59,0.623613596
1_8,matched,1522 BCE-07-10 20:45:25,1522 BCE-07-10 20:45:26,1.002468914
1_8,matched,1522 BCE-09-28 12:19:45,1522 BCE-09-28 12:19:45,0.188592821
1_8,matched,1522 BCE-10-04 19:26:21,1522 BCE-10-04 19:26:22,1.328940690
1_8,matched,1372 BCE-09-03 02:55:36,1372 BCE-09-03 02:55:04,-32.093308121
1_8,matched,1372 BCE-09-06 07:50:51,1372 BCE-09-06 07:50:30,-21.453997493
1_8,matched,1372 BCE-11-28 07:23:56,1372 BCE-11-28 07:23:51,-5.393593758
1_8,matched,1372 BCE-12-05 02:00:29,1372 BCE-12-05 02:00:15,-14.354780316
1_8,matched,1371 BCE-02-23 02:39:05,1371 BCE-02-23 02:39:12,6.972543150
1_8,matched,1371 BCE-03-04 05:26:56,1371 BCE-03-04 05:27:04,8.228822798
1_8,matched,1371 BCE-05-21 02:47:21,1371 BCE-05-21 02:47:18,-3.332852572
1_8,matched,1371 BCE-06-01 03:58:33,1371 BCE-06-01 03:58:28,-5.425377935
1_8,matched,1371 BCE-08-16 05:36:49,1371 BCE-08-16 05:36:49,0.346890092
1_8,matched,1371 BCE-08-28 23:45:40,1371 BCE-08-28 23:45:43,3.308189660
1_8,matched,1371 BCE-11-11 10:09:18,1371 BCE-11-11 10:09:19,0.929264724
1_8,matched,1371 BCE-11-25 17:51:13,1371 BCE-11-25 17:51:13,0.403779745
1_8,matched,1370 BCE-02-06 15:56:32,1370 BCE-02-06 15:56:30,-1.844085753
1_8,matched,1370 BCE-02-22 10:42:20,1370 BCE-02-22 10:42:19,-1.315703988
1_8,matched,1370 BCE-05-04 22:43:53,1370 BCE-05-04 22:43:53,-0.016857684
1_8,matched,1370 BCE-05-22 02:36:49,1370 BCE-05-22 02:36:49,0.201688707
1_8,matched,1370 BCE-07-31 06:12:37,1370 BCE-07-31 06:12:38,1.025522500
1_8,matched,1370 BCE-08-18 17:45:55,1370 BCE-08-18 17:45:56,0.793156028
1_8,matched,1370 BCE-10-26 14:17:48,1370 BCE-10-26 14:17:48,-0.265076011
1_8,matched,1370 BCE-11-15 08:16:31,1370 BCE-11-15 08:16:31,0.017441064
1_8,matched,1369 BCE-01-21 22:57:15,1369 BCE-01-21 22:57:13,-1.665651798
1_8,matched,1369 BCE-02-11 22:13:29,1369 BCE-02-11 22:13:27,-1.657826453
1_8,matched,1369 BCE-04-18 08:05:48,1369 BCE-04-18 08:05:49,1.329443604
1_8,matched,1369 BCE-05-10 11:42:09,1369 BCE-05-10 11:42:10,0.818523020
1_8,matched,1369 BCE-07-14 17:41:41,1369 BCE-07-14 17:41:41,0.489717722
1_8,matched,1369 BCE-08-07 00:43:40,1369 BCE-08-07 00:43:42,2.030827850
1_8,matched,1369 BCE-10-10 03:38:26,1369 BCE-10-10 03:38:24,-1.951246709
1_8,matched,1369 BCE-11-03 13:21:54,1369 BCE-11-03 13:21:53,-0.842642784
1_8,matched,1368 BCE-01-05 13:57:53,1368 BCE-01-05 13:57:52,-0.747933984
1_8,matched,1368 BCE-01-31 01:35:10,1368 BCE-01-31 01:35:08,-2.346718311
1_8,matched,1368 BCE-04-03 00:42:09,1368 BCE-04-03 00:42:10,1.499509066
1_8,matched,1368 BCE-04-29 13:25:19,1368 BCE-04-29 13:25:20,0.937029719
1_8,matched,1368 BCE-06-29 11:46:07,1368 BCE-06-29 11:46:07,0.146146864
1_8,matched,1368 BCE-07-27 00:56:40,1368 BCE-07-27 00:56:42,2.272528410
1_8,matched,1368 BCE-09-24 23:08:39,1368 BCE-09-24 23:08:37,-1.796791703
1_8,matched,1368 BCE-10-23 12:06:40,1368 BCE-10-23 12:06:40,-0.324359536
1_8,matched,1368 BCE-12-21 10:49:29,1368 BCE-12-21 10:49:29,-0.244134665
1_8,matched,1367 BCE-01-19 22:57:26,1367 BCE-01-19 22:57:24,-1.887899637
1_8,matched,1367 BCE-03-18 22:49:49,1367 BCE-03-18 22:49:51,1.844508201
1_8,matched,1367 BCE-04-18 09:26:53,1367 BCE-04-18 09:26:52,-1.092007756
1_8,matched,1367 BCE-06-14 11:12:42,1367 BCE-06-14 11:12:42,-0.146006048
1_8,matched,1367 BCE-07-15 19:39:02,1367 BCE-07-15 19:39:03,1.238194853
1_8,matched,1367 BCE-09-09 23:49:22,1367 BCE-09-09 23:49:20,-1.855672896
1_8,matched,1367 BCE-10-12 05:35:00,1367 BCE-10-12 05:35:01,1.239341497
1_8,matched,1367 BCE-12-06 12:42:14,1367 BCE-12-06 12:42:13,-0.695449859
1_8,matched,1366 BCE-01-08 15:11:38,1366 BCE-01-08 15:11:37,-0.571632385
1_8,matched,1366 BCE-03-04 01:52:20,1366 BCE-03-04 01:52:22,1.881301403
1_8,matched,1366 BCE-04-07 00:30:48,1366 BCE-04-07 00:30:46,-2.290914953
1_8,matched,1366 BCE-05-30 15:19:22,1366 BCE-05-30 15:19:23,0.707640499
1_8,matched,1366 BCE-07-04 09:34:44,1366 BCE-07-04 09:34:43,-1.153262705
1_8,matched,1366 BCE-08-26 05:03:44,1366 BCE-08-26 05:03:43,-0.976518542
1_8,matched,1366 BCE-09-30 18:25:20,1366 BCE-09-30 18:25:22,1.755311340
1_8,matched,1366 BCE-11-21 18:58:36,1366 BCE-11-21 18:58:35,-1.137793064
1_8,matched,1366 BCE-12-28 03:02:07,1366 BCE-12-28 03:02:09,1.755311340
1_8,matched,1365 BCE-02-17 09:06:53,1365 BCE-02-17 09:06:54,0.671692193
1_8,matched,1365 BCE-03-25 11:21:37,1365 BCE-03-25 11:21:37,-0.202231854
1_8,matched,1365 BCE-05-14 23:30:25,1365 BCE-05-14 23:30:27,1.946116984
1_8,matched,1365 BCE-06-21 19:29:26,1365 BCE-06-21 19:29:24,-1.625680178
1_8,matched,1365 BCE-08-10 14:03:47,1365 BCE-08-10 14:03:48,0.709873438
1_8,matched,1365 BCE-09-18 03:27:52,1365 BCE-09-18 03:27:51,-1.416226476
1_8,matched,1365 BCE-11-06 04:49:22,1365 BCE-11-06 04:49:21,-0.993979722
1_8,matched,1365 BCE-12-15 11:17:38,1365 BCE-12-15 11:17:38,-0.149103999
1_8,matched,1364 BCE-02-01 19:41:11,1364 BCE-02-01 19:41:09,-1.933363080
1_8,matched,1364 BCE-03-13 18:57:14,1364 BCE-03-13 18:57:15,1.373076439
1_8,matched,1364 BCE-04-30 10:41:37,1364 BCE-04-30 10:41:37,0.126794726
1_8,matched,1364 BCE-06-10 02:27:26,1364 BCE-06-10 02:27:27,1.279816031
1_8,matched,1364 BCE-07-27 01:49:03,1364 BCE-07-27 01:49:04,1.002287865
1_8,matched,1364 BCE-09-06 09:53:43,1364 BCE-09-06 09:53:43,0.439627469
1_8,matched,1364 BCE-10-22 16:59:00,1364 BCE-10-22 16:59:01,0.616633147
1_8,matched,1364 BCE-12-03 17:18:58,1364 BCE-12-03 17:18:57,-0.762961060
1_8,matched,1363 BCE-01-18 08:13:07,1363 BCE-01-18 08:13:07,-0.220316648
1_8,matched,1363 BCE-03-02 00:39:53,1363 BCE-03-02 00:39:52,-1.363078505
1_8,matched,1363 BCE-04-15 23:28:10,1363 BCE-04-15 23:28:09,-1.217555255
1_8,matched,1363 BCE-05-29 08:00:18,1363 BCE-05-29 08:00:17,-0.654854625
1_8,matched,1363 BCE-07-12 14:40:50,1363 BCE-07-12 14:40:49,-1.062396169
1_8,matched,1363 BCE-08-25 15:22:56,1363 BCE-08-25 15:22:56,0.073465705
1_8,matched,1363 BCE-10-08 05:50:45,1363 BCE-10-08 05:50:46,1.060263813
1_8,matched,1363 BCE-11-21 22:52:41,1363 BCE-11-21 22:52:42,1.379956305
1_8,matched,1362 BCE-01-03 20:53:03,1362 BCE-01-03 20:53:04,1.202125847
1_8,matched,1362 BCE-02-18 06:30:26,1362 BCE-02-18 06:30:27,0.794222206
1_8,matched,1362 BCE-04-01 11:49:00,1362 BCE-04-01 11:49:00,0.383361429
1_8,matched,1362 BCE-05-17 14:13:53,1362 BCE-05-17 14:13:53,-0.133392960
1_8,matched,1362 BCE-06-28 02:34:16,1362 BCE-06-28 02:34:15,-1.096111536
1_8,matched,1362 BCE-08-13 22:11:47,1362 BCE-08-13 22:11:46,-0.798346102
1_8,matched,1362 BCE-09-23 17:03:24,1362 BCE-09-23 17:03:23,-0.722607225
1_8,matched,1362 BCE-11-10 06:26:05,1362 BCE-11-10 06:26:04,-0.684506446
1_8,matched,1362 BCE-12-20 07:18:05,1362 BCE-12-20 07:18:06,0.880582631
1_8,matched,1361 BCE-02-06 14:59:49,1361 BCE-02-06 14:59:49,0.486197323
1_8,matched,1361 BCE-03-16 21:13:16,1361 BCE-03-16 21:13:17,0.954551250
1_8,matched,1361 BCE-05-04 23:53:20,1361 BCE-05-04 23:53:21,0.994040072
1_8,matched,1361 BCE-06-12 10:47:07,1361 BCE-06-12 10:47:07,-0.035747141
1_8,matched,1361 BCE-08-01 09:09:12,1361 BCE-08-01 09:09:12,0.158920884
1_8,matched,1361 BCE-09-07 23:55:12,1361 BCE-09-07 23:55:11,-1.356922835
1_8,matched,1361 BCE-10-28 18:55:26,1361 BCE-10-28 18:55:26,-0.412751734
1_8,matched,1361 BCE-12-04 12:32:09,1361 BCE-12-04 12:32:09,0.111123919
1_8,matched,1360 BCE-01-25 05:13:33,1360 BCE-01-25 05:13:33,-0.389496982
1_8,matched,1360 BCE-03-02 00:42:11,1360 BCE-03-02 00:42:12,0.588731468
1_8,matched,1360 BCE-04-23 16:04:53,1360 BCE-04-23 16:04:54,0.780019909
1_8,matched,1360 BCE-05-28 12:17:28,1360 BCE-05-28 12:17:28,0.112451613
1_8,matched,1360 BCE-07-21 03:33:48,1360 BCE-07-21 03:33:49,0.765898079
1_8,matched,1360 BCE-08-23 23:12:56,1360 BCE-08-23 23:12:55,-1.055335253
1_8,matched,1360 BCE-10-17 15:42:28,1360 BCE-10-17 15:42:28,-0.013297051
1_8,matched,1360 BCE-11-19 09:27:21,1360 BCE-11-19 09:27:21,0.186400115
1_8,matched,1359 BCE-01-14 04:38:18,1359 BCE-01-14 04:38:17,-0.699734688
1_8,matched,1359 BCE-02-14 18:56:00,1359 BCE-02-14 18:56:01,1.041394472
1_8,matched,1359 BCE-04-12 18:21:56,1359 BCE-04-12 18:21:56,0.158196688
1_8,matched,1359 BCE-05-13 03:42:26,1359 BCE-05-13 03:42:25,-0.681609660
1_8,matched,1359 BCE-07-10 08:58:03,1359 BCE-07-10 08:58:04,0.800860673
1_8,matched,1359 BCE-08-08 11:33:01,1359 BCE-08-08 11:33:01,0.111325085
1_8,matched,1359 BCE-10-07 00:35:04,1359 BCE-10-07 00:35:03,-0.526370108
1_8,matched,1359 BCE-11-03 18:21:28,1359 BCE-11-03 18:21:28,0.478532910
1_8,matched,1358 BCE-01-03 17:16:44,1358 BCE-01-03 17:16:45,0.758998096
1_8,matched,1358 BCE-01-30 00:07:16,1358 BCE-01-30 00:07:15,-0.630392879
1_8,matched,1358 BCE-04-02 11:11:40,1358 BCE-04-02 11:11:40,0.270527601
1_8,matched,1358 BCE-04-27 04:41:44,1358 BCE-04-27 04:41:45,0.942461193
1_8,matched,1358 BCE-06-30 06:30:43,1358 BCE-06-30 06:30:42,-0.709853321
1_8,matched,1358 BCE-07-23 07:55:31,1358 BCE-07-23 07:55:31,-0.471592695
1_8,matched,1358 BCE-09-27 03:28:46,1358 BCE-09-27 03:28:47,1.073902845
1_8,matched,1358 BCE-10-18 09:27:03,1358 BCE-10-18 09:27:03,-0.129470229
1_8,matched,1358 BCE-12-25 02:34:59,1358 BCE-12-25 02:34:59,-0.423795730
1_8,matched,1357 BCE-01-13 08:51:25,1357 BCE-01-13 08:51:25,-0.282496959
1_8,matched,1357 BCE-03-23 04:17:42,1357 BCE-03-23 04:17:42,0.378754735
1_8,matched,1357 BCE-04-09 05:42:45,1357 BCE-04-09 05:42:46,0.531882048
1_8,matched,1357 BCE-06-20 09:46:42,1357 BCE-06-20 09:46:42,-0.114101171
1_8,matched,1357 BCE-07-04 22:47:42,1357 BCE-07-04 22:47:41,-0.855296105
1_8,matched,1357 BCE-09-17 21:24:56,1357 BCE-09-17 21:24:56,-0.459442288
1_8,matched,1357 BCE-09-29 09:45:42,1357 BCE-09-29 09:45:42,0.114241987
1_8,matched,1357 BCE-12-16 22:09:31,1357 BCE-12-16 22:09:30,-0.742582977
1_8,matched,1357 BCE-12-24 07:35:32,1357 BCE-12-24 07:35:31,-1.037330925
1_8,matched,1207 BCE-08-27 16:30:11,1207 BCE-08-27 16:29:37,-34.195147455
1_8,matched,1207 BCE-08-29 18:25:54,1207 BCE-08-29 18:26:34,39.929777384
1_8,matched,1207 BCE-11-21 15:25:23,1207 BCE-11-21 15:25:13,-9.680776298
1_8,matched,1207 BCE-11-27 18:07:11,1207 BCE-11-27 18:07:19,8.472695947
1_8,matched,1206 BCE-02-16 10:17:31,1206 BCE-02-16 10:17:32,0.857408345
1_8,matched,1206 BCE-02-24 21:51:54,1206 BCE-02-24 21:51:46,-7.875555754
1_8,matched,1206 BCE-05-14 10:33:50,1206 BCE-05-14 10:33:48,-1.819060743
1_8,matched,1206 BCE-05-24 20:14:54,1206 BCE-05-24 20:14:58,4.037817568
1_8,matched,1206 BCE-08-09 13:36:59,1206 BCE-08-09 13:37:02,2.977694571
1_8,matched,1206 BCE-08-21 15:53:45,1206 BCE-08-21 15:53:45,0.024220347
1_8,matched,1206 BCE-11-04 18:17:21,1206 BCE-11-04 18:17:18,-2.500489354
1_8,matched,1206 BCE-11-18 09:52:09,1206 BCE-11-18 09:52:07,-1.929259300
1_8,matched,1205 BCE-01-31 00:09:50,1205 BCE-01-31 00:09:51,0.683943182
1_8,matched,1205 BCE-02-15 02:36:04,1205 BCE-02-15 02:36:05,1.491884887
1_8,matched,1205 BCE-04-27 06:56:09,1205 BCE-04-27 06:56:10,0.722204894
1_8,matched,1205 BCE-05-13 18:28:27,1205 BCE-05-13 18:28:27,0.324118137
1_8,matched,1205 BCE-07-23 14:19:43,1205 BCE-07-23 14:19:42,-1.249178499
1_8,matched,1205 BCE-08-10 09:45:05,1205 BCE-08-10 09:45:04,-0.928218663
1_8,matched,1205 BCE-10-18 22:13:08,1205 BCE-10-18 22:13:07,-0.777062774
1_8,matched,1205 BCE-11-07 00:31:50,1205 BCE-11-07 00:31:49,-1.293776929
1_8,matched,1204 BCE-01-14 06:30:54,1204 BCE-01-14 06:30:55,0.917637348
1_8,matched,1204 BCE-02-03 14:51:50,1204 BCE-02-03 14:51:51,0.626349449
1_8,matched,1204 BCE-04-11 15:12:23,1204 BCE-04-11 15:12:23,0.477406383
1_8,matched,1204 BCE-05-03 04:46:49,1204 BCE-05-03 04:46:50,1.276396215
1_8,matched,1204 BCE-07-08 00:16:16,1204 BCE-07-08 00:16:14,-1.560240984
1_8,matched,1204 BCE-07-30 18:22:45,1204 BCE-07-30 18:22:43,-1.797857881
1_8,matched,1204 BCE-10-03 09:34:19,1204 BCE-10-03 09:34:20,0.615204871
1_8,matched,1204 BCE-10-27 07:44:02,1204 BCE-10-27 07:44:01,-0.633189082
1_8,matched,1204 BCE-12-29 19:09:25,1204 BCE-12-29 19:09:26,0.946866721
1_8,matched,1203 BCE-01-23 20:45:47,1203 BCE-01-23 20:45:49,1.537006348
1_8,matched,1203 BCE-03-27 05:01:09,1203 BCE-03-27 05:01:07,-1.636160910
1_8,matched,1203 BCE-04-22 09:29:49,1203 BCE-04-22 09:29:49,0.030255318
1_8,matched,1203 BCE-06-22 15:09:32,1203 BCE-06-22 15:09:32,-0.451114029
1_8,matched,1203 BCE-07-19 21:57:44,1203 BCE-07-19 21:57:42,-1.757765561
1_8,matched,1203 BCE-09-18 01:34:47,1203 BCE-09-18 01:34:49,1.643825322
1_8,matched,1203 BCE-10-16 10:11:35,1203 BCE-10-16 10:11:34,-0.826066732
1_8,matched,1203 BCE-12-14 12:12:26,1203 BCE-12-14 12:12:26,0.212933868
1_8,matched,1202 BCE-01-12 22:10:44,1202 BCE-01-12 22:10:47,2.511895448
1_8,matched,1202 BCE-03-11 23:06:20,1202 BCE-03-11 23:06:18,-1.671425253
1_8,matched,1202 BCE-04-11 09:49:30,1202 BCE-04-11 09:49:31,1.076316833
1_8,matched,1202 BCE-06-07 10:17:23,1202 BCE-06-07 10:17:24,0.628381222
1_8,matched,1202 BCE-07-08 21:13:09,1202 BCE-07-08 21:13:08,-1.434411854
1_8,matched,1202 BCE-09-02 21:42:19,1202 BCE-09-02 21:42:21,2.396808565
1_8,matched,1202 BCE-10-05 08:21:41,1202 BCE-10-05 08:21:41,-0.433552265
1_8,matched,1202 BCE-11-29 09:25:58,1202 BCE-11-29 09:25:58,-0.302653760
1_8,matched,1201 BCE-01-01 19:15:34,1201 BCE-01-01 19:15:35,1.058714837
1_8,matched,1201 BCE-02-24 21:23:03,1201 BCE-02-24 21:23:01,-2.043943852
1_8,matched,1201 BCE-03-30 05:50:56,1201 BCE-03-30 05:50:58,1.532801986
1_8,matched,1201 BCE-05-22 09:37:20,1201 BCE-05-22 09:37:21,0.728742778
1_8,matched,1201 BCE-06-26 16:07:34,1201 BCE-06-26 16:07:33,-0.807660073
1_8,matched,1201 BCE-08-17 22:07:03,1201 BCE-08-17 22:07:05,1.696208864
1_8,matched,1201 BCE-09-23 02:09:20,1201 BCE-09-23 02:09:18,-2.203186601
1_8,matched,1201 BCE-11-13 10:51:00,1201 BCE-11-13 10:50:59,-0.079943240
1_8,matched,1201 BCE-12-20 11:56:57,1201 BCE-12-20 11:56:57,-0.373202562
1_8,matched,1200 BCE-02-08 23:53:51,1200 BCE-02-08 23:53:49,-1.518056542
1_8,matched,1200 BCE-03-18 21:27:05,1200 BCE-03-18 21:27:07,1.789670438
1_8,matched,1200 BCE-05-07 13:11:17,1200 BCE-05-07 13:11:17,-0.227759778
1_8,matched,1200 BCE-06-15 06:40:27,1200 BCE-06-15 06:40:28,1.316347718
1_8,matched,1200 BCE-08-03 02:42:27,1200 BCE-08-03 02:42:28,1.475771517
1_8,matched,1200 BCE-09-11 15:37:16,1200 BCE-09-11 15:37:15,-0.909751654
1_8,matched,1200 BCE-10-29 16:28:45,1200 BCE-10-29 16:28:46,0.548417866
1_8,matched,1200 BCE-12-09 00:21:06,1200 BCE-12-09 00:21:04,-1.512806118
1_8,matched,1199 BCE-01-25 06:28:28,1199 BCE-01-25 06:28:27,-1.310735196
1_8,matched,1199 BCE-03-07 08:50:53,1199 BCE-03-07 08:50:53,-0.289698690
1_8,matched,1199 BCE-04-22 20:45:18,1199 BCE-04-22 20:45:16,-1.524111629
1_8,matched,1199 BCE-06-03 17:04:34,1199 BCE-06-03 17:04:35,0.987361372
1_8,matched,1199 BCE-07-19 11:12:59,1199 BCE-07-19 11:12:59,0.400923193
1_8,matched,1199 BCE-08-31 01:06:51,1199 BCE-08-31 01:06:52,1.022585481
1_8,matched,1199 BCE-10-15 01:50:21,1199 BCE-10-15 01:50:22,1.188949496
1_8,matched,1199 BCE-11-27 08:57:47,1199 BCE-11-27 08:57:47,0.443691015
1_8,matched,1198 BCE-01-10 16:40:15,1198 BCE-01-10 16:40:16,0.976820290
1_8,matched,1198 BCE-02-23 16:38:25,1198 BCE-02-23 16:38:25,-0.269501656
1_8,matched,1198 BCE-04-08 07:40:34,1198 BCE-04-08 07:40:34,-0.202614069
1_8,matched,1198 BCE-05-23 00:09:23,1198 BCE-05-23 00:09:22,-1.316126436
1_8,matched,1198 BCE-07-04 22:50:17,1198 BCE-07-04 22:50:16,-0.902047008
1_8,matched,1198 BCE-08-19 07:30:45,1198 BCE-08-19 07:30:44,-0.580725074
1_8,matched,1198 BCE-09-30 14:05:17,1198 BCE-09-30 14:05:17,-0.095875561
1_8,matched,1198 BCE-11-15 14:48:24,1198 BCE-11-15 14:48:25,0.528985262
1_8,matched,1198 BCE-12-27 05:23:31,1198 BCE-12-27 05:23:32,0.952881575
1_8,matched,1197 BCE-02-11 22:01:13,1197 BCE-02-11 22:01:15,1.611095667
1_8,matched,1197 BCE-03-23 20:49:24,1197 BCE-03-23 20:49:25,1.302547753
1_8,matched,1197 BCE-05-10 05:11:11,1197 BCE-05-10 05:11:12,0.896032155
1_8,matched,1197 BCE-06-19 12:16:04,1197 BCE-06-19 12:16:05,0.669962168
1_8,matched,1197 BCE-08-06 12:22:07,1197 BCE-08-06 12:22:07,-0.289960206
1_8,matched,1197 BCE-09-15 03:40:13,1197 BCE-09-15 03:40:12,-1.415522397
1_8,matched,1197 BCE-11-02 19:33:50,1197 BCE-11-02 19:33:49,-0.675413758
1_8,matched,1197 BCE-12-11 19:00:29,1197 BCE-12-11 19:00:28,-0.744212419
1_8,matched,1196 BCE-01-30 02:51:52,1196 BCE-01-30 02:51:51,-1.296291500
1_8,matched,1196 BCE-03-09 10:14:35,1196 BCE-03-09 10:14:36,0.508285314
1_8,matched,1196 BCE-04-28 10:15:46,1196 BCE-04-28 10:15:45,-0.632947683
1_8,matched,1196 BCE-06-05 01:25:35,1196 BCE-06-05 01:25:36,1.458048820
1_8,matched,1196 BCE-07-25 17:51:23,1196 BCE-07-25 17:51:24,0.894282013
1_8,matched,1196 BCE-08-31 16:21:49,1196 BCE-08-31 16:21:50,0.829345733
1_8,matched,1196 BCE-10-22 01:41:18,1196 BCE-10-22 01:41:19,1.184302568
1_8,matched,1196 BCE-11-27 07:01:00,1196 BCE-11-27 07:00:59,-0.888327509
1_8,matched,1195 BCE-01-18 09:46:10,1195 BCE-01-18 09:46:10,-0.056105107
1_8,matched,1195 BCE-02-22 21:24:13,1195 BCE-02-22 21:24:12,-0.709290057
1_8,matched,1195 BCE-04-16 18:10:31,1195 BCE-04-16 18:10:31,-0.144919753
1_8,matched,1195 BCE-05-21 11:27:06,1195 BCE-05-21 11:27:06,0.141801685
1_8,matched,1195 BCE-07-14 02:59:32,1195 BCE-07-14 02:59:31,-0.723069906
1_8,matched,1195 BCE-08-17 01:08:07,1195 BCE-08-17 01:08:08,1.214960217
1_8,matched,1195 BCE-10-10 12:16:38,1195 BCE-10-10 12:16:38,0.083463639
1_8,matched,1195 BCE-11-12 14:16:55,1195 BCE-11-12 14:16:55,0.336992741
1_8,matched,1194 BCE-01-06 22:06:22,1194 BCE-01-06 22:06:23,1.079736650
1_8,matched,1194 BCE-02-08 02:52:00,1194 BCE-02-08 02:51:59,-0.974808633
1_8,matched,1194 BCE-04-05 08:27:31,1194 BCE-04-05 08:27:32,0.600137562
1_8,matched,1194 BCE-05-06 14:55:56,1194 BCE-05-06 14:55:56,-0.171815604
1_8,matched,1194 BCE-07-02 19:28:39,1194 BCE-07-02 19:28:39,-0.423634797
1_8,matched,1194 BCE-08-02 02:18:26,1194 BCE-08-02 02:18:27,0.709571689
1_8,matched,1194 BCE-09-29 07:16:11,1194 BCE-09-29 07:16:10,-0.612046570
1_8,matched,1194 BCE-10-28 12:57:27,1194 BCE-10-28 12:57:27,0.297242403
1_8,matched,1194 BCE-12-26 19:52:03,1194 BCE-12-26 19:52:04,0.763906538
1_8,matched,1193 BCE-01-23 22:45:23,1193 BCE-01-23 22:45:22,-1.207114756
1_8,matched,1193 BCE-03-24 09:22:46,1193 BCE-03-24 09:22:47,0.858192891
1_8,matched,1193 BCE-04-20 07:38:59,1193 BCE-04-20 07:38:59,-0.179721415
1_8,matched,1193 BCE-06-20 23:51:49,1193 BCE-06-20 23:51:48,-1.260866225
1_8,matched,1193 BCE-07-16 15:34:39,1193 BCE-07-16 15:34:40,0.577063859
1_8,matched,1193 BCE-09-17 15:32:54,1193 BCE-09-17 15:32:54,0.451938808
1_8,matched,1193 BCE-10-11 22:18:50,1193 BCE-10-11 22:18:49,-0.518625230
1_8,matched,1193 BCE-12-15 08:35:51,1193 BCE-12-15 08:35:51,0.434960425
1_8,matched,1192 BCE-01-07 03:44:09,1192 BCE-01-07 03:44:09,0.378251821
1_8,matched,1192 BCE-03-14 03:06:10,1192 BCE-03-14 03:06:09,-1.054349542
1_8,matched,1192 BCE-04-04 07:41:16,1192 BCE-04-04 07:41:15,-0.585915148
1_8,matched,1192 BCE-06-10 23:27:58,1192 BCE-06-10 23:27:59,0.983861089
1_8,matched,1192 BCE-06-30 09:46:01,1192 BCE-06-30 09:46:01,-0.006175786
1_8,matched,1192 BCE-09-07 22:10:34,1192 BCE-09-07 22:10:33,-0.735260546
1_8,matched,1192 BCE-09-25 09:33:22,1192 BCE-09-25 09:33:21,-0.511383265
1_8,matched,1192 BCE-12-06 00:06:20,1192 BCE-12-06 00:06:21,1.198907197
1_8,matched,1192 BCE-12-21 06:09:14,1192 BCE-12-21 06:09:14,0.283864886
1_8,matched,1191 BCE-03-05 06:41:26,1191 BCE-03-05 06:41:25,-0.663866848
1_8,matched,1191 BCE-03-17 22:07:41,1191 BCE-03-17 22:07:40,-0.794986635
1_8,matched,1191 BCE-06-02 21:24:45,1191 BCE-06-02 21:24:44,-0.745097548
1_8,matched,1191 BCE-06-12 05:55:55,1191 BCE-06-12 05:55:54,-0.521984696
1_8,matched,1191 BCE-09-01 13:58:44,1191 BCE-09-01 13:58:45,0.573422760
1_8,matched,1191 BCE-09-05 11:53:57,1191 BCE-09-05 11:53:57,-0.125285983
1_8,matched,1041 BCE-05-10 01:52:24,1041 BCE-05-10 01:52:25,0.548699498
1_8,matched,1041 BCE-05-13 04:43:41,1041 BCE-05-13 04:43:41,-0.272358209
1_8,matched,1041 BCE-08-04 09:55:21,1041 BCE-08-04 09:55:21,-0.115207583
1_8,matched,1041 BCE-08-10 19:18:49,1041 BCE-08-10 19:18:49,0.256043673
1_8,matched,1041 BCE-10-30 06:53:11,1041 BCE-10-30 06:53:11,0.060047954
1_8,matched,1041 BCE-11-07 21:00:20,1041 BCE-11-07 21:00:20,0.082598627
1_8,matched,1040 BCE-01-25 08:22:07,1040 BCE-01-25 08:22:07,-0.428281724
1_8,matched,1040 BCE-02-04 18:10:22,1040 BCE-02-04 18:10:22,-0.307924300
1_8,matched,1040 BCE-04-22 12:13:40,1040 BCE-04-22 12:13:40,0.082316995
1_8,matched,1040 BCE-05-04 12:56:21,1040 BCE-05-04 12:56:21,0.260992348
1_8,matched,1040 BCE-07-18 17:35:14,1040 BCE-07-18 17:35:14,-0.147192925
1_8,matched,1040 BCE-08-01 06:12:27,1040 BCE-08-01 06:12:27,-0.271473080
1_8,matched,1040 BCE-10-13 23:56:31,1040 BCE-10-13 23:56:31,-0.404805690
1_8,matched,1040 BCE-10-28 22:31:14,1040 BCE-10-28 22:31:14,-0.093119591
1_8,matched,1039 BCE-01-09 06:57:46,1039 BCE-01-09 06:57:46,-0.247413665
1_8,matched,1039 BCE-01-25 14:10:28,1039 BCE-01-25 14:10:28,-0.014001131
1_8,matched,1039 BCE-04-06 14:32:19,1039 BCE-04-06 14:32:19,-0.253006071
1_8,matched,1039 BCE-04-24 05:14:28,1039 BCE-04-24 05:14:28,0.134579837
1_8,matched,1039 BCE-07-02 22:31:21,1039 BCE-07-02 22:31:21,0.407320261
1_8,matched,1039 BCE-07-21 19:55:07,1039 BCE-07-21 19:55:07,0.293842703
1_8,matched,1039 BCE-09-28 06:47:51,1039 BCE-09-28 06:47:51,-0.397724658
1_8,matched,1039 BCE-10-18 10:17:41,1039 BCE-10-18 10:17:41,0.475756824
1_8,matched,1039 BCE-12-24 15:23:32,1039 BCE-12-24 15:23:32,-0.032508373
1_8,matched,1038 BCE-01-15 00:25:01,1038 BCE-01-15 00:25:01,0.047434866
1_8,matched,1038 BCE-03-22 00:10:47,1038 BCE-03-22 00:10:47,-0.387666374
1_8,matched,1038 BCE-04-13 14:18:29,1038 BCE-04-13 14:18:29,-0.015630573
1_8,matched,1038 BCE-06-17 09:11:32,1038 BCE-06-17 09:11:32,0.185836852
1_8,matched,1038 BCE-07-11 03:57:24,1038 BCE-07-11 03:57:25,0.501988828
1_8,matched,1038 BCE-09-12 18:21:45,1038 BCE-09-12 18:21:45,-0.321824849
1_8,matched,1038 BCE-10-07 17:26:44,1038 BCE-10-07 17:26:44,-0.167993456
1_8,matched,1038 BCE-12-09 03:41:50,1038 BCE-12-09 03:41:50,0.066082925
1_8,matched,1037 BCE-01-04 06:46:29,1037 BCE-01-04 06:46:29,0.098430365
1_8,matched,1037 BCE-03-05 13:16:28,1037 BCE-03-05 13:16:28,-0.314120203
1_8,matched,1037 BCE-04-01 19:54:57,1037 BCE-04-01 19:54:57,-0.089156628
1_8,matched,1037 BCE-05-31 22:59:34,1037 BCE-05-31 22:59:34,-0.181230158
1_8,matched,1037 BCE-06-29 08:52:47,1037 BCE-06-29 08:52:47,0.110721588
1_8,matched,1037 BCE-08-27 08:51:23,1037 BCE-08-27 08:51:23,0.278896093
1_8,matched,1037 BCE-09-25 21:38:07,1037 BCE-09-25 21:38:07,-0.145141035
1_8,matched,1037 BCE-11-22 18:53:40,1037 BCE-11-22 18:53:40,-0.158840418
1_8,matched,1037 BCE-12-23 10:13:59,1037 BCE-12-23 10:13:59,0.184167176
1_8,matched,1036 BCE-02-18 05:06:47,1036 BCE-02-18 05:06:47,0.421059877
1_8,matched,1036 BCE-03-21 22:38:02,1036 BCE-03-21 22:38:02,0.296075642
1_8,matched,1036 BCE-05-16 15:35:43,1036 BCE-05-16 15:35:43,-0.149063766
1_8,matched,1036 BCE-06-18 10:50:11,1036 BCE-06-18 10:50:11,-0.086963922
1_8,matched,1036 BCE-08-12 02:12:23,1036 BCE-08-12 02:12:23,-0.133493543
1_8,matched,1036 BCE-09-14 22:50:12,1036 BCE-09-14 22:50:12,-0.194889307
1_8,matched,1036 BCE-11-07 12:59:14,1036 BCE-11-07 12:59:14,-0.346970558
1_8,matched,1036 BCE-12-12 10:37:18,1036 BCE-12-12 10:37:18,0.415849686
1_8,matched,1035 BCE-02-02 23:59:29,1035 BCE-02-02 23:59:29,0.218103826
1_8,matched,1035 BCE-03-10 22:11:16,1035 BCE-03-10 22:11:16,-0.020579249
1_8,matched,1035 BCE-05-01 11:13:00,1035 BCE-05-01 11:12:59,-0.450108200
1_8,matched,1035 BCE-06-07 09:33:11,1035 BCE-06-07 09:33:11,0.113517791
1_8,matched,1035 BCE-07-27 22:39:57,1035 BCE-07-27 22:39:57,-0.161576271
1_8,matched,1035 BCE-09-03 20:41:18,1035 BCE-09-03 20:41:18,-0.473644584
1_8,matched,1035 BCE-10-23 10:16:36,1035 BCE-10-23 10:16:36,0.422065705
1_8,matched,1035 BCE-12-01 07:37:54,1035 BCE-12-01 07:37:54,0.472658873
1_8,matched,1034 BCE-01-18 22:04:51,1034 BCE-01-18 22:04:51,0.465718657
1_8,matched,1034 BCE-02-27 18:19:34,1034 BCE-02-27 18:19:34,0.304786116
1_8,matched,1034 BCE-04-16 10:09:30,1034 BCE-04-16 10:09:30,-0.051377714
1_8,matched,1034 BCE-05-27 04:47:46,1034 BCE-05-27 04:47:46,0.323836505
1_8,matched,1034 BCE-07-12 22:25:42,1034 BCE-07-12 22:25:42,-0.199898332
1_8,matched,1034 BCE-08-23 15:05:06,1034 BCE-08-23 15:05:06,-0.463063270
1_8,matched,1034 BCE-10-08 10:53:19,1034 BCE-10-08 10:53:19,0.045081228
1_8,matched,1034 BCE-11-20 01:08:52,1034 BCE-11-20 01:08:52,-0.365397334
1_8,matched,1033 BCE-01-03 23:31:41,1033 BCE-01-03 23:31:41,0.430615246
1_8,matched,1033 BCE-02-16 11:01:20,1033 BCE-02-16 11:01:20,0.159423798
1_8,matched,1033 BCE-03-31 12:21:51,1033 BCE-03-31 12:21:51,0.337214023
1_8,matched,1033 BCE-05-14 20:40:27,1033 BCE-05-14 20:40:27,0.260972232
1_8,matched,1033 BCE-06-27 01:26:38,1033 BCE-06-27 01:26:38,0.053067505
1_8,matched,1033 BCE-08-11 06:10:38,1033 BCE-08-11 06:10:38,-0.207200646
1_8,matched,1033 BCE-09-22 14:38:46,1033 BCE-09-22 14:38:46,-0.078213215
1_8,matched,1033 BCE-11-07 15:32:22,1033 BCE-11-07 15:32:22,-0.004304945
1_8,matched,1033 BCE-12-19 03:59:00,1033 BCE-12-19 03:59:00,0.377829373
1_8,matched,1032 BCE-02-04 00:42:22,1032 BCE-02-04 00:42:22,0.031200796
1_8,matched,1032 BCE-03-16 17:29:20,1032 BCE-03-16 17:29:20,0.352039933
1_8,matched,1032 BCE-05-03 09:43:46,1032 BCE-05-03 09:43:46,0.073023140
1_8,matched,1032 BCE-06-12 07:07:10,1032 BCE-06-12 07:07:11,0.504563749
1_8,matched,1032 BCE-07-30 18:39:32,1032 BCE-07-30 18:39:32,-0.164935738
1_8,matched,1032 BCE-09-07 20:53:25,1032 BCE-09-07 20:53:25,-0.330816954
1_8,matched,1032 BCE-10-27 03:32:28,1032 BCE-10-27 03:32:28,0.190705061
1_8,matched,1032 BCE-12-04 10:40:12,1032 BCE-12-04 10:40:12,-0.078313798
1_8,matched,1031 BCE-01-23 12:22:20,1031 BCE-01-23 12:22:20,-0.201950222
1_8,matched,1031 BCE-03-02 00:29:01,1031 BCE-03-02 00:29:01,0.353085995
1_8,matched,1031 BCE-04-21 21:06:28,1031 BCE-04-21 21:06:28,-0.397664309
1_8,matched,1031 BCE-05-28 14:21:37,1031 BCE-05-28 14:21:37,-0.032065809
1_8,matched,1031 BCE-07-19 05:52:49,1031 BCE-07-19 05:52:49,0.056768954
1_8,matched,1031 BCE-08-24 04:10:16,1031 BCE-08-24 04:10:16,0.415648520
1_8,matched,1031 BCE-10-15 14:44:30,1031 BCE-10-15 14:44:30,0.187908858
1_8,matched,1031 BCE-11-19 17:56:47,1031 BCE-11-19 17:56:47,0.387646258
1_8,matched,1030 BCE-01-11 23:42:38,1030 BCE-01-11 23:42:38,0.179681182
1_8,matched,1030 BCE-02-15 07:33:59,1030 BCE-02-15 07:33:59,0.306918472
1_8,matched,1030 BCE-04-10 08:48:06,1030 BCE-04-10 08:48:06,0.128182769
1_8,matched,1030 BCE-05-13 21:01:48,1030 BCE-05-13 21:01:48,-0.199274719
1_8,matched,1030 BCE-07-07 18:03:37,1030 BCE-07-07 18:03:37,-0.025306642
1_8,matched,1030 BCE-08-09 10:17:21,1030 BCE-08-09 10:17:21,0.285675377
1_8,matched,1030 BCE-10-04 03:37:50,1030 BCE-10-04 03:37:50,0.246226788
1_8,matched,1030 BCE-11-04 23:12:40,1030 BCE-11-04 23:12:40,-0.367046893
1_8,matched,1030 BCE-12-31 13:34:58,1030 BCE-12-31 13:34:58,0.033936650
1_8,matched,1029 BCE-01-31 11:48:24,1029 BCE-01-31 11:48:24,0.020357966
1_8,matched,1029 BCE-03-28 23:53:08,1029 BCE-03-28 23:53:08,-0.428583473
1_8,matched,1029 BCE-04-27 23:59:22,1029 BCE-04-27 23:59:22,-0.178554654
1_8,matched,1029 BCE-06-25 10:41:28,1029 BCE-06-25 10:41:28,0.290261954
1_8,matched,1029 BCE-07-24 11:37:06,1029 BCE-07-24 11:37:06,0.224681944
1_8,matched,1029 BCE-09-21 22:05:17,1029 BCE-09-21 22:05:17,-0.423775613
1_8,matched,1029 BCE-10-19 22:39:21,1029 BCE-10-19 22:39:21,-0.370506942
1_8,matched,1029 BCE-12-19 10:14:03,1029 BCE-12-19 10:14:03,0.241439044
1_8,matched,1028 BCE-01-15 08:56:50,1028 BCE-01-15 08:56:50,0.428221375
1_8,matched,1028 BCE-03-17 23:11:16,1028 BCE-03-17 23:11:16,-0.021826476
1_8,matched,1028 BCE-04-12 18:28:06,1028 BCE-04-12 18:28:06,-0.131703168
1_8,matched,1028 BCE-06-14 13:00:45,1028 BCE-06-14 13:00:45,0.247071683
1_8,matched,1028 BCE-07-09 03:02:13,1028 BCE-07-09 03:02:13,0.115931779
1_8,matched,1028 BCE-09-11 04:02:06,1028 BCE-09-11 04:02:06,0.387565792
1_8,matched,1028 BCE-10-04 10:23:32,1028 BCE-10-04 10:23:32,-0.120136142
1_8,matched,1028 BCE-12-08 20:25:58,1028 BCE-12-08 20:25:58,0.250833482
1_8,matched,1028 BCE-12-30 16:25:18,1028 BCE-12-30 16:25:18,0.432667136
1_8,matched,1027 BCE-03-07 14:28:22,1027 BCE-03-07 14:28:22,0.349887460
1_8,matched,1027 BCE-03-27 20:50:30,1027 BCE-03-27 20:50:30,0.155179203
1_8,matched,1027 BCE-06-04 10:29:48,1027 BCE-06-04 10:29:48,-0.488651544
1_8,matched,1027 BCE-06-22 23:15:22,1027 BCE-06-22 23:15:22,-0.060872734
1_8,matched,1027 BCE-09-01 09:05:57,1027 BCE-09-01 09:05:57,-0.092314929
1_8,matched,1027 BCE-09-17 23:03:59,1027 BCE-09-17 23:03:59,0.159564614
1_8,matched,1027 BCE-11-29 11:27:41,1027 BCE-11-29 11:27:41,0.452300906
1_8,matched,1027 BCE-12-13 19:07:17,1027 BCE-12-13 19:07:17,0.339265913
1_8,matched,1026 BCE-02-26 19:29:21,1026 BCE-02-26 19:29:21,0.037376583
1_8,matched,1026 BCE-03-10 09:36:56,1026 BCE-03-10 09:36:56,0.336831808
1_8,matched,1026 BCE-05-27 14:40:29,1026 BCE-05-27 14:40:28,-0.508888811
1_8,matched,1026 BCE-06-04 12:56:41,1026 BCE-06-04 12:56:41,-0.309935957
1_8,matched,0875 BCE-01-22 16:02:49,0875 BCE-01-22 16:02:49,-0.235846639
1_8,matched,0875 BCE-01-24 10:05:17,0875 BCE-01-24 10:05:17,0.150813907
1_8,matched,0875 BCE-04-18 17:59:45,0875 BCE-04-18 17:59:45,0.440753996
1_8,matched,0875 BCE-04-24 06:45:40,0875 BCE-04-24 06:45:40,-0.058760494
1_8,matched,0875 BCE-07-14 15:14:27,0875 BCE-07-14 15:14:28,0.592392683
1_8,matched,0875 BCE-07-22 08:07:58,0875 BCE-07-22 08:07:58,-0.490301102
1_8,matched,0875 BCE-10-09 17:24:23,0875 BCE-10-09 17:24:23,-0.359402597
1_8,matched,0875 BCE-10-19 04:33:51,0875 BCE-10-19 04:33:51,0.438822806
1_8,matched,0874 BCE-01-04 22:08:03,0874 BCE-01-04 22:08:03,0.082940608
1_8,matched,0874 BCE-01-15 22:26:45,0874 BCE-01-15 22:26:45,0.259302557
1_8,matched,0874 BCE-04-02 04:29:31,0874 BCE-04-02 04:29:31,-0.304685533
1_8,matched,0874 BCE-04-14 14:45:06,0874 BCE-04-14 14:45:06,0.252643973
1_8,matched,0874 BCE-06-28 11:48:06,0874 BCE-06-28 11:48:06,0.184509158
1_8,matched,0874 BCE-07-12 06:06:38,0874 BCE-07-12 06:06:38,0.055179745
1_8,matched,0874 BCE-09-23 19:47:01,0874 BCE-09-23 19:47:01,0.254695863
1_8,matched,0874 BCE-10-08 20:44:56,0874 BCE-10-08 20:44:56,-0.084489584
1_8,matched,0874 BCE-12-20 04:16:19,0874 BCE-12-20 04:16:19,0.228262693
1_8,matched,0873 BCE-01-05 10:53:49,0873 BCE-01-05 10:53:49,-0.425847620
1_8,matched,0873 BCE-03-16 13:09:59,0873 BCE-03-16 13:09:59,-0.275737792
1_8,matched,0873 BCE-04-03 00:38:16,0873 BCE-04-03 00:38:16,0.286580622
1_8,matched,0873 BCE-06-11 22:26:57,0873 BCE-06-11 22:26:57,-0.414521992
1_8,matched,0873 BCE-06-30 14:05:55,0873 BCE-06-30 14:05:55,-0.175899267
1_8,matched,0873 BCE-09-07 07:52:20,0873 BCE-09-07 07:52:20,-0.083886087
1_8,matched,0873 BCE-09-27 03:20:52,0873 BCE-09-27 03:20:52,-0.471371412
1_8,matched,0873 BCE-12-03 17:29:02,0873 BCE-12-03 17:29:03,0.528945029
1_8,matched,0873 BCE-12-24 16:22:21,0873 BCE-12-24 16:22:21,0.161576271
1_8,matched,0872 BCE-03-01 03:17:34,0872 BCE-03-01 03:17:34,-0.061838329
1_8,matched,0872 BCE-03-23 05:12:09,0872 BCE-03-23 05:12:09,-0.212813169
1_8,matched,0872 BCE-05-27 13:16:45,0872 BCE-05-27 13:16:45,-0.462238491
1_8,matched,0872 BCE-06-19 17:53:55,0872 BCE-06-19 17:53:55,0.465879589
1_8,matched,0872 BCE-08-22 23:25:54,0872 BCE-08-22 23:25:54,-0.240734965
1_8,matched,0872 BCE-09-16 06:27:46,0872 BCE-09-16 06:27:46,-0.009635836
1_8,matched,0872 BCE-11-18 09:39:44,0872 BCE-11-18 09:39:44,0.449725986
1_8,matched,0872 BCE-12-13 18:53:24,0872 BCE-12-13 18:53:23,-0.523654372
1_8,matched,0871 BCE-02-13 20:02:38,0871 BCE-02-13 20:02:38,0.213416666
1_8,matched,0871 BCE-03-12 07:06:32,0871 BCE-03-12 07:06:32,-0.166122615
1_8,matched,0871 BCE-05-12 06:37:43,0871 BCE-05-12 06:37:43,0.345099717
1_8,matched,0871 BCE-06-08 19:10:00,0871 BCE-06-08 19:09:59,-0.511765480
1_8,matched,0871 BCE-08-07 17:20:45,0871 BCE-08-07 17:20:45,-0.266504288
1_8,matched,0871 BCE-09-05 07:05:44,0871 BCE-09-05 07:05:44,0.297886133
1_8,matched,0871 BCE-11-03 04:13:49,0871 BCE-11-03 04:13:49,0.213859230
1_8,matched,0871 BCE-12-02 18:51:07,0871 BCE-12-02 18:51:07,0.353206694
1_8,matched,0870 BCE-01-29 15:15:58,0870 BCE-01-29 15:15:58,-0.447231531
1_8,matched,0870 BCE-03-01 06:24:16,0870 BCE-03-01 06:24:16,0.331742316
1_8,matched,0870 BCE-04-27 02:30:20,0870 BCE-04-27 02:30:20,0.066263974
1_8,matched,0870 BCE-05-28 17:43:42,0870 BCE-05-28 17:43:42,0.253227353
1_8,matched,0870 BCE-07-23 13:58:11,0870 BCE-07-23 13:58:11,-0.205571204
1_8,matched,0870 BCE-08-25 04:51:59,0870 BCE-08-25 04:51:59,-0.159282982
1_8,matched,0870 BCE-10-19 01:35:25,0870 BCE-10-19 01:35:25,0.438561291
1_8,matched,0870 BCE-11-21 15:50:37,0870 BCE-11-21 15:50:37,-0.193259865
1_8,matched,0869 BCE-01-14 13:25:09,0869 BCE-01-14 13:25:09,0.030315667
1_8,matched,0869 BCE-02-18 02:33:19,0869 BCE-02-18 02:33:19,0.260429084
1_8,matched,0869 BCE-04-11 01:28:40,0869 BCE-04-11 01:28:40,-0.287143886
1_8,matched,0869 BCE-05-16 13:01:44,0869 BCE-05-16 13:01:44,0.222549587
1_8,matched,0869 BCE-07-07 13:45:13,0869 BCE-07-07 13:45:13,0.265639275
1_8,matched,0869 BCE-08-12 23:16:37,0869 BCE-08-12 23:16:37,0.062703341
1_8,matched,0869 BCE-10-03 02:16:59,0869 BCE-10-03 02:16:59,-0.211324543
1_8,matched,0869 BCE-11-09 09:19:39,0869 BCE-11-09 09:19:39,0.435744971
1_8,matched,0869 BCE-12-29 14:59:54,0869 BCE-12-29 14:59:54,-0.210037082
1_8,matched,0868 BCE-02-05 19:09:10,0868 BCE-02-05 19:09:10,-0.257773697
1_8,matched,0868 BCE-03-27 03:57:19,0868 BCE-03-27 03:57:19,0.184589624
1_8,matched,0868 BCE-05-05 04:40:19,0868 BCE-05-05 04:40:19,-0.463988632
1_8,matched,0868 BCE-06-22 17:09:48,0868 BCE-06-22 17:09:48,-0.136370212
1_8,matched,0868 BCE-08-01 13:58:55,0868 BCE-08-01 13:58:55,-0.170065463
1_8,matched,0868 BCE-09-18 06:33:38,0868 BCE-09-18 06:33:38,-0.285433978
1_8,matched,0868 BCE-10-28 23:05:26,0868 BCE-10-28 23:05:26,0.380927324
1_8,matched,0868 BCE-12-14 20:13:28,0868 BCE-12-14 20:13:28,-0.239648670
1_8,matched,0867 BCE-01-25 07:59:55,0867 BCE-01-25 07:59:55,0.423192233
1_8,matched,0867 BCE-03-12 10:04:27,0867 BCE-03-12 10:04:27,-0.442524254
1_8,matched,0867 BCE-04-23 16:39:12,0867 BCE-04-23 16:39:12,-0.416312367
1_8,matched,0867 BCE-06-08 00:08:45,0867 BCE-06-08 00:08:45,0.393117964
1_8,matched,0867 BCE-07-21 01:03:54,0867 BCE-07-21 01:03:54,0.020981580
1_8,matched,0867 BCE-09-03 14:24:56,0867 BCE-09-03 14:24:56,0.074230134
1_8,matched,0867 BCE-10-17 09:18:35,0867 BCE-10-17 09:18:35,0.399152935
1_8,matched,0867 BCE-11-30 04:50:18,0867 BCE-11-30 04:50:18,0.466141105
1_8,matched,0866 BCE-01-13 17:24:16,0866 BCE-01-13 17:24:16,-0.467549264
1_8,matched,0866 BCE-02-25 19:29:35,0866 BCE-02-25 19:29:35,0.141721219
1_8,matched,0866 BCE-04-12 01:18:08,0866 BCE-04-12 01:18:08,-0.272478908
1_8,matched,0866 BCE-05-24 10:17:27,0866 BCE-05-24 10:17:27,-0.327155739
1_8,matched,0866 BCE-07-09 09:03:00,0866 BCE-07-09 09:03:00,0.195995718
1_8,matched,0866 BCE-08-20 01:11:03,0866 BCE-08-20 01:11:03,0.452139974
1_8,matched,0866 BCE-10-05 16:39:41,0866 BCE-10-05 16:39:41,-0.449826568
1_8,matched,0866 BCE-11-15 16:11:37,0866 BCE-11-15 16:11:37,-0.220457464
1_8,matched,0865 BCE-01-02 00:12:28,0865 BCE-01-02 00:12:28,0.155621767
1_8,matched,0865 BCE-02-11 07:16:16,0865 BCE-02-11 07:16:16,0.466744602
1_8,matched,0865 BCE-03-30 07:40:55,0865 BCE-03-30 07:40:55,0.170548260
1_8,matched,0865 BCE-05-08 22:28:24,0865 BCE-05-08 22:28:24,-0.046952069
1_8,matched,0865 BCE-06-26 15:04:29,0865 BCE-06-26 15:04:29,-0.484608114
1_8,matched,0865 BCE-08-04 13:39:54,0865 BCE-08-04 13:39:54,-0.463988632
1_8,matched,0865 BCE-09-22 22:29:27,0865 BCE-09-22 22:29:27,-0.308386981
1_8,matched,0865 BCE-10-31 04:47:40,0865 BCE-10-31 04:47:40,0.418967754
1_8,matched,0865 BCE-12-20 05:57:01,0865 BCE-12-20 05:57:01,-0.330233574
1_8,matched,0864 BCE-01-26 19:53:57,0864 BCE-01-26 19:53:57,-0.458014011
1_8,matched,0864 BCE-03-18 13:29:12,0864 BCE-03-18 13:29:12,-0.466342270
1_8,matched,0864 BCE-04-24 10:55:31,0864 BCE-04-24 10:55:31,-0.413677096
1_8,matched,0864 BCE-06-14 21:08:50,0864 BCE-06-14 21:08:50,-0.327719003
1_8,matched,0864 BCE-07-21 01:48:51,0864 BCE-07-21 01:48:51,0.186098367
1_8,matched,0864 BCE-09-11 04:57:15,0864 BCE-09-11 04:57:15,-0.497583300
1_8,matched,0864 BCE-10-16 16:28:59,0864 BCE-10-16 16:28:59,-0.407139212
1_8,matched,0864 BCE-12-08 13:02:33,0864 BCE-12-08 13:02:33,-0.421301275
1_8,matched,0863 BCE-01-12 06:51:23,0863 BCE-01-12 06:51:23,0.113799423
1_8,matched,0863 BCE-03-06 21:24:13,0863 BCE-03-06 21:24:13,-0.294446200
1_8,matched,0863 BCE-04-09 21:00:16,0863 BCE-04-09 21:00:16,0.345220417
1_8,matched,0863 BCE-06-03 06:06:16,0863 BCE-06-03 06:06:16,0.000462681
1_8,matched,0863 BCE-07-06 10:46:34,0863 BCE-07-06 10:46:34,-0.341378152
1_8,matched,0863 BCE-08-30 15:14:37,0863 BCE-08-30 15:14:37,-0.027257949
1_8,matched,0863 BCE-10-02 00:04:59,0863 BCE-10-02 00:04:59,-0.289557874
1_8,matched,0863 BCE-11-27 00:51:01,0863 BCE-11-27 00:51:01,-0.344295055
1_8,matched,0863 BCE-12-28 12:52:48,0863 BCE-12-28 12:52:48,-0.217741728
1_8,matched,0862 BCE-02-23 11:02:48,0862 BCE-02-23 11:02:48,-0.053168088
1_8,matched,0862 BCE-03-26 01:05:28,0862 BCE-03-26 01:05:28,0.405912101
1_8,matched,0862 BCE-05-22 21:51:51,0862 BCE-05-22 21:51:51,-0.479156524
1_8,matched,0862 BCE-06-21 12:43:42,0862 BCE-06-21 12:43:42,0.209312886
1_8,matched,0862 BCE-08-19 09:26:44,0862 BCE-08-19 09:26:44,0.399937481
1_8,matched,0862 BCE-09-16 23:34:28,0862 BCE-09-16 23:34:28,-0.161073357
1_8,matched,0862 BCE-11-15 21:53:36,0862 BCE-11-15 21:53:36,-0.340613723
1_8,matched,0862 BCE-12-13 09:31:14,0862 BCE-12-13 09:31:14,0.414783508
1_8,matched,0861 BCE-02-12 11:14:44,0861 BCE-02-12 11:14:44,0.136048347
1_8,matched,0861 BCE-03-09 18:34:11,0861 BCE-03-09 18:34:11,-0.312893093
1_8,matched,0861 BCE-05-11 01:39:40,0861 BCE-05-11 01:39:40,0.380726159
1_8,matched,0861 BCE-06-05 02:32:54,0861 BCE-06-05 02:32:54,-0.206013769
1_8,matched,0861 BCE-08-07 17:20:04,0861 BCE-08-07 17:20:04,0.360810757
1_8,matched,0861 BCE-08-31 09:21:00,0861 BCE-08-31 09:20:59,-0.402894616
1_8,matched,0861 BCE-11-04 10:27:49,0861 BCE-11-04 10:27:49,0.012975186
1_8,matched,0861 BCE-11-26 14:38:48,0861 BCE-11-26 14:38:48,-0.390563160
1_8,matched,0860 BCE-02-01 05:21:04,0860 BCE-02-01 05:21:04,0.232648104
1_8,matched,0860 BCE-02-21 18:11:10,0860 BCE-02-21 18:11:10,-0.231159478
1_8,matched,0860 BCE-05-01 02:15:29,0860 BCE-05-01 02:15:29,-0.424017012
1_8,matched,0860 BCE-05-19 19:43:48,0860 BCE-05-19 19:43:48,-0.335363299
1_8,matched,0860 BCE-07-29 01:54:43,0860 BCE-07-29 01:54:43,-0.019332021
1_8,matched,0860 BCE-08-14 18:31:41,0860 BCE-08-14 18:31:41,0.460126251
1_8,matched,0860 BCE-10-26 05:24:25,0860 BCE-10-26 05:24:25,0.144899637
1_8,matched,0860 BCE-11-09 13:33:17,0860 BCE-11-09 13:33:17,0.389798731
1_8,matched,0859 BCE-01-23 14:50:17,0859 BCE-01-23 14:50:17,0.406093150
1_8,matched,0859 BCE-02-04 02:36:51,0859 BCE-02-04 02:36:51,0.063849986
1_8,matched,0859 BCE-04-23 12:30:53,0859 BCE-04-23 12:30:53,0.301024318
1_8,matched,0859 BCE-05-01 03:26:31,0859 BCE-05-01 03:26:31,-0.277628750
1_8,matched,0710 BCE-07-09 03:32:20,0710 BCE-07-09 03:32:20,-0.041319430
1_8,matched,0710 BCE-07-13 19:55:56,0710 BCE-07-13 19:55:56,-0.221000612
1_8,matched,0710 BCE-10-03 21:52:35,0710 BCE-10-03 21:52:35,-0.293480605
1_8,matched,0710 BCE-10-11 00:12:15,0710 BCE-10-11 00:12:15,0.170870125
1_8,matched,0710 BCE-12-29 23:07:17,0710 BCE-12-29 23:07:17,0.090584904
1_8,matched,0709 BCE-01-07 21:33:06,0709 BCE-01-07 21:33:05,-0.527637452
1_8,matched,0709 BCE-03-26 03:31:45,0709 BCE-03-26 03:31:46,0.516372174
1_8,matched,0709 BCE-04-05 15:43:42,0709 BCE-04-05 15:43:42,0.333230942
1_8,matched,0709 BCE-06-21 09:47:24,0709 BCE-06-21 09:47:24,-0.293017924
1_8,matched,0709 BCE-07-03 08:06:09,0709 BCE-07-03 08:06:09,0.294707716
1_8,matched,0709 BCE-09-16 17:14:47,0709 BCE-09-16 17:14:47,-0.020901114
1_8,matched,0709 BCE-09-29 23:20:56,0709 BCE-09-29 23:20:56,0.161274523
1_8,matched,0709 BCE-12-13 01:24:36,0709 BCE-12-13 01:24:36,0.087507069
1_8,matched,0709 BCE-12-27 13:50:17,0709 BCE-12-27 13:50:17,0.137134641
1_8,matched,0708 BCE-03-10 10:10:01,0708 BCE-03-10 10:10:01,-0.166182965
1_8,matched,0708 BCE-03-26 03:41:02,0708 BCE-03-26 03:41:02,-0.338742882
1_8,matched,0708 BCE-06-05 19:21:40,0708 BCE-06-05 19:21:40,0.468776375
1_8,matched,0708 BCE-06-22 17:08:40,0708 BCE-06-22 17:08:40,0.336530060
1_8,matched,0708 BCE-09-01 04:47:57,0708 BCE-09-01 04:47:57,0.254373997
1_8,matched,0708 BCE-09-19 06:22:21,0708 BCE-09-19 06:22:21,0.235383958
1_8,matched,0708 BCE-11-27 14:27:46,0708 BCE-11-27 14:27:46,0.009635836
1_8,matched,0708 BCE-12-16 19:25:59,0708 BCE-12-16 19:25:59,0.469721854
1_8,matched,0707 BCE-02-23 00:14:10,0707 BCE-02-23 00:14:10,0.171493739
1_8,matched,0707 BCE-03-15 08:18:44,0707 BCE-03-15 08:18:44,0.256345421
1_8,matched,0707 BCE-05-21 10:08:48,0707 BCE-05-21 10:08:48,0.381631404
1_8,matched,0707 BCE-06-11 21:02:58,0707 BCE-06-11 21:02:58,0.096277893
1_8,matched,0707 BCE-08-16 20:08:27,0707 BCE-08-16 20:08:28,0.512288511
1_8,matched,0707 BCE-09-08 09:43:32,0707 BCE-09-08 09:43:32,0.273384154
1_8,matched,0707 BCE-11-12 06:09:22,0707 BCE-11-12 06:09:22,0.391870737
1_8,matched,0707 BCE-12-05 22:24:25,0707 BCE-12-05 22:24:25,0.338762999
1_8,matched,0706 BCE-02-07 16:14:37,0706 BCE-02-07 16:14:37,0.039730221
1_8,matched,0706 BCE-03-04 11:00:11,0706 BCE-03-04 11:00:11,-0.211425126
1_8,matched,0706 BCE-05-06 02:22:37,0706 BCE-05-06 02:22:37,0.371009856
1_8,matched,0706 BCE-05-31 23:32:18,0706 BCE-05-31 23:32:18,-0.214281678
1_8,matched,0706 BCE-08-01 12:32:52,0706 BCE-08-01 12:32:52,0.416131318
1_8,matched,0706 BCE-08-28 12:00:48,0706 BCE-08-28 12:00:48,-0.407782942
1_8,matched,0706 BCE-10-27 22:47:16,0706 BCE-10-27 22:47:16,-0.411323458
1_8,matched,0706 BCE-11-25 00:27:41,0706 BCE-11-25 00:27:41,0.120920688
1_8,matched,0705 BCE-01-23 09:03:58,0705 BCE-01-23 09:03:58,0.143350661
1_8,matched,0705 BCE-02-21 12:51:32,0705 BCE-02-21 12:51:32,-0.260710716
1_8,matched,0705 BCE-04-19 19:26:53,0705 BCE-04-19 19:26:53,-0.015127659
1_8,matched,0705 BCE-05-20 01:07:01,0705 BCE-05-20 01:07:01,0.497543067
1_8,matched,0705 BCE-07-16 05:54:51,0705 BCE-07-16 05:54:51,0.198912621
1_8,matched,0705 BCE-08-16 13:17:45,0705 BCE-08-16 13:17:45,0.400882959
1_8,matched,0705 BCE-10-11 16:27:08,0705 BCE-10-11 16:27:08,0.442242622
1_8,matched,0705 BCE-11-13 01:22:59,0705 BCE-11-13 01:22:59,0.422528386
1_8,matched,0704 BCE-01-07 03:09:02,0704 BCE-01-07 03:09:02,-0.310056657
1_8,matched,0704 BCE-02-09 13:21:17,0704 BCE-02-09 13:21:17,0.487042218
1_8,matched,0704 BCE-04-04 13:57:40,0704 BCE-04-04 13:57:40,0.301486999
1_8,matched,0704 BCE-05-09 01:10:26,0704 BCE-05-09 01:10:26,0.099617243
1_8,matched,0704 BCE-07-01 00:55:29,0704 BCE-07-01 00:55:29,0.305550545
1_8,matched,0704 BCE-08-05 12:48:14,0704 BCE-08-05 12:48:14,-0.277588516
1_8,matched,0704 BCE-09-26 12:01:46,0704 BCE-09-26 12:01:46,-0.185917318
1_8,matched,0704 BCE-11-02 00:17:47,0704 BCE-11-02 00:17:47,-0.416010618
1_8,matched,0704 BCE-12-22 23:16:57,0704 BCE-12-22 23:16:57,0.335101783
1_8,matched,0703 BCE-01-29 11:37:04,0703 BCE-01-29 11:37:04,-0.179158151
1_8,matched,0703 BCE-03-20 10:47:39,0703 BCE-03-20 10:47:39,-0.067511201
1_8,matched,0703 BCE-04-27 22:43:49,0703 BCE-04-27 22:43:49,-0.039951503
1_8,matched,0703 BCE-06-15 22:28:42,0703 BCE-06-15 22:28:42,0.206315517
1_8,matched,0703 BCE-07-25 09:38:12,0703 BCE-07-25 09:38:12,0.069563091
1_8,matched,0703 BCE-09-11 10:20:03,0703 BCE-09-11 10:20:03,-0.419390202
1_8,matched,0703 BCE-10-21 20:18:22,0703 BCE-10-21 20:18:22,-0.422608852
1_8,matched,0703 BCE-12-07 22:24:05,0703 BCE-12-07 22:24:05,0.058317930
1_8,matched,0702 BCE-01-18 06:46:39,0702 BCE-01-18 06:46:39,-0.349123031
1_8,matched,0702 BCE-03-05 10:40:55,0702 BCE-03-05 10:40:55,-0.435523689
1_8,matched,0702 BCE-04-16 17:00:40,0702 BCE-04-16 17:00:40,-0.000422448
1_8,matched,0702 BCE-05-31 23:16:07,0702 BCE-05-31 23:16:07,-0.248218328
1_8,matched,0702 BCE-07-14 03:00:38,0702 BCE-07-14 03:00:38,0.015831739
1_8,matched,0702 BCE-08-27 12:01:20,0702 BCE-08-27 12:01:20,0.050874799
1_8,matched,0702 BCE-10-10 12:46:58,0702 BCE-10-10 12:46:58,-0.471753627
1_8,matched,0702 BCE-11-23 00:58:05,0702 BCE-11-23 00:58:05,0.254414231
1_8,matched,0701 BCE-01-06 22:18:19,0701 BCE-01-06 22:18:19,-0.146468729
1_8,matched,0701 BCE-02-18 14:10:26,0701 BCE-02-18 14:10:26,-0.033775717
1_8,matched,0701 BCE-04-04 07:34:42,0701 BCE-04-04 07:34:42,0.433129817
1_8,matched,0701 BCE-05-16 03:37:45,0701 BCE-05-16 03:37:45,-0.463304669
1_8,matched,0701 BCE-07-01 16:38:07,0701 BCE-07-01 16:38:07,0.366745144
1_8,matched,0701 BCE-08-11 17:19:36,0701 BCE-08-11 17:19:36,0.085455179
1_8,matched,0701 BCE-09-28 01:27:04,0701 BCE-09-28 01:27:04,-0.449766219
1_8,matched,0701 BCE-11-07 07:11:33,0701 BCE-11-07 07:11:33,0.087889284
1_8,matched,0701 BCE-12-25 10:05:09,0701 BCE-12-25 10:05:09,0.288894027
1_8,matched,0700 BCE-02-02 21:14:00,0700 BCE-02-02 21:14:00,0.126050413
1_8,matched,0700 BCE-03-23 18:28:51,0700 BCE-03-23 18:28:51,0.352301449
1_8,matched,0700 BCE-05-01 11:32:21,0700 BCE-05-01 11:32:21,0.172680616
1_8,matched,0700 BCE-06-20 02:41:11,0700 BCE-06-20 02:41:11,0.422286987
1_8,matched,0700 BCE-07-28 02:00:09,0700 BCE-07-28 02:00:09,0.487424433
1_8,matched,0700 BCE-09-16 10:45:13,0700 BCE-09-16 10:45:13,0.241378695
1_8,matched,0700 BCE-10-23 16:36:43,0700 BCE-10-23 16:36:43,-0.154052675
1_8,matched,0700 BCE-12-13 18:39:03,0700 BCE-12-13 18:39:03,0.220578164
1_8,matched,0699 BCE-01-19 07:20:34,0699 BCE-01-19 07:20:34,0.374972820
1_8,matched,0699 BCE-03-12 02:25:56,0699 BCE-03-12 02:25:56,0.426612049
1_8,matched,0699 BCE-04-16 22:11:23,0699 BCE-04-16 22:11:23,-0.072640926
1_8,matched,0699 BCE-06-08 10:05:23,0699 BCE-06-08 10:05:23,-0.471733510
1_8,matched,0699 BCE-07-13 13:10:15,0699 BCE-07-13 13:10:15,-0.237435848
1_8,matched,0699 BCE-09-04 17:43:19,0699 BCE-09-04 17:43:19,0.424861908
1_8,matched,0699 BCE-10-09 04:09:11,0699 BCE-10-09 04:09:11,0.083101541
1_8,matched,0699 BCE-12-02 01:22:03,0699 BCE-12-02 01:22:03,-0.086521357
1_8,matched,0698 BCE-01-04 19:06:32,0698 BCE-01-04 19:06:32,0.297966599
1_8,matched,0698 BCE-02-28 08:58:47,0698 BCE-02-28 08:58:47,0.234840810
1_8,matched,0698 BCE-04-02 10:04:11,0698 BCE-04-02 10:04:11,-0.214221328
1_8,matched,0698 BCE-05-27 16:39:10,0698 BCE-05-27 16:39:10,0.380947441
1_8,matched,0698 BCE-06-29 00:55:55,0698 BCE-06-29 00:55:55,0.287827849
1_8,matched,0698 BCE-08-24 00:28:04,0698 BCE-08-24 00:28:04,-0.446125120
1_8,matched,0698 BCE-09-24 15:41:57,0698 BCE-09-24 15:41:57,0.476440787
1_8,matched,0698 BCE-11-20 08:30:03,0698 BCE-11-20 08:30:03,0.178091973
1_8,matched,0698 BCE-12-21 06:12:47,0698 BCE-12-21 06:12:47,-0.337113440
1_8,matched,0697 BCE-02-16 16:46:27,0697 BCE-02-16 16:46:27,-0.186621398
1_8,matched,0697 BCE-03-17 20:27:41,0697 BCE-03-17 20:27:41,-0.157251209
1_8,matched,0697 BCE-05-15 01:16:22,0697 BCE-05-15 01:16:22,0.111968815
1_8,matched,0697 BCE-06-13 10:26:32,0697 BCE-06-13 10:26:32,0.452904403
1_8,matched,0697 BCE-08-11 10:11:20,0697 BCE-08-11 10:11:20,0.305631012
1_8,matched,0697 BCE-09-08 23:58:37,0697 BCE-09-08 23:58:37,0.374329090
1_8,matched,0697 BCE-11-07 19:37:01,0697 BCE-11-07 19:37:01,0.351838768
1_8,matched,0697 BCE-12-05 13:03:26,0697 BCE-12-05 13:03:26,0.130315125
1_8,matched,0696 BCE-02-04 05:35:56,0696 BCE-02-04 05:35:56,0.044457614
1_8,matched,0696 BCE-03-03 01:32:28,0696 BCE-03-03 01:32:28,-0.307743251
1_8,matched,0696 BCE-05-03 16:12:26,0696 BCE-05-03 16:12:26,0.181853771
1_8,matched,0696 BCE-05-29 13:21:30,0696 BCE-05-29 13:21:30,0.219713151
1_8,matched,0696 BCE-07-31 03:32:23,0696 BCE-07-31 03:32:23,-0.311384350
1_8,matched,0696 BCE-08-25 00:26:11,0696 BCE-08-25 00:26:11,-0.401667506
1_8,matched,0696 BCE-10-27 15:48:48,0696 BCE-10-27 15:48:48,-0.470667332
1_8,matched,0696 BCE-11-20 10:33:16,0696 BCE-11-20 10:33:16,-0.224862993
1_8,matched,0695 BCE-01-24 05:09:51,0695 BCE-01-24 05:09:51,0.337676704
1_8,matched,0695 BCE-02-15 19:40:15,0695 BCE-02-15 19:40:15,-0.017742813
1_8,matched,0695 BCE-04-22 19:38:37,0695 BCE-04-22 19:38:37,0.201769173
1_8,matched,0695 BCE-05-14 03:36:22,0695 BCE-05-14 03:36:22,0.292434543
1_8,matched,0695 BCE-07-20 11:36:01,0695 BCE-07-20 11:36:01,0.323293358
1_8,matched,0695 BCE-08-09 10:02:01,0695 BCE-08-09 10:02:01,-0.480262935
1_8,matched,0695 BCE-10-17 05:19:51,0695 BCE-10-17 05:19:51,0.006578118
1_8,matched,0695 BCE-11-04 14:42:20,0695 BCE-11-04 14:42:20,-0.412711501
1_8,matched,0694 BCE-01-14 01:21:29,0694 BCE-01-14 01:21:29,-0.311505049
1_8,matched,0694 BCE-01-30 17:06:35,0694 BCE-01-30 17:06:35,-0.132145733
1_8,matched,0694 BCE-04-13 00:18:35,0694 BCE-04-13 00:18:35,-0.159906596
1_8,matched,0694 BCE-04-27 16:38:44,0694 BCE-04-27 16:38:44,0.091168284
1_8,matched,0694 BCE-07-11 03:24:54,0694 BCE-07-11 03:24:54,0.398308039
1_8,matched,0694 BCE-07-23 11:58:16,0694 BCE-07-23 11:58:16,0.323253125
1_8,matched,0694 BCE-10-08 13:57:36,0694 BCE-10-08 13:57:36,0.388994068
1_8,matched,0694 BCE-10-17 23:51:07,0694 BCE-10-17 23:51:07,-0.271855295
1_8,matched,0693 BCE-01-06 19:40:08,0693 BCE-01-06 19:40:08,-0.080586970
1_8,matched,0693 BCE-01-11 16:38:17,0693 BCE-01-11 16:38:17,-0.255279243
1_8,matched,0544 BCE-03-23 02:40:11,0544 BCE-03-23 02:40:53,42.343966663
1_8,matched,0544 BCE-03-25 16:21:34,0544 BCE-03-25 16:21:55,20.757541806
1_8,matched,0544 BCE-06-17 14:11:49,0544 BCE-06-17 14:11:41,-8.151333779
1_8,matched,0544 BCE-06-23 03:25:06,0544 BCE-06-23 03:24:48,-17.968460172
1_8,matched,0544 BCE-09-12 14:24:46,0544 BCE-09-12 14:24:52,6.412638724
1_8,matched,0544 BCE-09-20 01:46:35,0544 BCE-09-20 01:46:46,11.309695244
1_8,matched,0544 BCE-12-08 18:48:08,0544 BCE-12-08 18:47:59,-8.052943647
1_8,matched,0544 BCE-12-17 20:00:24,0544 BCE-12-17 20:00:19,-4.912968725
1_8,matched,0543 BCE-03-06 01:29:38,0543 BCE-03-06 01:29:43,4.803373665
1_8,matched,0543 BCE-03-16 11:57:55,0543 BCE-03-16 11:57:53,-2.143380046
1_8,matched,0543 BCE-06-01 09:31:50,0543 BCE-06-01 09:31:51,0.944955647
1_8,matched,0543 BCE-06-13 02:33:11,0543 BCE-06-13 02:33:15,4.000742733
1_8,matched,0543 BCE-08-27 18:27:19,0543 BCE-08-27 18:27:15,-3.922791034
1_8,matched,0543 BCE-09-09 16:13:03,0543 BCE-09-09 16:13:04,0.876861066
1_8,matched,0543 BCE-11-23 03:59:20,0543 BCE-11-23 03:59:21,1.146925986
1_8,matched,0543 BCE-12-07 05:18:37,0543 BCE-12-07 05:18:34,-2.688659728
1_8,matched,0542 BCE-02-18 13:55:43,0542 BCE-02-18 13:55:45,1.810933650
1_8,matched,0542 BCE-03-05 18:00:32,0542 BCE-03-05 18:00:31,-0.518303365
1_8,matched,0542 BCE-05-17 00:12:02,0542 BCE-05-17 00:12:02,-0.032870471
1_8,matched,0542 BCE-06-02 06:23:59,0542 BCE-06-02 06:23:59,0.832021236
1_8,matched,0542 BCE-08-12 10:37:51,0542 BCE-08-12 10:37:50,-1.181948930
1_8,matched,0542 BCE-08-29 18:36:08,0542 BCE-08-29 18:36:09,0.706473738
1_8,matched,0542 BCE-11-07 21:09:50,0542 BCE-11-07 21:09:49,-0.630191714
1_8,matched,0542 BCE-11-26 06:41:38,0542 BCE-11-26 06:41:38,-0.365276635
1_8,matched,0541 BCE-02-03 07:49:20,0541 BCE-02-03 07:49:21,1.105988771
1_8,matched,0541 BCE-02-22 18:41:41,0541 BCE-02-22 18:41:39,-1.860118657
1_8,matched,0541 BCE-04-30 18:30:32,0541 BCE-04-30 18:30:32,0.333090127
1_8,matched,0541 BCE-05-21 06:41:15,0541 BCE-05-21 06:41:14,-0.678411126
1_8,matched,0541 BCE-07-27 05:12:57,0541 BCE-07-27 05:12:55,-1.944105327
1_8,matched,0541 BCE-08-17 18:38:20,0541 BCE-08-17 18:38:21,1.202568412
1_8,matched,0541 BCE-10-22 15:53:09,0541 BCE-10-22 15:53:09,-0.274993479
1_8,matched,0541 BCE-11-14 06:37:42,0541 BCE-11-14 06:37:43,0.736729056
1_8,matched,0540 BCE-01-18 02:32:49,0540 BCE-01-18 02:32:51,1.715923101
1_8,matched,0540 BCE-02-10 18:36:57,0540 BCE-02-10 18:36:55,-1.653521508
1_8,matched,0540 BCE-04-15 13:16:42,0540 BCE-04-15 13:16:42,-0.345139951
1_8,matched,0540 BCE-05-10 06:35:43,0540 BCE-05-10 06:35:42,-0.593881309
1_8,matched,0540 BCE-07-11 23:58:23,0540 BCE-07-11 23:58:21,-2.196608484
1_8,matched,0540 BCE-08-06 18:36:20,0540 BCE-08-06 18:36:22,1.536945999
1_8,matched,0540 BCE-10-07 10:38:33,0540 BCE-10-07 10:38:33,0.106778741
1_8,matched,0540 BCE-11-03 06:35:27,0540 BCE-11-03 06:35:28,1.048797369
1_8,matched,0539 BCE-01-02 21:19:31,0539 BCE-01-02 21:19:33,2.067379653
1_8,matched,0539 BCE-01-30 18:34:10,0539 BCE-01-30 18:34:08,-2.003288269
1_8,matched,0539 BCE-03-31 08:02:49,0539 BCE-03-31 08:02:48,-0.664812326
1_8,matched,0539 BCE-04-29 06:29:58,0539 BCE-04-29 06:29:57,-1.144129783
1_8,matched,0539 BCE-06-26 18:53:22,0539 BCE-06-26 18:53:20,-1.808197796
1_8,matched,0539 BCE-07-26 18:24:13,0539 BCE-07-26 18:24:14,1.384542882
1_8,matched,0539 BCE-09-22 05:42:32,0539 BCE-09-22 05:42:34,1.787316799
1_8,matched,0539 BCE-10-23 06:15:43,0539 BCE-10-23 06:15:44,1.003575325
1_8,matched,0539 BCE-12-18 16:34:43,0539 BCE-12-18 16:34:44,0.985410064
1_8,matched,0538 BCE-01-19 18:00:51,0538 BCE-01-19 18:00:49,-1.823446155
1_8,matched,0538 BCE-03-16 03:33:36,0538 BCE-03-16 03:33:34,-1.760038733
1_8,matched,0538 BCE-04-18 05:39:07,0538 BCE-04-18 05:39:06,-1.154670864
1_8,matched,0538 BCE-06-11 14:39:32,0538 BCE-06-11 14:39:31,-1.103655249
1_8,matched,0538 BCE-07-15 17:12:12,0538 BCE-07-15 17:12:13,1.428477466
1_8,matched,0538 BCE-09-07 01:53:56,0538 BCE-09-07 01:53:57,1.351451129
1_8,matched,0538 BCE-10-12 04:38:35,0538 BCE-10-12 04:38:36,1.392669976
1_8,matched,0538 BCE-12-03 13:12:30,0538 BCE-12-03 13:12:30,0.302593410
1_8,matched,0537 BCE-01-08 15:56:58,0537 BCE-01-08 15:56:57,-1.164849848
1_8,matched,0537 BCE-02-29 00:39:06,0537 BCE-02-29 00:39:04,-1.723426580
1_8,matched,0537 BCE-04-06 03:02:58,0537 BCE-04-06 03:02:57,-1.245456934
1_8,matched,0537 BCE-05-26 12:18:07,0537 BCE-05-26 12:18:07,-0.106034428
1_8,matched,0537 BCE-07-03 13:59:35,0537 BCE-07-03 13:59:35,0.135565549
1_8,matched,0537 BCE-08-22 00:05:03,0537 BCE-08-22 00:05:05,2.147403359
1_8,matched,0537 BCE-09-30 00:48:08,0537 BCE-09-30 00:48:09,1.450806856
1_8,matched,0537 BCE-11-17 12:02:40,0537 BCE-11-17 12:02:41,0.556585193
1_8,matched,0537 BCE-12-27 11:25:31,0537 BCE-12-27 11:25:31,0.289175659
1_8,matched,0536 BCE-02-13 00:09:28,0536 BCE-02-13 00:09:27,-1.097258180
1_8,matched,0536 BCE-03-25 21:50:34,0536 BCE-03-25 21:50:32,-1.704034209
1_8,matched,0536 BCE-05-11 12:28:17,0536 BCE-05-11 12:28:17,-0.200501829
1_8,matched,0536 BCE-06-22 08:02:19,0536 BCE-06-22 08:02:18,-1.106431335
1_8,matched,0536 BCE-08-07 01:00:09,0536 BCE-08-07 01:00:11,1.527913660
1_8,matched,0536 BCE-09-18 18:03:24,0536 BCE-09-18 18:03:25,1.110253483
1_8,matched,0536 BCE-11-02 13:41:33,0536 BCE-11-02 13:41:34,0.584346056
1_8,matched,0536 BCE-12-16 03:55:09,0536 BCE-12-16 03:55:10,1.425459981
1_8,matched,0535 BCE-01-29 02:34:38,0535 BCE-01-29 02:34:36,-1.523226500
1_8,matched,0535 BCE-03-14 13:31:27,0535 BCE-03-14 13:31:27,0.236289203
1_8,matched,0535 BCE-04-26 15:40:54,0535 BCE-04-26 15:40:54,-0.492252409
1_8,matched,0535 BCE-06-10 22:55:43,0535 BCE-06-10 22:55:42,-1.229564846
1_8,matched,0535 BCE-07-23 04:57:18,0535 BCE-07-23 04:57:19,0.917395949
1_8,matched,0535 BCE-09-07 08:08:59,0535 BCE-09-07 08:08:58,-0.698708743
1_8,matched,0535 BCE-10-18 18:26:33,0535 BCE-10-18 18:26:34,1.311700791
1_8,matched,0535 BCE-12-04 17:13:33,0535 BCE-12-04 17:13:34,1.013251394
1_8,matched,0534 BCE-01-14 08:04:21,0534 BCE-01-14 08:04:20,-0.696656853
1_8,matched,0534 BCE-03-03 02:07:26,0534 BCE-03-03 02:07:27,1.221317053
1_8,matched,0534 BCE-04-11 21:53:25,0534 BCE-04-11 21:53:24,-0.970644504
1_8,matched,0534 BCE-05-30 10:46:55,0534 BCE-05-30 10:46:55,0.120276958
1_8,matched,0534 BCE-07-08 11:53:21,0534 BCE-07-08 11:53:21,-0.013659149
1_8,matched,0534 BCE-08-26 19:19:06,0534 BCE-08-26 19:19:05,-1.098284125
1_8,matched,0534 BCE-10-04 01:59:20,0534 BCE-10-04 01:59:21,0.917395949
1_8,matched,0534 BCE-11-23 03:45:18,0534 BCE-11-23 03:45:17,-0.762800127
1_8,matched,0534 BCE-12-30 16:15:10,0534 BCE-12-30 16:15:10,0.221221894
1_8,matched,0533 BCE-02-19 12:05:40,0533 BCE-02-19 12:05:40,-0.232849270
1_8,matched,0533 BCE-03-27 06:36:06,0533 BCE-03-27 06:36:05,-0.687383115
1_8,matched,0533 BCE-05-17 20:18:44,0533 BCE-05-17 20:18:44,0.466845185
1_8,matched,0533 BCE-06-22 21:01:19,0533 BCE-06-22 21:01:18,-1.044753939
1_8,matched,0533 BCE-08-14 04:26:34,0533 BCE-08-14 04:26:35,1.453864574
1_8,matched,0533 BCE-09-18 11:29:32,0533 BCE-09-18 11:29:32,0.099657476
1_8,matched,0533 BCE-11-10 12:35:36,0533 BCE-11-10 12:35:36,-0.224058330
1_8,matched,0533 BCE-12-15 01:55:24,0533 BCE-12-15 01:55:25,0.975713879
1_8,matched,0532 BCE-02-06 20:47:09,0532 BCE-02-06 20:47:08,-1.007900387
1_8,matched,0532 BCE-03-12 16:23:42,0532 BCE-03-12 16:23:43,0.673019886
1_8,matched,0532 BCE-05-06 04:59:25,0532 BCE-05-06 04:59:24,-1.261409372
1_8,matched,0532 BCE-06-08 06:47:16,0532 BCE-06-08 06:47:16,-0.039609522
1_8,matched,0532 BCE-08-02 13:18:25,0532 BCE-08-02 13:18:25,-0.386660546
1_8,matched,0532 BCE-09-03 21:00:43,0532 BCE-09-03 21:00:42,-0.897862762
1_8,matched,0532 BCE-10-29 21:46:24,0532 BCE-10-29 21:46:25,0.574267656
1_8,matched,0532 BCE-11-30 11:03:49,0532 BCE-11-30 11:03:49,-0.381208956
1_8,matched,0531 BCE-01-26 06:29:39,0531 BCE-01-26 06:29:39,0.336912274
1_8,matched,0531 BCE-02-26 00:51:32,0531 BCE-02-26 00:51:33,1.205646247
1_8,matched,0531 BCE-04-24 15:29:24,0531 BCE-04-24 15:29:24,0.119874626
1_8,matched,0531 BCE-05-24 14:25:35,0531 BCE-05-24 14:25:35,0.042627007
1_8,matched,0531 BCE-07-22 00:47:59,0531 BCE-07-22 00:47:58,-1.361609995
1_8,matched,0531 BCE-08-20 03:35:21,0531 BCE-08-20 03:35:20,-0.960425287
1_8,matched,0531 BCE-10-18 10:35:41,0531 BCE-10-18 10:35:41,-0.434175879
1_8,matched,0531 BCE-11-15 16:13:20,0531 BCE-11-15 16:13:19,-0.904722512
1_8,matched,0530 BCE-01-14 20:55:21,0530 BCE-01-14 20:55:21,0.264874846
1_8,matched,0530 BCE-02-11 04:20:50,0530 BCE-02-11 04:20:50,0.407541543
1_8,matched,0530 BCE-04-13 07:51:43,0530 BCE-04-13 07:51:43,0.386217982
1_8,matched,0530 BCE-05-09 15:51:53,0530 BCE-05-09 15:51:53,0.245120376
1_8,matched,0530 BCE-07-10 19:32:02,0530 BCE-07-10 19:32:02,-0.480745733
1_8,matched,0530 BCE-08-05 02:38:49,0530 BCE-08-05 02:38:48,-1.148153096
1_8,matched,0530 BCE-10-07 08:02:09,0530 BCE-10-07 08:02:08,-0.549926609
1_8,matched,0530 BCE-10-31 12:31:54,0530 BCE-10-31 12:31:54,0.271412730
1_8,matched,0529 BCE-01-03 21:37:43,0529 BCE-01-03 21:37:44,0.567367673
1_8,matched,0529 BCE-01-26 21:19:19,0529 BCE-01-26 21:19:20,0.566643476
1_8,matched,0529 BCE-04-01 12:23:26,0529 BCE-04-01 12:23:26,-0.423111767
1_8,matched,0529 BCE-04-23 05:00:26,0529 BCE-04-23 05:00:25,-0.687222183
1_8,matched,0529 BCE-06-29 04:34:32,0529 BCE-06-29 04:34:32,-0.466965884
1_8,matched,0529 BCE-07-19 11:15:20,0529 BCE-07-19 11:15:20,-0.460488349
1_8,matched,0529 BCE-09-25 22:33:10,0529 BCE-09-25 22:33:11,0.958876312
1_8,matched,0529 BCE-10-14 15:42:00,0529 BCE-10-14 15:42:01,0.918723643
1_8,matched,0529 BCE-12-23 18:43:19,0529 BCE-12-23 18:43:18,-1.030410826
1_8,matched,0528 BCE-01-09 17:56:22,0528 BCE-01-09 17:56:21,-0.898144394
1_8,matched,0528 BCE-03-22 17:51:52,0528 BCE-03-22 17:51:52,0.422930717
1_8,matched,0528 BCE-04-06 17:13:44,0528 BCE-04-06 17:13:45,0.804300606
1_8,matched,0528 BCE-06-19 21:12:16,0528 BCE-06-19 21:12:15,-1.020412892
1_8,matched,0528 BCE-07-02 12:22:56,0528 BCE-07-02 12:22:55,-0.503698736
1_8,matched,0528 BCE-09-17 07:46:54,0528 BCE-09-17 07:46:55,0.773321092
1_8,matched,0528 BCE-09-27 00:18:00,0528 BCE-09-27 00:17:59,-0.945076346
1_8,matched,0528 BCE-12-16 12:46:59,0528 BCE-12-16 12:46:58,-0.514823198
1_8,matched,0528 BCE-12-21 17:46:25,0528 BCE-12-21 17:46:24,-1.205887645
1_8,matched,0381 BCE-07-07 03:19:39,0381 BCE-07-07 03:19:57,18.229150772
1_8,matched,0381 BCE-07-12 02:24:46,0381 BCE-07-12 02:25:07,21.444019675
1_8,matched,0381 BCE-10-01 23:21:07,0381 BCE-10-01 23:20:54,-12.973375618
1_8,matched,0381 BCE-10-09 04:53:10,0381 BCE-10-09 04:52:59,-11.256124824
1_8,matched,0381 BCE-12-28 02:12:24,0381 BCE-12-28 02:12:31,7.210562378
1_8,matched,0380 BCE-01-06 00:32:09,0380 BCE-01-06 00:32:17,7.995289564
1_8,matched,0380 BCE-03-25 08:34:46,0380 BCE-03-25 08:34:46,-0.415889919
1_8,matched,0380 BCE-04-04 16:44:21,0380 BCE-04-04 16:44:20,-0.874809176
1_8,matched,0380 BCE-06-20 17:00:58,0380 BCE-06-20 17:00:54,-4.377023131
1_8,matched,0380 BCE-07-02 06:50:55,0380 BCE-07-02 06:50:51,-4.352400452
1_8,matched,0380 BCE-09-16 02:54:27,0380 BCE-09-16 02:54:29,1.821193099
1_8,matched,0380 BCE-09-28 19:27:03,0380 BCE-09-28 19:27:04,0.763685256
1_8,matched,0380 BCE-12-12 13:53:28,0380 BCE-12-12 13:53:30,1.947323978
1_8,matched,0380 BCE-12-26 06:59:28,0380 BCE-12-26 06:59:31,2.716239542
1_8,matched,0379 BCE-03-10 01:43:18,0379 BCE-03-10 01:43:17,-1.095508039
1_8,matched,0379 BCE-03-24 17:41:48,0379 BCE-03-24 17:41:48,0.099214911
1_8,matched,0379 BCE-06-05 14:16:05,0379 BCE-06-05 14:16:04,-1.353120804
1_8,matched,0379 BCE-06-21 03:46:00,0379 BCE-06-21 03:45:58,-1.666959375
1_8,matched,0379 BCE-09-01 03:14:28,0379 BCE-09-01 03:14:27,-0.748859346
1_8,matched,0379 BCE-09-17 13:20:35,0379 BCE-09-17 13:20:33,-1.617372036
1_8,matched,0379 BCE-11-27 16:35:58,0379 BCE-11-27 16:35:59,0.824417174
1_8,matched,0379 BCE-12-14 22:31:02,0379 BCE-12-14 22:31:02,-0.390180945
1_8,matched,0378 BCE-02-23 06:18:10,0378 BCE-02-23 06:18:11,1.087099314
1_8,matched,0378 BCE-03-13 07:21:56,0378 BCE-03-13 07:21:57,0.848013908
1_8,matched,0378 BCE-05-21 20:14:22,0378 BCE-05-21 20:14:23,0.620193779
1_8,matched,0378 BCE-06-09 16:01:47,0378 BCE-06-09 16:01:48,0.986073911
1_8,matched,0378 BCE-08-17 10:20:05,0378 BCE-08-17 10:20:04,-0.980179757
1_8,matched,0378 BCE-09-06 00:32:11,0378 BCE-09-06 00:32:12,0.780160725
1_8,matched,0378 BCE-11-13 00:28:46,0378 BCE-11-13 00:28:45,-1.243223995
1_8,matched,0378 BCE-12-03 08:58:38,0378 BCE-12-03 08:58:38,0.032206625
1_8,matched,0377 BCE-02-08 14:40:47,0377 BCE-02-08 14:40:47,0.014443696
1_8,matched,0377 BCE-02-29 17:20:23,0377 BCE-02-29 17:20:22,-1.309548318
1_8,matched,0377 BCE-05-06 04:56:34,0377 BCE-05-06 04:56:36,1.910007745
1_8,matched,0377 BCE-05-28 01:42:06,0377 BCE-05-28 01:42:05,-1.462756097
1_8,matched,0377 BCE-08-01 19:07:22,0377 BCE-08-01 19:07:24,1.624895632
1_8,matched,0377 BCE-08-24 10:09:49,0377 BCE-08-24 10:09:49,-0.373162329
1_8,matched,0377 BCE-10-28 09:11:51,0377 BCE-10-28 09:11:50,-0.958695263
1_8,matched,0377 BCE-11-20 18:42:36,0377 BCE-11-20 18:42:37,1.444852352
1_8,matched,0376 BCE-01-23 23:08:59,0376 BCE-01-23 23:08:57,-1.724150777
1_8,matched,0376 BCE-02-17 03:22:30,0376 BCE-02-17 03:22:31,1.130229235
1_8,matched,0376 BCE-04-21 12:58:52,0376 BCE-04-21 12:58:52,-0.155521184
1_8,matched,0376 BCE-05-16 12:09:51,0376 BCE-05-16 12:09:51,0.110218674
1_8,matched,0376 BCE-07-18 02:42:41,0376 BCE-07-18 02:42:43,1.727409661
1_8,matched,0376 BCE-08-12 21:08:27,0376 BCE-08-12 21:08:25,-2.323805541
1_8,matched,0376 BCE-10-13 16:11:23,0376 BCE-10-13 16:11:24,0.777646154
1_8,matched,0376 BCE-11-09 06:21:09,0376 BCE-11-09 06:21:07,-1.732096821
1_8,matched,0375 BCE-01-09 05:28:00,0375 BCE-01-09 05:27:58,-1.520209014
1_8,matched,0375 BCE-02-05 15:43:21,0375 BCE-02-05 15:43:22,0.789776444
1_8,matched,0375 BCE-04-06 18:33:46,0375 BCE-04-06 18:33:45,-1.011159271
1_8,matched,0375 BCE-05-05 01:17:13,0375 BCE-05-05 01:17:15,2.142354101
1_8,matched,0375 BCE-07-03 07:27:52,0375 BCE-07-03 07:27:54,1.684742421
1_8,matched,0375 BCE-08-01 11:04:50,0375 BCE-08-01 11:04:50,0.455700606
1_8,matched,0375 BCE-09-28 20:11:57,0375 BCE-09-28 20:11:58,1.478185505
1_8,matched,0375 BCE-10-28 21:07:02,0375 BCE-10-28 21:07:00,-1.760481298
1_8,matched,0375 BCE-12-25 08:40:41,0375 BCE-12-25 08:40:40,-0.744554400
1_8,matched,0374 BCE-01-25 07:21:18,0374 BCE-01-25 07:21:17,-0.834555924
1_8,matched,0374 BCE-03-22 20:58:49,0374 BCE-03-22 20:58:47,-1.996951550
1_8,matched,0374 BCE-04-23 17:42:43,0374 BCE-04-23 17:42:44,1.217293739
1_8,matched,0374 BCE-06-18 09:09:09,0374 BCE-06-18 09:09:10,0.505267829
1_8,matched,0374 BCE-07-21 04:15:11,0374 BCE-07-21 04:15:13,1.669111848
1_8,matched,0374 BCE-09-13 21:08:28,0374 BCE-09-13 21:08:30,1.808740944
1_8,matched,0374 BCE-10-17 14:58:57,0374 BCE-10-17 14:58:57,-0.319732726
1_8,matched,0374 BCE-12-10 09:01:51,0374 BCE-12-10 09:01:51,-0.079178810
1_8,matched,0373 BCE-01-14 01:51:24,0373 BCE-01-14 01:51:22,-1.864021271
1_8,matched,0373 BCE-03-06 20:46:20,0373 BCE-03-06 20:46:18,-1.609949023
1_8,matched,0373 BCE-04-11 12:48:06,0373 BCE-04-11 12:48:06,0.102011114
1_8,matched,0373 BCE-06-02 08:26:28,0373 BCE-06-02 08:26:28,0.437092781
1_8,matched,0373 BCE-07-08 23:48:07,0373 BCE-07-08 23:48:09,1.938834786
1_8,matched,0373 BCE-08-28 20:03:02,0373 BCE-08-28 20:03:03,1.283215731
1_8,matched,0373 BCE-10-05 10:52:49,0373 BCE-10-05 10:52:50,0.665033609
1_8,matched,0373 BCE-11-24 07:35:24,0373 BCE-11-24 07:35:23,-0.617357343
1_8,matched,0372 BCE-01-01 22:02:03,0372 BCE-01-01 22:02:01,-1.633565873
1_8,matched,0372 BCE-02-19 19:08:28,0372 BCE-02-19 19:08:27,-1.492971182
1_8,matched,0372 BCE-03-31 09:08:34,0372 BCE-03-31 09:08:33,-0.544635952
1_8,matched,0372 BCE-05-18 06:42:24,0372 BCE-05-18 06:42:25,0.640028715
1_8,matched,0372 BCE-06-27 20:13:45,0372 BCE-06-27 20:13:46,0.836829096
1_8,matched,0372 BCE-08-13 18:16:23,0372 BCE-08-13 18:16:25,1.511257142
1_8,matched,0372 BCE-09-24 07:16:05,0372 BCE-09-24 07:16:06,1.263159513
1_8,matched,0372 BCE-11-09 05:54:26,0372 BCE-11-09 05:54:25,-1.129947603
1_8,matched,0372 BCE-12-21 18:16:38,0372 BCE-12-21 18:16:37,-0.597924739
1_8,matched,0371 BCE-02-04 17:35:27,0371 BCE-02-04 17:35:26,-1.234050840
1_8,matched,0371 BCE-03-20 05:12:18,0371 BCE-03-20 05:12:17,-1.272312552
1_8,matched,0371 BCE-05-03 05:24:10,0371 BCE-05-03 05:24:11,1.102387905
1_8,matched,0371 BCE-06-16 15:58:10,0371 BCE-06-16 15:58:10,0.107824802
1_8,matched,0371 BCE-07-29 17:18:54,0371 BCE-07-29 17:18:55,1.154449582
1_8,matched,0371 BCE-09-13 02:38:22,0371 BCE-09-13 02:38:23,0.833610445
1_8,matched,0371 BCE-10-25 05:18:44,0371 BCE-10-25 05:18:43,-0.573020428
1_8,matched,0371 BCE-12-10 13:11:28,0371 BCE-12-10 13:11:28,0.184569508
1_8,matched,0370 BCE-01-20 17:29:20,0370 BCE-01-20 17:29:19,-0.545360148
1_8,matched,0370 BCE-03-08 23:35:39,0370 BCE-03-08 23:35:37,-1.645153016
1_8,matched,0370 BCE-04-18 05:49:36,0370 BCE-04-18 05:49:36,0.322327763
1_8,matched,0370 BCE-06-05 09:48:39,0370 BCE-06-05 09:48:38,-1.022625715
1_8,matched,0370 BCE-07-14 18:19:44,0370 BCE-07-14 18:19:45,0.917878747
1_8,matched,0370 BCE-09-01 19:48:59,0370 BCE-09-01 19:48:59,0.771752000
1_8,matched,0370 BCE-10-10 06:59:57,0370 BCE-10-10 06:59:56,-0.681348145
1_8,matched,0370 BCE-11-29 05:40:58,0370 BCE-11-29 05:40:59,1.108442992
1_8,matched,0369 BCE-01-05 19:48:37,0369 BCE-01-05 19:48:36,-1.205545664
1_8,matched,0369 BCE-02-25 15:21:52,0369 BCE-02-25 15:21:51,-0.589958578
1_8,matched,0369 BCE-04-02 08:53:38,0369 BCE-04-02 08:53:38,0.131622702
1_8,matched,0369 BCE-05-24 00:50:02,0369 BCE-05-24 00:50:01,-1.441352069
1_8,matched,0369 BCE-06-28 22:09:04,0369 BCE-06-28 22:09:05,0.774206221
1_8,matched,0369 BCE-08-20 10:06:46,0369 BCE-08-20 10:06:46,-0.073546171
1_8,matched,0369 BCE-09-24 11:33:39,0369 BCE-09-24 11:33:39,0.199697167
1_8,matched,0369 BCE-11-16 19:10:41,0369 BCE-11-16 19:10:41,0.281833112
1_8,matched,0369 BCE-12-21 01:09:49,0369 BCE-12-21 01:09:48,-0.984645635
1_8,matched,0368 BCE-02-13 04:04:29,0368 BCE-02-13 04:04:29,0.390160829
1_8,matched,0368 BCE-03-18 14:56:45,0368 BCE-03-18 14:56:44,-0.547693670
1_8,matched,0368 BCE-05-12 12:46:09,0368 BCE-05-12 12:46:09,0.114583969
1_8,matched,0368 BCE-06-14 04:59:36,0368 BCE-06-14 04:59:37,0.535020232
1_8,matched,0368 BCE-08-08 21:17:13,0368 BCE-08-08 21:17:13,-0.472256541
1_8,matched,0368 BCE-09-09 19:09:04,0368 BCE-09-09 19:09:05,0.525404513
1_8,matched,0368 BCE-11-05 05:40:46,0368 BCE-11-05 05:40:45,-1.208864897
1_8,matched,0368 BCE-12-06 09:23:27,0368 BCE-12-06 09:23:27,0.089056045
1_8,matched,0367 BCE-02-01 13:55:05,0367 BCE-02-01 13:55:05,-0.331480801
1_8,matched,0367 BCE-03-03 23:47:48,0367 BCE-03-03 23:47:47,-0.695630908
1_8,matched,0367 BCE-04-30 22:01:49,0367 BCE-04-30 22:01:50,1.192429662
1_8,matched,0367 BCE-05-30 14:19:06,0367 BCE-05-30 14:19:06,-0.300762802
1_8,matched,0367 BCE-07-28 06:04:52,0367 BCE-07-28 06:04:53,0.897581130
1_8,matched,0367 BCE-08-26 04:56:07,0367 BCE-08-26 04:56:08,0.714922696
1_8,matched,0367 BCE-10-24 14:04:13,0367 BCE-10-24 14:04:13,-0.028625876
1_8,matched,0367 BCE-11-21 19:31:50,0367 BCE-11-21 19:31:50,0.384286791
1_8,matched,0366 BCE-01-20 22:06:24,0366 BCE-01-20 22:06:23,-0.822043419
1_8,matched,0366 BCE-02-17 10:03:54,0366 BCE-02-17 10:03:54,-0.104022771
1_8,matched,0366 BCE-04-19 06:08:15,0366 BCE-04-19 06:08:15,-0.407923758
1_8,matched,0366 BCE-05-16 00:37:23,0366 BCE-05-16 00:37:22,-0.988467783
1_8,matched,0366 BCE-07-16 14:17:00,0366 BCE-07-16 14:17:00,0.146207213
1_8,matched,0366 BCE-08-11 15:02:01,0366 BCE-08-11 15:02:00,-0.656886399
1_8,matched,0366 BCE-10-12 22:38:50,0366 BCE-10-12 22:38:50,0.240513682
1_8,matched,0366 BCE-11-07 05:13:26,0366 BCE-11-07 05:13:26,0.279942155
1_8,matched,0365 BCE-01-09 07:14:29,0365 BCE-01-09 07:14:29,0.190705061
1_8,matched,0365 BCE-02-02 19:07:53,0365 BCE-02-02 19:07:54,1.051070541
1_8,matched,0365 BCE-04-06 16:11:19,0365 BCE-04-06 16:11:19,-0.350672007
1_8,matched,0365 BCE-04-30 08:40:36,0365 BCE-04-30 08:40:36,0.049446523
1_8,matched,0365 BCE-07-04 01:32:39,0365 BCE-07-04 01:32:38,-0.748436898
1_8,matched,0365 BCE-07-26 21:49:09,0365 BCE-07-26 21:49:08,-0.883077085
1_8,matched,0365 BCE-09-30 11:30:28,0365 BCE-09-30 11:30:28,-0.452381372
1_8,matched,0365 BCE-10-22 10:20:00,0365 BCE-10-22 10:20:00,0.476641953
1_8,matched,0365 BCE-12-27 22:13:08,0365 BCE-12-27 22:13:09,0.520475954
1_8,matched,0364 BCE-01-17 22:05:02,0364 BCE-01-17 22:05:03,0.986114144
1_8,matched,0364 BCE-03-26 09:42:22,0364 BCE-03-26 09:42:22,0.168778002
1_8,matched,0364 BCE-04-15 09:02:11,0364 BCE-04-15 09:02:11,-0.256989151
1_8,matched,0364 BCE-06-22 22:15:51,0364 BCE-06-22 22:15:50,-0.963985920
1_8,matched,0364 BCE-07-11 18:52:23,0364 BCE-07-11 18:52:22,-0.578109920
1_8,matched,0364 BCE-09-19 12:11:10,0364 BCE-09-19 12:11:10,0.228101760
1_8,matched,0364 BCE-10-07 03:23:55,0364 BCE-10-07 03:23:56,1.041173190
1_8,matched,0364 BCE-12-17 03:51:17,0364 BCE-12-17 03:51:18,0.858554989
1_8,matched,0363 BCE-01-02 10:09:51,0363 BCE-01-02 10:09:51,-0.376662612
1_8,matched,0363 BCE-03-15 21:43:26,0363 BCE-03-15 21:43:25,-0.582093000
1_8,matched,0363 BCE-03-30 14:42:50,0363 BCE-03-30 14:42:50,0.355902314
1_8,matched,0363 BCE-06-12 18:27:27,0363 BCE-06-12 18:27:27,0.119794160
1_8,matched,0363 BCE-06-25 16:22:09,0363 BCE-06-25 16:22:10,0.581569970
1_8,matched,0363 BCE-09-09 19:47:41,0363 BCE-09-09 19:47:40,-1.055355370
1_8,matched,0363 BCE-09-20 13:24:41,0363 BCE-09-20 13:24:41,0.324942917
1_8,matched,0363 BCE-12-08 05:25:09,0363 BCE-12-08 05:25:10,0.970865786
1_8,matched,0363 BCE-12-16 02:15:05,0363 BCE-12-16 02:15:04,-0.619811565
1_8,matched,0362 BCE-03-08 19:16:58,0362 BCE-03-08 19:16:55,-3.310241550
1_8,matched,0362 BCE-03-11 10:49:55,0362 BCE-03-11 10:49:56,1.070201397
1_8,matched,0320 BCE-07-27 20:42:33,0320 BCE-07-27 20:42:30,-2.675302327
1_8,matched,0320 BCE-07-31 20:48:29,0320 BCE-07-31 20:48:32,2.546314895
1_8,matched,0320 BCE-10-22 03:01:36,0320 BCE-10-22 03:01:34,-2.046136558
1_8,matched,0320 BCE-10-29 13:06:02,0320 BCE-10-29 13:06:03,1.238878816
1_8,matched,0319 BCE-01-16 22:01:58,0319 BCE-01-16 22:01:58,0.383220613
1_8,matched,0319 BCE-01-26 16:44:51,0319 BCE-01-26 16:44:50,-0.785793364
1_8,matched,0319 BCE-04-13 21:37:40,0319 BCE-04-13 21:37:39,-1.267725974
1_8,matched,0319 BCE-04-25 15:53:02,0319 BCE-04-25 15:53:03,1.041535288
1_8,matched,0319 BCE-07-09 23:40:12,0319 BCE-07-09 23:40:13,0.839484483
1_8,matched,0319 BCE-07-23 12:31:20,0319 BCE-07-23 12:31:20,0.023777783
1_8,matched,0319 BCE-10-05 03:13:51,0319 BCE-10-05 03:13:51,-0.388249755
1_8,matched,0319 BCE-10-20 07:39:15,0319 BCE-10-20 07:39:15,-0.034399331
1_8,matched,0319 BCE-12-31 07:51:14,0319 BCE-12-31 07:51:14,-0.020780414
1_8,matched,0318 BCE-01-17 01:41:34,0318 BCE-01-17 01:41:35,1.153443754
1_8,matched,0318 BCE-03-28 13:22:18,0318 BCE-03-28 13:22:18,-0.107402354
1_8,matched,0318 BCE-04-15 18:55:04,0318 BCE-04-15 18:55:03,-0.707720965
1_8,matched,0318 BCE-06-23 19:25:04,0318 BCE-06-23 19:25:04,-0.189578533
1_8,matched,0318 BCE-07-13 11:38:36,0318 BCE-07-13 11:38:36,0.216957182
1_8,matched,0318 BCE-09-19 01:49:51,0318 BCE-09-19 01:49:52,0.586377829
1_8,matched,0318 BCE-10-10 03:55:28,0318 BCE-10-10 03:55:29,0.509371608
1_8,matched,0318 BCE-12-15 08:37:06,0318 BCE-12-15 08:37:06,-0.379277766
1_8,matched,0317 BCE-01-06 19:49:45,0317 BCE-01-06 19:49:45,-0.280485302
1_8,matched,0317 BCE-03-11 15:41:50,0317 BCE-03-11 15:41:49,-0.616170466
1_8,matched,0317 BCE-04-04 11:26:54,0317 BCE-04-04 11:26:54,0.356928259
1_8,matched,0317 BCE-06-06 23:04:07,0317 BCE-06-06 23:04:08,0.963120908
1_8,matched,0317 BCE-07-02 02:49:26,0317 BCE-07-02 02:49:27,0.845036656
1_8,matched,0317 BCE-09-02 06:37:31,0317 BCE-09-02 06:37:30,-1.152699441
1_8,matched,0317 BCE-09-28 18:00:27,0317 BCE-09-28 18:00:26,-0.756322592
1_8,matched,0317 BCE-11-28 14:21:27,0317 BCE-11-28 14:21:27,0.119029731
1_8,matched,0317 BCE-12-26 08:54:34,0317 BCE-12-26 08:54:34,0.083121657
1_8,matched,0316 BCE-02-23 22:22:47,0316 BCE-02-23 22:22:47,0.247474015
1_8,matched,0316 BCE-03-24 23:32:28,0316 BCE-03-24 23:32:29,1.277241111
1_8,matched,0316 BCE-05-22 06:36:03,0316 BCE-05-22 06:36:02,-0.822787732
1_8,matched,0316 BCE-06-21 13:59:05,0316 BCE-06-21 13:59:04,-0.744373351
1_8,matched,0316 BCE-08-17 15:04:05,0316 BCE-08-17 15:04:05,-0.480866432
1_8,matched,0316 BCE-09-18 04:11:28,0316 BCE-09-18 04:11:28,-0.462721288
1_8,matched,0316 BCE-11-12 23:45:26,0316 BCE-11-12 23:45:27,1.350807399
1_8,matched,0316 BCE-12-15 18:07:34,0316 BCE-12-15 18:07:35,0.970282406
1_8,matched,0315 BCE-02-08 08:42:57,0315 BCE-02-08 08:42:57,-0.371915102
1_8,matched,0315 BCE-03-14 07:43:24,0315 BCE-03-14 07:43:24,0.322830677
1_8,matched,0315 BCE-05-06 18:00:26,0315 BCE-05-06 18:00:25,-1.184463501
1_8,matched,0315 BCE-06-10 21:01:10,0315 BCE-06-10 21:01:09,-1.210373640
1_8,matched,0315 BCE-08-02 03:34:23,0315 BCE-08-02 03:34:24,0.643830746
1_8,matched,0315 BCE-09-07 10:03:39,0315 BCE-09-07 10:03:39,0.020679832
1_8,matched,0315 BCE-10-28 13:26:35,0315 BCE-10-28 13:26:35,-0.438883156
1_8,matched,0315 BCE-12-04 22:43:59,0315 BCE-12-04 22:43:59,0.819528848
1_8,matched,0314 BCE-01-23 23:40:16,0314 BCE-01-23 23:40:15,-0.898828357
1_8,matched,0314 BCE-03-03 11:01:31,0314 BCE-03-03 11:01:31,0.231461227
1_8,matched,0314 BCE-04-21 10:14:07,0314 BCE-04-21 10:14:07,0.157271326
1_8,matched,0314 BCE-05-30 22:57:10,0314 BCE-05-30 22:57:09,-0.662498921
1_8,matched,0314 BCE-07-17 21:11:21,0314 BCE-07-17 21:11:22,1.425238699
1_8,matched,0314 BCE-08-27 10:31:40,0314 BCE-08-27 10:31:40,0.002152473
1_8,matched,0314 BCE-10-13 08:29:00,0314 BCE-10-13 08:28:59,-0.843206048
1_8,matched,0314 BCE-11-23 21:45:53,0314 BCE-11-23 21:45:55,1.693452895
1_8,matched,0313 BCE-01-08 20:08:40,0313 BCE-01-08 20:08:39,-0.727636367
1_8,matched,0313 BCE-02-20 08:33:10,0313 BCE-02-20 08:33:10,0.180968642
1_8,matched,0313 BCE-04-05 08:11:42,0313 BCE-04-05 08:11:43,0.924195349
1_8,matched,0313 BCE-05-18 18:58:26,0313 BCE-05-18 18:58:25,-0.958232582
1_8,matched,0313 BCE-07-01 20:34:34,0313 BCE-07-01 20:34:35,0.848858804
1_8,matched,0313 BCE-08-15 05:02:57,0313 BCE-08-15 05:02:56,-0.516352057
1_8,matched,0313 BCE-09-27 09:19:07,0313 BCE-09-27 09:19:06,-0.504704565
1_8,matched,0313 BCE-11-11 14:47:31,0313 BCE-11-11 14:47:32,0.989453495
1_8,matched,0313 BCE-12-23 22:26:18,0313 BCE-12-23 22:26:16,-1.888181269
1_8,matched,0312 BCE-02-08 00:09:38,0312 BCE-02-08 00:09:40,1.857684553
1_8,matched,0312 BCE-03-21 11:52:33,0312 BCE-03-21 11:52:33,0.072138011
1_8,matched,0312 BCE-05-07 09:08:45,0312 BCE-05-07 09:08:46,0.767507404
1_8,matched,0312 BCE-06-17 01:38:53,0312 BCE-06-17 01:38:54,1.164346933
1_8,matched,0312 BCE-08-03 17:49:41,0312 BCE-08-03 17:49:40,-1.435518265
1_8,matched,0312 BCE-09-12 15:40:09,0312 BCE-09-12 15:40:10,1.035279036
1_8,matched,0312 BCE-10-31 02:15:14,0312 BCE-10-31 02:15:13,-1.202990860
1_8,matched,0312 BCE-12-09 06:00:18,0312 BCE-12-09 06:00:17,-1.143224537
1_8,matched,0311 BCE-01-27 10:23:01,0311 BCE-01-27 10:23:01,0.328181684
1_8,matched,0311 BCE-03-06 20:39:00,0311 BCE-03-06 20:38:59,-1.304780692
1_8,matched,0311 BCE-04-25 18:13:56,0311 BCE-04-25 18:13:57,1.488102973
1_8,matched,0311 BCE-06-02 11:29:32,0311 BCE-06-02 11:29:32,0.301989913
1_8,matched,0311 BCE-07-23 01:49:40,0311 BCE-07-23 01:49:42,1.543524116
1_8,matched,0311 BCE-08-29 02:33:00,0311 BCE-08-29 02:33:01,1.473075897
1_8,matched,0311 BCE-10-19 09:14:16,0311 BCE-10-19 09:14:16,0.399494916
1_8,matched,0311 BCE-11-24 17:46:35,0311 BCE-11-24 17:46:36,1.185006648
1_8,matched,0310 BCE-01-15 16:28:48,0310 BCE-01-15 16:28:47,-1.111279428
1_8,matched,0310 BCE-02-20 09:13:15,0310 BCE-02-20 09:13:14,-0.889474154
1_8,matched,0310 BCE-04-13 23:31:05,0310 BCE-04-13 23:31:03,-1.993793249
1_8,matched,0310 BCE-05-19 00:50:09,0310 BCE-05-19 00:50:07,-1.532158256
1_8,matched,0310 BCE-07-11 06:26:04,0310 BCE-07-11 06:26:03,-0.893276185
1_8,matched,0310 BCE-08-14 16:30:29,0310 BCE-08-14 16:30:28,-1.219727844
1_8,matched,0310 BCE-10-07 13:15:15,0310 BCE-10-07 13:15:16,0.526209176
1_8,matched,0310 BCE-11-10 08:16:34,0310 BCE-11-10 08:16:35,0.780180842
1_8,matched,0309 BCE-01-03 20:00:08,0309 BCE-01-03 20:00:10,1.630367339
1_8,matched,0309 BCE-02-06 00:07:08,0309 BCE-02-06 00:07:10,1.842516661
1_8,matched,0309 BCE-04-01 02:42:30,0309 BCE-04-01 02:42:32,1.675730199
1_8,matched,0309 BCE-05-03 16:01:03,0309 BCE-05-03 16:01:04,1.152317226
1_8,matched,0309 BCE-06-28 09:22:16,0309 BCE-06-28 09:22:17,0.764912367
1_8,matched,0309 BCE-07-30 07:55:20,0309 BCE-07-30 07:55:19,-1.013895124
1_8,matched,0309 BCE-09-24 16:04:42,0309 BCE-09-24 16:04:41,-0.756664574
1_8,matched,0309 BCE-10-25 23:44:17,0309 BCE-10-25 23:44:15,-2.049677074
1_8,matched,0309 BCE-12-21 22:50:21,0309 BCE-12-21 22:50:19,-1.837889850
1_8,matched,0308 BCE-01-21 15:32:16,0308 BCE-01-21 15:32:15,-0.878731906
1_8,matched,0308 BCE-03-20 05:39:53,0308 BCE-03-20 05:39:51,-1.781161129
1_8,matched,0308 BCE-04-19 07:16:29,0308 BCE-04-19 07:16:30,0.947912782
1_8,matched,0308 BCE-06-16 12:37:41,0308 BCE-06-16 12:37:41,0.226552784
1_8,matched,0308 BCE-07-15 22:52:34,0308 BCE-07-15 22:52:36,1.591482013
1_8,matched,0308 BCE-09-12 19:42:51,0308 BCE-09-12 19:42:52,1.341956109
1_8,matched,0308 BCE-10-11 14:17:49,0308 BCE-10-11 14:17:50,0.530775636
1_8,matched,0308 BCE-12-10 03:00:51,0308 BCE-12-10 03:00:53,1.767019182
1_8,matched,0307 BCE-01-07 05:30:03,0307 BCE-01-07 05:30:01,-1.736482233
1_8,matched,0307 BCE-03-08 10:31:38,0307 BCE-03-08 10:31:38,0.385976583
1_8,matched,0307 BCE-04-04 20:30:57,0307 BCE-04-04 20:30:54,-2.516300976
1_8,matched,0307 BCE-06-04 18:19:21,0307 BCE-06-04 18:19:20,-1.383275539
1_8,matched,0307 BCE-07-01 11:18:02,0307 BCE-07-01 11:18:02,-0.361474603
1_8,matched,0307 BCE-09-01 02:25:47,0307 BCE-09-01 02:25:45,-1.616547257
1_8,matched,0307 BCE-09-27 01:42:12,0307 BCE-09-27 01:42:14,1.971182227
1_8,matched,0307 BCE-11-28 10:51:42,0307 BCE-11-28 10:51:42,-0.459864736
1_8,matched,0307 BCE-12-23 15:46:20,0307 BCE-12-23 15:46:21,0.787885487
1_8,matched,0306 BCE-02-24 19:40:11,0306 BCE-02-24 19:40:13,1.606911421
1_8,matched,0306 BCE-03-21 05:26:26,0306 BCE-03-21 05:26:25,-0.919850171
1_8,matched,0306 BCE-05-24 04:56:07,0306 BCE-05-24 04:56:09,1.581363380
1_8,matched,0306 BCE-06-16 18:42:16,0306 BCE-06-16 18:42:15,-1.344893128
1_8,matched,0306 BCE-08-20 14:42:04,0306 BCE-08-20 14:42:04,-0.078374147
1_8,matched,0306 BCE-09-12 07:29:07,0306 BCE-09-12 07:29:08,0.538721681
1_8,matched,0306 BCE-11-17 01:01:57,0306 BCE-11-17 01:01:55,-2.004957944
1_8,matched,0306 BCE-12-08 19:39:06,0306 BCE-12-08 19:39:07,1.153001189
1_8,matched,0305 BCE-02-13 11:55:48,0305 BCE-02-13 11:55:47,-1.123047620
1_8,matched,0305 BCE-03-05 07:14:21,0305 BCE-03-05 07:14:21,-0.148902833
1_8,matched,0305 BCE-05-11 23:30:25,0305 BCE-05-11 23:30:27,1.623769104
1_8,matched,0305 BCE-05-31 18:08:37,0305 BCE-05-31 18:08:35,-1.623205841
1_8,matched,0305 BCE-08-08 11:54:31,0305 BCE-08-08 11:54:32,0.869035721
1_8,matched,0305 BCE-08-27 04:15:30,0305 BCE-08-27 04:15:30,0.090242922
1_8,matched,0305 BCE-11-05 01:11:08,0305 BCE-11-05 01:11:08,-0.303699821
1_8,matched,0305 BCE-11-22 13:31:09,0305 BCE-11-22 13:31:10,1.030370593
1_8,matched,0304 BCE-02-01 15:30:54,0304 BCE-02-01 15:30:53,-1.419706643
1_8,matched,0304 BCE-02-17 21:41:15,0304 BCE-02-17 21:41:15,-0.393138081
1_8,matched,0304 BCE-05-01 07:04:03,0304 BCE-05-01 07:04:04,0.864791125
1_8,matched,0304 BCE-05-16 04:38:27,0304 BCE-05-16 04:38:25,-2.107773721
1_8,matched,0304 BCE-07-29 00:15:27,0304 BCE-07-29 00:15:30,2.681940794
1_8,matched,0304 BCE-08-11 09:57:49,0304 BCE-08-11 09:57:51,1.908680052
1_8,matched,0304 BCE-10-25 19:38:21,0304 BCE-10-25 19:38:16,-4.563966393
1_8,matched,0304 BCE-11-06 13:08:30,0304 BCE-11-06 13:08:28,-1.768829674
1_8,matched,0303 BCE-01-22 18:04:28,0303 BCE-01-22 18:04:35,6.900908053
1_8,matched,0303 BCE-02-01 13:15:40,0303 BCE-02-01 13:15:41,1.038879901
1_8,matched,0303 BCE-04-21 21:56:58,0303 BCE-04-21 21:56:46,-11.783923209
1_8,matched,0303 BCE-04-29 07:55:10,0303 BCE-04-29 07:55:01,-8.956197649
1_8,matched,0303 BCE-07-20 16:25:04,0303 BCE-07-20 16:24:46,-18.171456456
1_8,matched,0303 BCE-07-24 12:00:51,0303 BCE-07-24 12:00:47,-4.344132543
1_8,matched,0216 BCE-12-23 01:19:18,0216 BCE-12-23 01:18:58,-20.014636964
1_8,matched,0216 BCE-12-28 01:52:46,0216 BCE-12-28 01:52:24,-21.790829301
1_8,matched,0215 BCE-03-19 20:10:17,0215 BCE-03-19 20:10:29,11.771249771
1_8,matched,0215 BCE-03-27 05:30:23,0215 BCE-03-27 05:30:34,11.359282583
1_8,matched,0215 BCE-06-14 22:15:04,0215 BCE-06-14 22:14:56,-8.191466331
1_8,matched,0215 BCE-06-24 01:58:06,0215 BCE-06-24 01:57:58,-8.102832735
1_8,matched,0215 BCE-09-10 03:52:56,0215 BCE-09-10 03:52:59,3.366044909
1_8,matched,0215 BCE-09-20 18:54:04,0215 BCE-09-20 18:54:07,2.720624954
1_8,matched,0215 BCE-12-06 11:40:06,0215 BCE-12-06 11:40:08,1.514314860
1_8,matched,0215 BCE-12-18 09:37:51,0215 BCE-12-18 09:37:54,2.729154378
1_8,matched,0214 BCE-03-03 21:03:38,0214 BCE-03-03 21:03:34,-3.520862013
1_8,matched,0214 BCE-03-16 22:42:46,0214 BCE-03-16 22:42:44,-2.201275527
1_8,matched,0214 BCE-05-30 07:40:10,0214 BCE-05-30 07:40:09,-0.743447989
1_8,matched,0214 BCE-06-13 10:37:50,0214 BCE-06-13 10:37:49,-1.437509805
1_8,matched,0214 BCE-08-25 19:07:11,0214 BCE-08-25 19:07:12,1.113854349
1_8,matched,0214 BCE-09-09 21:43:16,0214 BCE-09-09 21:43:17,0.635019690
1_8,matched,0214 BCE-11-21 07:15:53,0214 BCE-11-21 07:15:54,0.641577691
1_8,matched,0214 BCE-12-07 08:07:43,0214 BCE-12-07 08:07:45,1.529241353
1_8,matched,0213 BCE-02-16 19:57:47,0213 BCE-02-16 19:57:46,-1.147931814
1_8,matched,0213 BCE-03-04 17:56:42,0213 BCE-03-04 17:56:43,1.019849628
1_8,matched,0213 BCE-05-14 09:09:01,0213 BCE-05-14 09:09:00,-0.669117272
1_8,matched,0213 BCE-06-01 03:16:39,0213 BCE-06-01 03:16:39,0.113216043
1_8,matched,0213 BCE-08-09 22:44:09,0213 BCE-08-09 22:44:09,-0.166806579
1_8,matched,0213 BCE-08-28 12:15:32,0213 BCE-08-28 12:15:31,-0.760144740
1_8,matched,0213 BCE-11-05 12:32:19,0213 BCE-11-05 12:32:20,0.513153523
1_8,matched,0213 BCE-11-24 21:02:23,0213 BCE-11-24 21:02:22,-1.123349369
1_8,matched,0212 BCE-02-01 02:34:05,0212 BCE-02-01 02:34:07,1.856477559
1_8,matched,0212 BCE-02-21 05:33:36,0212 BCE-02-21 05:33:36,-0.014363229
1_8,matched,0212 BCE-04-29 16:46:15,0212 BCE-04-29 16:46:15,-0.060872734
1_8,matched,0212 BCE-05-20 13:55:08,0212 BCE-05-20 13:55:09,0.944311917
1_8,matched,0212 BCE-07-26 07:04:48,0212 BCE-07-26 07:04:46,-1.600635052
1_8,matched,0212 BCE-08-16 22:11:07,0212 BCE-08-16 22:11:08,1.475409418
1_8,matched,0212 BCE-10-21 21:28:04,0212 BCE-10-21 21:28:03,-1.221236587
1_8,matched,0212 BCE-11-13 06:26:47,0212 BCE-11-13 06:26:48,0.557691604
1_8,matched,0211 BCE-01-17 11:48:26,0211 BCE-01-17 11:48:26,0.118727982
1_8,matched,0211 BCE-02-09 14:44:03,0211 BCE-02-09 14:44:02,-0.607942790
1_8,matched,0211 BCE-04-15 02:07:38,0211 BCE-04-15 02:07:40,1.614937931
1_8,matched,0211 BCE-05-08 23:00:11,0211 BCE-05-08 23:00:10,-1.410895586
1_8,matched,0211 BCE-07-11 16:23:18,0211 BCE-07-11 16:23:19,0.640129298
1_8,matched,0211 BCE-08-05 07:22:21,0211 BCE-08-05 07:22:20,-0.601123273
1_8,matched,0211 BCE-10-07 06:30:21,0211 BCE-10-07 06:30:19,-1.803912967
1_8,matched,0211 BCE-11-01 15:53:51,0211 BCE-11-01 15:53:52,1.148816943
1_8,matched,0210 BCE-01-02 20:32:03,0210 BCE-01-02 20:32:02,-1.202266663
1_8,matched,0210 BCE-01-29 00:35:38,0210 BCE-01-29 00:35:40,1.803752035
1_8,matched,0210 BCE-03-31 10:21:09,0210 BCE-03-31 10:21:10,0.699513406
1_8,matched,0210 BCE-04-27 09:26:34,0210 BCE-04-27 09:26:34,0.023958832
1_8,matched,0210 BCE-06-26 23:59:35,0210 BCE-06-26 23:59:37,2.037265152
1_8,matched,0210 BCE-07-24 18:27:47,0210 BCE-07-24 18:27:45,-1.692547649
1_8,matched,0210 BCE-09-22 13:24:20,0210 BCE-09-22 13:24:20,0.222529471
1_8,matched,0210 BCE-10-21 03:44:05,0210 BCE-10-21 03:44:03,-1.567744464
1_8,matched,0210 BCE-12-19 02:34:00,0210 BCE-12-19 02:33:58,-2.049496025
1_8,matched,0209 BCE-01-17 13:16:58,0209 BCE-01-17 13:16:58,-0.056587905
1_8,matched,0209 BCE-03-15 15:32:30,0209 BCE-03-15 15:32:29,-1.067364961
1_8,matched,0209 BCE-04-14 23:03:23,0209 BCE-04-14 23:03:25,2.205238491
1_8,matched,0209 BCE-06-11 04:15:09,0209 BCE-06-11 04:15:11,1.574000716
1_8,matched,0209 BCE-07-12 09:04:39,0209 BCE-07-12 09:04:40,0.707962364
1_8,matched,0209 BCE-09-06 16:41:06,0209 BCE-09-06 16:41:07,1.185549796
1_8,matched,0209 BCE-10-08 19:20:16,0209 BCE-10-08 19:20:15,-1.236042380
1_8,matched,0209 BCE-12-03 04:52:58,0209 BCE-12-03 04:52:57,-1.208543032
1_8,matched,0208 BCE-01-05 05:52:23,0208 BCE-01-05 05:52:21,-1.989307255
1_8,matched,0208 BCE-02-28 16:50:10,0208 BCE-02-28 16:50:09,-1.258874685
1_8,matched,0208 BCE-04-03 16:39:17,0208 BCE-04-03 16:39:18,0.873984396
1_8,matched,0208 BCE-05-27 04:36:56,0208 BCE-05-27 04:36:57,1.267504692
1_8,matched,0208 BCE-07-01 03:38:30,0208 BCE-07-01 03:38:31,1.256098598
1_8,matched,0208 BCE-08-22 16:08:24,0208 BCE-08-22 16:08:25,0.676962733
1_8,matched,0208 BCE-09-27 14:51:25,0208 BCE-09-27 14:51:24,-0.908102095
1_8,matched,0208 BCE-11-18 03:26:08,0208 BCE-11-18 03:26:06,-1.542196423
1_8,matched,0208 BCE-12-25 02:16:35,0208 BCE-12-25 02:16:34,-1.454065740
1_8,matched,0207 BCE-02-13 14:35:15,0207 BCE-02-13 14:35:14,-0.507219136
1_8,matched,0207 BCE-03-23 13:51:43,0207 BCE-03-23 13:51:43,-0.203137100
1_8,matched,0207 BCE-05-12 01:35:46,0207 BCE-05-12 01:35:47,1.246482879
1_8,matched,0207 BCE-06-20 01:36:44,0207 BCE-06-20 01:36:46,2.142816782
1_8,matched,0207 BCE-08-07 12:28:05,0207 BCE-08-07 12:28:05,-0.010500848
1_8,matched,0207 BCE-09-16 13:27:39,0207 BCE-09-16 13:27:39,-0.414602458
1_8,matched,0207 BCE-11-02 23:12:16,0207 BCE-11-02 23:12:14,-1.638876647
1_8,matched,0207 BCE-12-14 01:26:59,0207 BCE-12-14 01:26:58,-1.297176629
1_8,matched,0206 BCE-01-29 09:49:44,0206 BCE-01-29 09:49:44,0.254997611
1_8,matched,0206 BCE-03-12 13:30:09,0206 BCE-03-12 13:30:09,-0.254333764
1_8,matched,0206 BCE-04-26 20:28:01,0206 BCE-04-26 20:28:03,1.731694490
1_8,matched,0206 BCE-06-09 01:36:21,0206 BCE-06-09 01:36:23,1.763539016
1_8,matched,0206 BCE-07-23 07:02:15,0206 BCE-07-23 07:02:14,-1.178951561
1_8,matched,0206 BCE-09-05 13:45:42,0206 BCE-09-05 13:45:41,-0.509592891
1_8,matched,0206 BCE-10-18 17:33:29,0206 BCE-10-18 17:33:28,-1.033750176
1_8,matched,0206 BCE-12-03 01:54:23,0206 BCE-12-03 01:54:21,-1.569414139
1_8,matched,0205 BCE-01-14 04:04:34,0205 BCE-01-14 04:04:35,1.181828231
1_8,matched,0205 BCE-02-29 14:02:55,0205 BCE-02-29 14:02:55,-0.172378868
1_8,matched,0205 BCE-04-10 14:37:20,0205 BCE-04-10 14:37:21,0.878953189
1_8,matched,0205 BCE-05-28 02:08:11,0205 BCE-05-28 02:08:12,1.326064020
1_8,matched,0205 BCE-07-07 01:17:04,0205 BCE-07-07 01:17:03,-0.989433378
1_8,matched,0205 BCE-08-24 14:11:39,0205 BCE-08-24 14:11:38,-0.620535761
1_8,matched,0205 BCE-10-02 11:57:04,0205 BCE-10-02 11:57:04,-0.458798558
1_8,matched,0205 BCE-11-21 02:11:43,0205 BCE-11-21 02:11:42,-0.688409060
1_8,matched,0205 BCE-12-28 22:39:23,0205 BCE-12-28 22:39:24,0.746747106
1_8,matched,0204 BCE-02-17 14:03:59,0204 BCE-02-17 14:03:59,0.100683421
1_8,matched,0204 BCE-03-26 09:29:51,0204 BCE-03-26 09:29:51,0.079802424
1_8,matched,0204 BCE-05-17 01:49:01,0204 BCE-05-17 01:49:02,0.870987028
1_8,matched,0204 BCE-06-21 20:26:52,0204 BCE-06-21 20:26:51,-0.875332206
1_8,matched,0204 BCE-08-13 13:28:36,0204 BCE-08-13 13:28:36,0.143431127
1_8,matched,0204 BCE-09-17 07:33:24,0204 BCE-09-17 07:33:25,0.629004836
1_8,matched,0204 BCE-11-10 01:01:11,0204 BCE-11-10 01:01:10,-1.190176606
1_8,matched,0204 BCE-12-13 18:43:51,0204 BCE-12-13 18:43:51,0.442242622
1_8,matched,0203 BCE-02-06 12:26:06,0203 BCE-02-06 12:26:06,0.415085256
1_8,matched,0203 BCE-03-11 06:01:25,0203 BCE-03-11 06:01:25,-0.118184835
1_8,matched,0203 BCE-05-05 23:38:04,0203 BCE-05-05 23:38:04,0.492956489
1_8,matched,0203 BCE-06-06 17:31:54,0203 BCE-06-06 17:31:54,-0.188914686
1_8,matched,0203 BCE-08-02 10:41:58,0203 BCE-08-02 10:41:58,0.048561394
1_8,matched,0203 BCE-09-02 05:09:30,0203 BCE-09-02 05:09:30,0.337435305
1_8,matched,0203 BCE-10-29 21:39:02,0203 BCE-10-29 21:39:01,-0.597321242
1_8,matched,0203 BCE-11-28 16:56:39,0203 BCE-11-28 16:56:40,0.685210526
1_8,matched,0202 BCE-01-26 08:25:28,0202 BCE-01-26 08:25:28,-0.386922061
1_8,matched,0202 BCE-02-24 04:51:36,0202 BCE-02-24 04:51:36,-0.295311213
1_8,matched,0202 BCE-04-24 19:02:25,0202 BCE-04-24 19:02:26,1.114357263
1_8,matched,0202 BCE-05-22 16:55:11,0202 BCE-05-22 16:55:10,-0.940530002
1_8,matched,0202 BCE-07-22 05:29:18,0202 BCE-07-22 05:29:19,0.737654418
1_8,matched,0202 BCE-08-18 05:08:49,0202 BCE-08-18 05:08:49,0.336892158
1_8,matched,0202 BCE-10-18 15:51:26,0202 BCE-10-18 15:51:26,-0.421542674
1_8,matched,0202 BCE-11-13 17:26:22,0202 BCE-11-13 17:26:22,0.092395395
1_8,matched,0201 BCE-01-15 02:09:43,0201 BCE-01-15 02:09:43,-0.463928282
1_8,matched,0201 BCE-02-09 05:49:44,0201 BCE-02-09 05:49:43,-0.835742801
1_8,matched,0201 BCE-04-12 12:17:46,0201 BCE-04-12 12:17:46,0.478150696
1_8,matched,0201 BCE-05-06 18:20:46,0201 BCE-05-06 18:20:46,-0.455298275
1_8,matched,0201 BCE-07-09 22:23:59,0201 BCE-07-09 22:23:59,0.294788182
1_8,matched,0201 BCE-08-02 06:51:11,0201 BCE-08-02 06:51:12,0.761130452
1_8,matched,0201 BCE-10-06 08:31:06,0201 BCE-10-06 08:31:06,0.014101714
1_8,matched,0201 BCE-10-28 19:22:08,0201 BCE-10-28 19:22:09,0.786095113
1_8,matched,0200 BCE-01-02 18:44:58,0200 BCE-01-02 18:44:57,-0.576802343
1_8,matched,0200 BCE-01-24 07:46:35,0200 BCE-01-24 07:46:34,-0.684607029
1_8,matched,0200 BCE-04-01 05:05:00,0200 BCE-04-01 05:04:59,-0.940469652
1_8,matched,0200 BCE-04-21 20:04:40,0200 BCE-04-21 20:04:40,-0.481811911
1_8,matched,0200 BCE-06-28 15:31:14,0200 BCE-06-28 15:31:15,0.609713048
1_8,matched,0200 BCE-07-18 08:12:26,0200 BCE-07-18 08:12:26,0.079058111
1_8,matched,0200 BCE-09-25 02:20:47,0200 BCE-09-25 02:20:48,0.941656530
1_8,matched,0200 BCE-10-13 19:55:03,0200 BCE-10-13 19:55:04,0.625645369
1_8,matched,0200 BCE-12-22 13:40:04,0200 BCE-12-22 13:40:04,0.172036886
1_8,matched,0199 BCE-01-09 07:11:30,0199 BCE-01-09 07:11:29,-0.578934699
1_8,matched,0199 BCE-03-21 01:35:17,0199 BCE-03-21 01:35:17,-0.281289965
1_8,matched,0199 BCE-04-06 17:51:43,0199 BCE-04-06 17:51:43,-0.319692492
1_8,matched,0199 BCE-06-17 14:17:55,0199 BCE-06-17 14:17:56,0.520616770
1_8,matched,0199 BCE-07-03 03:40:08,0199 BCE-07-03 03:40:09,0.508707762
1_8,matched,0199 BCE-09-14 04:05:24,0199 BCE-09-14 04:05:25,0.906090438
1_8,matched,0199 BCE-09-28 12:21:45,0199 BCE-09-28 12:21:45,0.131200254
1_8,matched,0199 BCE-12-11 19:33:33,0199 BCE-12-11 19:33:32,-0.735401362
1_8,matched,0199 BCE-12-24 19:21:08,0199 BCE-12-24 19:21:07,-0.792834163
1_8,matched,0198 BCE-03-10 13:15:43,0198 BCE-03-10 13:15:43,0.161013007
1_8,matched,0198 BCE-03-22 00:11:52,0198 BCE-03-22 00:11:53,0.733550638
1_8,matched,0198 BCE-06-07 10:16:01,0198 BCE-06-07 10:16:01,0.160510093
1_8,matched,0198 BCE-06-17 01:39:40,0198 BCE-06-17 01:39:39,-0.760969520
1_8,matched,0198 BCE-09-04 13:29:20,0198 BCE-09-04 13:29:20,0.398951769
1_8,matched,0198 BCE-09-11 20:51:36,0198 BCE-09-11 20:51:37,0.735622644
1_8,matched,0198 BCE-12-03 09:46:53,0198 BCE-12-03 09:46:53,-0.108025968
1_8,matched,0198 BCE-12-06 22:58:42,0198 BCE-12-06 22:58:45,2.513726056
1_8,matched,0156 BCE-02-09 05:52:27,0156 BCE-02-09 05:52:24,-3.148846328
1_8,matched,0156 BCE-02-10 20:42:43,0156 BCE-02-10 20:42:47,3.750854731
1_8,matched,0156 BCE-05-05 19:50:08,0156 BCE-05-05 19:50:07,-0.535764545
1_8,matched,0156 BCE-05-12 05:17:30,0156 BCE-05-12 05:17:31,0.742160529
1_8,matched,0156 BCE-07-31 13:03:47,0156 BCE-07-31 13:03:47,0.132407248
1_8,matched,0156 BCE-08-09 10:36:00,0156 BCE-08-09 10:36:00,0.253710151
1_8,matched,0156 BCE-10-26 12:53:31,0156 BCE-10-26 12:53:31,0.259966403
1_8,matched,0156 BCE-11-06 09:17:51,0156 BCE-11-06 09:17:51,0.390201062
1_8,matched,0155 BCE-01-21 16:13:05,0155 BCE-01-21 16:13:05,0.437857211
1_8,matched,0155 BCE-02-03 04:28:07,0155 BCE-02-03 04:28:07,-0.499172509
1_8,matched,0155 BCE-04-18 21:48:24,0155 BCE-04-18 21:48:23,-0.560387224
1_8,matched,0155 BCE-05-02 21:27:34,0155 BCE-05-02 21:27:34,0.348559767
1_8,matched,0155 BCE-07-15 04:44:48,0155 BCE-07-15 04:44:49,0.749301910
1_8,matched,0155 BCE-07-30 13:09:19,0155 BCE-07-30 13:09:19,-0.037135184
1_8,matched,0155 BCE-10-10 12:39:32,0155 BCE-10-10 12:39:32,-0.200662762
1_8,matched,0155 BCE-10-27 03:49:13,0155 BCE-10-27 03:49:12,-0.997862220
1_8,matched,0154 BCE-01-05 21:20:57,0154 BCE-01-05 21:20:56,-0.601364672
1_8,matched,0154 BCE-01-23 17:43:00,0154 BCE-01-23 17:42:59,-0.001227111
1_8,matched,0154 BCE-04-03 06:35:07,0154 BCE-04-03 06:35:08,0.854209810
1_8,matched,0154 BCE-04-22 07:05:01,0154 BCE-04-22 07:05:02,0.674468279
1_8,matched,0154 BCE-06-29 16:15:30,0154 BCE-06-29 16:15:31,0.699996203
1_8,matched,0154 BCE-07-19 20:05:11,0154 BCE-07-19 20:05:11,-0.446809083
1_8,matched,0154 BCE-09-25 02:09:28,0154 BCE-09-25 02:09:27,-1.138738543
1_8,matched,0154 BCE-10-16 08:53:49,0154 BCE-10-16 08:53:48,-0.656282902
1_8,matched,0154 BCE-12-21 12:13:51,0154 BCE-12-21 12:13:51,0.357551873
1_8,matched,0153 BCE-01-12 21:26:49,0153 BCE-01-12 21:26:50,0.501868129
1_8,matched,0153 BCE-03-17 22:29:03,0153 BCE-03-17 22:29:04,0.908102095
1_8,matched,0153 BCE-04-10 09:51:57,0153 BCE-04-10 09:51:57,0.044477731
1_8,matched,0153 BCE-06-13 08:45:07,0153 BCE-06-13 08:45:07,-0.050935149
1_8,matched,0153 BCE-07-07 22:16:50,0153 BCE-07-07 22:16:49,-0.792431831
1_8,matched,0153 BCE-09-08 19:03:50,0153 BCE-09-08 19:03:49,-0.817798823
1_8,matched,0153 BCE-10-04 10:42:50,0153 BCE-10-04 10:42:49,-0.536186993
1_8,matched,0153 BCE-12-05 05:21:18,0153 BCE-12-05 05:21:19,1.168048382
1_8,matched,0153 BCE-12-31 23:08:43,0153 BCE-12-31 23:08:44,0.936909020
1_8,matched,0152 BCE-03-02 15:37:21,0152 BCE-03-02 15:37:21,0.374691188
1_8,matched,0152 BCE-03-30 11:32:50,0152 BCE-03-30 11:32:50,0.214140862
1_8,matched,0152 BCE-05-29 01:52:10,0152 BCE-05-29 01:52:09,-0.602229685
1_8,matched,0152 BCE-06-27 00:00:39,0152 BCE-06-27 00:00:38,-0.886154920
1_8,matched,0152 BCE-08-24 12:00:01,0152 BCE-08-24 12:00:01,-0.237174332
1_8,matched,0152 BCE-09-23 12:36:52,0152 BCE-09-23 12:36:52,0.380183011
1_8,matched,0152 BCE-11-19 22:04:54,0152 BCE-11-19 22:04:55,0.788488984
1_8,matched,0152 BCE-12-21 01:15:28,0152 BCE-12-21 01:15:29,0.746505708
1_8,matched,0151 BCE-02-15 08:07:26,0151 BCE-02-15 08:07:26,-0.400963426
1_8,matched,0151 BCE-03-19 13:55:52,0151 BCE-03-19 13:55:51,-0.563485175
1_8,matched,0151 BCE-05-13 18:05:13,0151 BCE-05-13 18:05:13,-0.280183554
1_8,matched,0151 BCE-06-16 02:38:37,0151 BCE-06-16 02:38:36,-0.987542421
1_8,matched,0151 BCE-08-09 04:01:40,0151 BCE-08-09 04:01:41,0.604583323
1_8,matched,0151 BCE-09-12 15:24:52,0151 BCE-09-12 15:24:53,0.889956951
1_8,matched,0151 BCE-11-04 13:54:17,0151 BCE-11-04 13:54:17,0.341418386
1_8,matched,0151 BCE-12-10 04:14:42,0151 BCE-12-10 04:14:43,0.791063905
1_8,matched,0150 BCE-01-30 23:48:52,0150 BCE-01-30 23:48:51,-1.452778280
1_8,matched,0150 BCE-03-08 17:00:09,0150 BCE-03-08 17:00:08,-1.206390560
1_8,matched,0150 BCE-04-28 09:45:01,0150 BCE-04-28 09:45:01,0.343852490
1_8,matched,0150 BCE-06-05 05:44:39,0150 BCE-06-05 05:44:39,-0.312712044
1_8,matched,0150 BCE-07-24 19:41:17,0150 BCE-07-24 19:41:18,1.062376052
1_8,matched,0150 BCE-09-01 18:26:54,0150 BCE-09-01 18:26:55,1.341915876
1_8,matched,0150 BCE-10-20 05:42:16,0150 BCE-10-20 05:42:15,-0.671953708
1_8,matched,0150 BCE-11-29 07:04:54,0150 BCE-11-29 07:04:55,0.851373374
1_8,matched,0149 BCE-01-15 15:50:35,0149 BCE-01-15 15:50:34,-0.680885464
1_8,matched,0149 BCE-02-25 19:35:53,0149 BCE-02-25 19:35:52,-0.839685649
1_8,matched,0149 BCE-04-12 02:06:41,0149 BCE-04-12 02:06:42,1.256762445
1_8,matched,0149 BCE-05-24 07:55:49,0149 BCE-05-24 07:55:48,-0.903917849
1_8,matched,0149 BCE-07-08 12:32:08,0149 BCE-07-08 12:32:07,-0.575213134
1_8,matched,0149 BCE-08-20 20:06:48,0149 BCE-08-20 20:06:50,1.661165804
1_8,matched,0149 BCE-10-03 23:04:56,0149 BCE-10-03 23:04:55,-1.339803636
1_8,matched,0149 BCE-11-17 08:07:26,0149 BCE-11-17 08:07:27,0.639847666
1_8,matched,0149 BCE-12-30 09:53:04,0149 BCE-12-30 09:53:04,0.287505984
1_8,matched,0148 BCE-02-13 19:53:46,0148 BCE-02-13 19:53:44,-1.789469272
1_8,matched,0148 BCE-03-27 20:57:34,0148 BCE-03-27 20:57:35,1.453039795
1_8,matched,0148 BCE-05-13 07:25:13,0148 BCE-05-13 07:25:12,-1.012627780
1_8,matched,0148 BCE-06-23 08:14:41,0148 BCE-06-23 08:14:40,-1.229886711
1_8,matched,0148 BCE-08-09 18:39:14,0148 BCE-08-09 18:39:15,1.336424053
1_8,matched,0148 BCE-09-18 19:46:28,0148 BCE-09-18 19:46:27,-1.063482463
1_8,matched,0148 BCE-11-06 05:38:15,0148 BCE-11-06 05:38:16,1.358411461
1_8,matched,0148 BCE-12-15 07:33:23,0148 BCE-12-15 07:33:24,0.906030089
1_8,matched,0147 BCE-02-02 16:19:59,0147 BCE-02-02 16:19:58,-0.813795626
1_8,matched,0147 BCE-03-12 19:40:44,0147 BCE-03-12 19:40:46,1.809605956
1_8,matched,0147 BCE-05-02 02:43:12,0147 BCE-05-02 02:43:11,-1.082432270
1_8,matched,0147 BCE-06-08 08:07:24,0147 BCE-06-08 08:07:23,-0.799975544
1_8,matched,0147 BCE-07-29 12:48:20,0147 BCE-07-29 12:48:20,0.060007721
1_8,matched,0147 BCE-09-03 20:47:14,0147 BCE-09-03 20:47:12,-1.870518923
1_8,matched,0147 BCE-10-25 22:34:46,0147 BCE-10-25 22:34:48,2.059675008
1_8,matched,0147 BCE-11-30 09:45:24,0147 BCE-11-30 09:45:25,1.090418547
1_8,matched,0146 BCE-01-22 08:02:34,0146 BCE-01-22 08:02:35,1.174948364
1_8,matched,0146 BCE-02-25 23:01:13,0146 BCE-02-25 23:01:15,2.086651325
1_8,matched,0146 BCE-04-20 17:13:15,0146 BCE-04-20 17:13:14,-0.955074281
1_8,matched,0146 BCE-05-24 12:35:59,0146 BCE-05-24 12:35:59,-0.370848924
1_8,matched,0146 BCE-07-18 02:06:05,0146 BCE-07-18 02:06:03,-2.109926194
1_8,matched,0146 BCE-08-20 02:26:53,0146 BCE-08-20 02:26:51,-1.769694686
1_8,matched,0146 BCE-10-14 10:43:48,0146 BCE-10-14 10:43:48,-0.202493370
1_8,matched,0146 BCE-11-15 16:29:44,0146 BCE-11-15 16:29:44,-0.475414842
1_8,matched,0145 BCE-01-10 19:04:36,0145 BCE-01-10 19:04:37,1.278106123
1_8,matched,0145 BCE-02-11 06:50:04,0145 BCE-02-11 06:50:05,0.831618905
1_8,matched,0145 BCE-04-08 03:09:33,0145 BCE-04-08 03:09:35,2.063376456
1_8,matched,0145 BCE-05-08 21:24:42,0145 BCE-05-08 21:24:44,1.596229523
1_8,matched,0145 BCE-07-05 11:03:06,0145 BCE-07-05 11:03:07,0.549001247
1_8,matched,0145 BCE-08-04 12:12:13,0145 BCE-08-04 12:12:13,-0.140574574
1_8,matched,0145 BCE-10-01 18:42:44,0145 BCE-10-01 18:42:43,-1.315180957
1_8,matched,0145 BCE-10-31 03:10:48,0145 BCE-10-31 03:10:46,-2.382847667
1_8,matched,0145 BCE-12-29 02:12:00,0145 BCE-12-29 02:11:58,-1.683656126
1_8,matched,0144 BCE-01-26 18:18:29,0144 BCE-01-26 18:18:28,-1.186374575
1_8,matched,0144 BCE-03-27 09:29:48,0144 BCE-03-27 09:29:47,-1.052358001
1_8,matched,0144 BCE-04-24 09:37:38,0144 BCE-04-24 09:37:39,0.903414935
1_8,matched,0144 BCE-06-23 16:40:57,0144 BCE-06-23 16:40:58,0.658757240
1_8,matched,0144 BCE-07-21 01:04:43,0144 BCE-07-21 01:04:45,2.115759999
1_8,matched,0144 BCE-09-19 23:47:12,0144 BCE-09-19 23:47:14,1.955772936
1_8,matched,0144 BCE-10-16 16:35:20,0144 BCE-10-16 16:35:22,1.815218478
1_8,matched,0144 BCE-12-17 06:46:25,0144 BCE-12-17 06:46:26,1.145356894
1_8,matched,0143 BCE-01-12 08:11:39,0143 BCE-01-12 08:11:38,-1.150888950
1_8,matched,0143 BCE-03-15 13:41:40,0143 BCE-03-15 13:41:39,-0.609330833
1_8,matched,0143 BCE-04-09 23:49:38,0143 BCE-04-09 23:49:36,-2.377838641
1_8,matched,0143 BCE-06-11 20:36:54,0143 BCE-06-11 20:36:53,-1.349620521
1_8,matched,0143 BCE-07-06 15:30:04,0143 BCE-07-06 15:30:03,-0.957689434
1_8,matched,0143 BCE-09-08 03:34:52,0143 BCE-09-08 03:34:50,-1.999627054
1_8,matched,0143 BCE-10-02 07:09:01,0143 BCE-10-02 07:09:02,0.811200589
1_8,matched,0143 BCE-12-05 10:36:35,0143 BCE-12-05 10:36:34,-1.100396365
1_8,matched,0143 BCE-12-28 22:42:24,0143 BCE-12-28 22:42:26,1.872470230
1_8,matched,0142 BCE-03-03 17:39:46,0142 BCE-03-03 17:39:47,1.179534942
1_8,matched,0142 BCE-03-26 14:11:44,0142 BCE-03-26 14:11:45,1.343424618
1_8,matched,0142 BCE-05-31 00:51:44,0142 BCE-05-31 00:51:46,1.964322478
1_8,matched,0142 BCE-06-22 05:31:39,0142 BCE-06-22 05:31:38,-0.667528063
1_8,matched,0142 BCE-08-27 08:17:00,0142 BCE-08-27 08:17:02,1.717592776
1_8,matched,0142 BCE-09-17 20:39:27,0142 BCE-09-17 20:39:25,-1.786492020
1_8,matched,0142 BCE-11-23 15:57:02,0142 BCE-11-23 15:57:01,-0.526812673
1_8,matched,0142 BCE-12-14 11:35:43,0142 BCE-12-14 11:35:43,-0.434719026
1_8,matched,0141 BCE-02-19 23:52:38,0141 BCE-02-19 23:52:37,-1.206873357
1_8,matched,0141 BCE-03-11 02:11:54,0141 BCE-03-11 02:11:55,1.024717838
1_8,matched,0141 BCE-05-18 08:06:30,0141 BCE-05-18 08:06:29,-1.432098448
1_8,matched,0141 BCE-06-06 16:28:59,0141 BCE-06-06 16:29:01,1.658269018
1_8,matched,0141 BCE-08-14 16:47:12,0141 BCE-08-14 16:47:11,-0.693860650
1_8,matched,0141 BCE-09-02 06:17:23,0141 BCE-09-02 06:17:23,-0.263064355
1_8,matched,0141 BCE-11-11 02:00:56,0141 BCE-11-11 02:00:57,1.084906608
1_8,matched,0141 BCE-11-28 19:36:04,0141 BCE-11-28 19:36:03,-0.867587328
1_8,matched,0140 BCE-02-07 11:46:47,0140 BCE-02-07 11:46:48,1.146503538
1_8,matched,0140 BCE-02-24 08:22:45,0140 BCE-02-24 08:22:44,-0.751494616
1_8,matched,0140 BCE-05-06 22:14:50,0140 BCE-05-06 22:14:50,0.352683663
1_8,matched,0140 BCE-05-22 20:23:50,0140 BCE-05-22 20:23:50,0.404182076
1_8,matched,0140 BCE-08-03 09:35:11,0140 BCE-08-03 09:35:10,-1.403673738
1_8,matched,0140 BCE-08-18 07:32:02,0140 BCE-08-18 07:32:04,1.600916684
1_8,matched,0140 BCE-10-30 22:01:37,0140 BCE-10-30 22:01:35,-1.869372278
1_8,matched,0140 BCE-11-13 17:34:45,0140 BCE-11-13 17:34:45,-0.093823671
1_8,matched,0139 BCE-01-27 11:48:55,0139 BCE-01-27 11:48:57,1.914352924
1_8,matched,0139 BCE-02-09 02:18:56,0139 BCE-02-09 02:18:52,-3.578153998
1_8,matched,0139 BCE-04-26 03:13:47,0139 BCE-04-26 03:13:50,2.977573872
1_8,matched,0139 BCE-05-07 09:23:36,0139 BCE-05-07 09:23:40,3.929952532
1_8,matched,0139 BCE-07-23 21:10:24,0139 BCE-07-23 21:10:17,-6.777150929
1_8,matched,0139 BCE-08-02 13:54:55,0139 BCE-08-02 13:54:54,-0.929707289
1_8,matched,0139 BCE-10-20 19:02:46,0139 BCE-10-20 19:02:56,9.968141466
1_8,matched,0139 BCE-10-28 14:31:25,0139 BCE-10-28 14:31:24,-0.853767246
1_8,matched,0138 BCE-01-18 00:50:54,0138 BCE-01-18 00:50:34,-19.537250698
1_8,matched,0138 BCE-01-23 07:15:32,0138 BCE-01-23 07:15:18,-14.262405038
1_8,matched,0051 BCE-12-15 22:49:28,0051 BCE-12-15 22:49:29,0.575052202
1_8,matched,0051 BCE-12-21 04:48:25,0051 BCE-12-21 04:48:25,-0.308205932
1_8,matched,0050 BCE-03-12 16:59:46,0050 BCE-03-12 16:59:46,0.489456207
1_8,matched,0050 BCE-03-20 09:07:07,0050 BCE-03-20 09:07:07,-0.326552242
1_8,matched,0050 BCE-06-07 18:35:36,0050 BCE-06-07 18:35:36,-0.374872237
1_8,matched,0050 BCE-06-17 06:00:33,0050 BCE-06-17 06:00:33,0.378452986
1_8,matched,0050 BCE-09-02 23:51:30,0050 BCE-09-02 23:51:30,-0.136490911
1_8,matched,0050 BCE-09-13 23:13:58,0050 BCE-09-13 23:13:58,-0.158900768
1_8,matched,0050 BCE-11-29 07:23:43,0050 BCE-11-29 07:23:43,-0.244335830
1_8,matched,0050 BCE-12-11 14:12:46,0050 BCE-12-11 14:12:46,-0.240855664
1_8,matched,0049 BCE-02-24 16:38:19,0049 BCE-02-24 16:38:19,0.073686987
1_8,matched,0049 BCE-03-09 03:28:06,0049 BCE-03-09 03:28:06,0.106336176
1_8,matched,0049 BCE-05-22 03:09:32,0049 BCE-05-22 03:09:32,-0.218244642
1_8,matched,0049 BCE-06-05 15:25:59,0049 BCE-06-05 15:25:59,0.116434693
1_8,matched,0049 BCE-08-17 14:41:22,0049 BCE-08-17 14:41:22,-0.107100606
1_8,matched,0049 BCE-09-02 02:21:56,0049 BCE-09-02 02:21:55,-0.564370304
1_8,matched,0049 BCE-11-13 03:03:53,0049 BCE-11-13 03:03:53,0.172338635
1_8,matched,0049 BCE-11-29 12:30:05,0049 BCE-11-29 12:30:05,-0.305369496
1_8,matched,0048 BCE-02-08 16:05:44,0048 BCE-02-08 16:05:44,0.029450655
1_8,matched,0048 BCE-02-25 21:58:41,0048 BCE-02-25 21:58:41,0.426712632
1_8,matched,0048 BCE-05-07 05:44:20,0048 BCE-05-07 05:44:20,-0.159745663
1_8,matched,0048 BCE-05-25 06:49:27,0048 BCE-05-25 06:49:27,-0.223273784
1_8,matched,0048 BCE-08-02 19:51:55,0048 BCE-08-02 19:51:56,0.583943725
1_8,matched,0048 BCE-08-21 15:11:28,0048 BCE-08-21 15:11:28,0.058941543
1_8,matched,0048 BCE-10-29 10:23:00,0048 BCE-10-29 10:23:00,0.379599631
1_8,matched,0048 BCE-11-17 23:10:10,0048 BCE-11-17 23:10:10,-0.401607156
1_8,matched,0047 BCE-01-25 01:19:13,0047 BCE-01-25 01:19:13,0.001850724
1_8,matched,0047 BCE-02-14 06:47:30,0047 BCE-02-14 06:47:30,-0.068859011
1_8,matched,0047 BCE-04-22 16:31:25,0047 BCE-04-22 16:31:26,0.508446246
1_8,matched,0047 BCE-05-13 14:07:41,0047 BCE-05-13 14:07:41,-0.082417578
1_8,matched,0047 BCE-07-19 07:59:05,0047 BCE-07-19 07:59:05,0.080888718
1_8,matched,0047 BCE-08-09 21:11:10,0047 BCE-08-09 21:11:10,0.155239552
1_8,matched,0047 BCE-10-14 23:36:55,0047 BCE-10-14 23:36:55,0.274450332
1_8,matched,0047 BCE-11-06 04:05:28,0047 BCE-11-06 04:05:28,-0.221724808
1_8,matched,0046 BCE-01-10 15:23:24,0046 BCE-01-10 15:23:24,0.422689319
1_8,matched,0046 BCE-02-02 10:51:56,0046 BCE-02-02 10:51:56,-0.379700214
1_8,matched,0046 BCE-04-08 07:21:01,0046 BCE-04-08 07:21:01,-0.078696012
1_8,matched,0046 BCE-05-01 17:31:50,0046 BCE-05-01 17:31:50,-0.328020751
1_8,matched,0046 BCE-07-04 23:20:01,0046 BCE-07-04 23:20:01,0.046730787
1_8,matched,0046 BCE-07-29 00:08:54,0046 BCE-07-29 00:08:54,-0.024783611
1_8,matched,0046 BCE-09-30 15:18:22,0046 BCE-09-30 15:18:22,-0.477667898
1_8,matched,0046 BCE-10-25 06:44:09,0046 BCE-10-25 06:44:09,-0.311726332
1_8,matched,0046 BCE-12-27 07:15:56,0046 BCE-12-27 07:15:56,0.363888592
1_8,matched,0045 BCE-01-21 13:21:58,0045 BCE-01-21 13:21:58,-0.196156651
1_8,matched,0045 BCE-03-23 23:10:34,0045 BCE-03-23 23:10:34,0.083021075
1_8,matched,0045 BCE-04-18 20:03:26,0045 BCE-04-18 20:03:26,-0.347413123
1_8,matched,0045 BCE-06-19 15:03:55,0045 BCE-06-19 15:03:55,-0.128021836
1_8,matched,0045 BCE-07-16 02:51:22,0045 BCE-07-16 02:51:22,-0.237576663
1_8,matched,0045 BCE-09-15 06:45:30,0045 BCE-09-15 06:45:30,-0.350631773
1_8,matched,0045 BCE-10-12 09:47:38,0045 BCE-10-12 09:47:37,-0.524358451
1_8,matched,0045 BCE-12-11 22:16:33,0045 BCE-12-11 22:16:33,0.187808275
1_8,matched,0044 BCE-01-08 16:53:06,0044 BCE-01-08 16:53:06,0.080224872
1_8,matched,0044 BCE-03-09 13:38:28,0044 BCE-03-09 13:38:28,-0.006095320
1_8,matched,0044 BCE-04-07 00:09:01,0044 BCE-04-07 00:09:01,0.255701691
1_8,matched,0044 BCE-06-05 04:48:36,0044 BCE-06-05 04:48:36,-0.254756212
1_8,matched,0044 BCE-07-04 07:40:09,0044 BCE-07-04 07:40:09,-0.193923712
1_8,matched,0044 BCE-08-31 19:44:39,0044 BCE-08-31 19:44:39,-0.026714802
1_8,matched,0044 BCE-09-30 15:25:18,0044 BCE-09-30 15:25:18,-0.377346575
1_8,matched,0044 BCE-11-27 10:23:11,0044 BCE-11-27 10:23:11,-0.324419886
1_8,matched,0044 BCE-12-27 23:27:14,0044 BCE-12-27 23:27:14,-0.101025403
1_8,matched,0043 BCE-02-23 00:45:34,0043 BCE-02-23 00:45:34,0.300280005
1_8,matched,0043 BCE-03-26 07:43:17,0043 BCE-03-26 07:43:17,-0.224158913
1_8,matched,0043 BCE-05-21 14:55:45,0043 BCE-05-21 14:55:45,0.225225091
1_8,matched,0043 BCE-06-22 16:16:03,0043 BCE-06-22 16:16:03,0.307984650
1_8,matched,0043 BCE-08-17 04:47:26,0043 BCE-08-17 04:47:26,-0.362963229
1_8,matched,0043 BCE-09-19 01:08:02,0043 BCE-09-19 01:08:02,-0.177589059
1_8,matched,0043 BCE-11-12 18:21:38,0043 BCE-11-12 18:21:38,0.282657892
1_8,matched,0043 BCE-12-16 10:16:09,0043 BCE-12-16 10:16:09,-0.049868971
1_8,matched,0042 BCE-02-08 07:39:01,0042 BCE-02-08 07:39:02,0.523513556
1_8,matched,0042 BCE-03-14 19:40:34,0042 BCE-03-14 19:40:34,0.252080709
1_8,matched,0042 BCE-05-06 20:41:37,0042 BCE-05-06 20:41:37,-0.187164545
1_8,matched,0042 BCE-06-11 05:20:06,0042 BCE-06-11 05:20:06,0.068919361
1_8,matched,0042 BCE-08-02 09:32:06,0042 BCE-08-02 09:32:06,-0.111445785
1_8,matched,0042 BCE-09-07 15:16:03,0042 BCE-09-07 15:16:03,-0.321663916
1_8,matched,0042 BCE-10-28 22:05:31,0042 BCE-10-28 22:05:31,-0.301225483
1_8,matched,0042 BCE-12-05 01:28:15,0042 BCE-12-05 01:28:15,-0.183000416
1_8,matched,0041 BCE-01-24 10:25:08,0041 BCE-01-24 10:25:08,0.231581926
1_8,matched,0041 BCE-03-02 11:50:11,0041 BCE-03-02 11:50:11,0.172781199
1_8,matched,0041 BCE-04-20 22:35:13,0041 BCE-04-20 22:35:13,0.065036863
1_8,matched,0041 BCE-05-29 22:22:53,0041 BCE-05-29 22:22:53,0.370486826
1_8,matched,0041 BCE-07-17 10:34:45,0041 BCE-07-17 10:34:45,0.067289919
1_8,matched,0041 BCE-08-26 09:06:43,0041 BCE-08-26 09:06:43,-0.312470645
1_8,matched,0041 BCE-10-12 22:27:56,0041 BCE-10-12 22:27:56,-0.258236378
1_8,matched,0041 BCE-11-22 20:01:13,0041 BCE-11-22 20:01:13,-0.110741705
1_8,matched,0040 BCE-01-08 10:10:21,0040 BCE-01-08 10:10:21,0.498649478
1_8,matched,0040 BCE-02-19 07:02:16,0040 BCE-02-19 07:02:16,0.311826915
1_8,matched,0040 BCE-04-05 21:47:05,0040 BCE-04-05 21:47:05,-0.157512724
1_8,matched,0040 BCE-05-18 18:04:44,0040 BCE-05-18 18:04:44,-0.437716395
1_8,matched,0040 BCE-07-02 09:21:38,0040 BCE-07-02 09:21:38,-0.383079797
1_8,matched,0040 BCE-08-15 05:12:10,0040 BCE-08-15 05:12:09,-0.504785031
1_8,matched,0040 BCE-09-27 20:51:12,0040 BCE-09-27 20:51:12,0.288069248
1_8,matched,0040 BCE-11-11 16:24:18,0040 BCE-11-11 16:24:18,0.369641930
1_8,matched,0040 BCE-12-24 08:21:19,0040 BCE-12-24 08:21:19,-0.488390028
1_8,matched,0039 BCE-02-08 03:37:16,0039 BCE-02-08 03:37:16,-0.471914560
1_8,matched,0039 BCE-03-21 19:49:40,0039 BCE-03-21 19:49:40,-0.067491084
1_8,matched,0039 BCE-05-07 14:47:27,0039 BCE-05-07 14:47:27,-0.465175509
1_8,matched,0039 BCE-06-17 07:19:26,0039 BCE-06-17 07:19:26,-0.085213780
1_8,matched,0039 BCE-08-04 01:54:14,0039 BCE-08-04 01:54:14,0.088472664
1_8,matched,0039 BCE-09-12 18:52:19,0039 BCE-09-12 18:52:19,0.264894962
1_8,matched,0039 BCE-10-31 12:59:45,0039 BCE-10-31 12:59:45,-0.081472099
1_8,matched,0039 BCE-12-09 06:26:18,0039 BCE-12-09 06:26:18,0.268194079
1_8,matched,0038 BCE-01-28 00:03:25,0038 BCE-01-28 00:03:25,0.093803555
1_8,matched,0038 BCE-03-06 18:06:53,0038 BCE-03-06 18:06:53,-0.469782203
1_8,matched,0038 BCE-04-26 10:58:02,0038 BCE-04-26 10:58:02,-0.201065093
1_8,matched,0038 BCE-06-02 05:53:36,0038 BCE-06-02 05:53:36,0.239487737
1_8,matched,0038 BCE-07-23 21:47:11,0038 BCE-07-23 21:47:11,-0.073666871
1_8,matched,0038 BCE-08-28 17:44:02,0038 BCE-08-28 17:44:02,0.422830135
1_8,matched,0038 BCE-10-20 08:29:25,0038 BCE-10-20 08:29:25,-0.298509747
1_8,matched,0038 BCE-11-24 05:42:16,0038 BCE-11-24 05:42:16,0.366201997
1_8,matched,0037 BCE-01-16 19:06:06,0037 BCE-01-16 19:06:06,-0.402794033
1_8,matched,0037 BCE-02-19 17:47:08,0037 BCE-02-19 17:47:08,0.433874130
1_8,matched,0037 BCE-04-14 05:33:56,0037 BCE-04-14 05:33:56,-0.376280397
1_8,matched,0037 BCE-05-17 06:03:07,0037 BCE-05-17 06:03:07,0.138884783
1_8,matched,0037 BCE-07-11 15:49:19,0037 BCE-07-11 15:49:19,-0.266283005
1_8,matched,0037 BCE-08-12 18:27:25,0037 BCE-08-12 18:27:25,-0.260509551
1_8,matched,0037 BCE-10-08 01:58:30,0037 BCE-10-08 01:58:30,-0.246709585
1_8,matched,0037 BCE-11-08 06:56:34,0037 BCE-11-08 06:56:34,0.329147279
1_8,matched,0036 BCE-01-04 12:00:21,0036 BCE-01-04 12:00:21,-0.204122812
1_8,matched,0036 BCE-02-03 19:36:29,0036 BCE-02-03 19:36:29,-0.208467990
1_8,matched,0036 BCE-04-02 21:53:14,0036 BCE-04-02 21:53:14,0.408808887
1_8,matched,0036 BCE-05-02 08:26:21,0036 BCE-05-02 08:26:21,0.111304969
1_8,matched,0036 BCE-06-30 07:36:36,0036 BCE-06-30 07:36:36,-0.237194449
1_8,matched,0036 BCE-07-28 21:23:44,0036 BCE-07-28 21:23:44,-0.165579468
1_8,matched,0036 BCE-09-26 17:09:56,0036 BCE-09-26 17:09:56,0.302875042
1_8,matched,0036 BCE-10-24 10:28:27,0036 BCE-10-24 10:28:27,-0.326310843
1_8,matched,0036 BCE-12-24 02:39:59,0036 BCE-12-24 02:39:59,-0.196699798
1_8,matched,0035 BCE-01-19 23:36:07,0035 BCE-01-19 23:36:07,0.369219482
1_8,matched,0035 BCE-03-22 12:03:46,0035 BCE-03-22 12:03:46,-0.299736857
1_8,matched,0035 BCE-04-17 12:55:10,0035 BCE-04-17 12:55:10,-0.023999065
1_8,matched,0035 BCE-06-18 21:21:42,0035 BCE-06-18 21:21:42,0.146629661
1_8,matched,0035 BCE-07-14 02:17:21,0035 BCE-07-14 02:17:21,-0.000925362
1_8,matched,0035 BCE-09-15 06:38:49,0035 BCE-09-15 06:38:49,0.059303641
1_8,matched,0035 BCE-10-09 15:37:23,0035 BCE-10-09 15:37:23,0.033815950
1_8,matched,0035 BCE-12-12 15:55:36,0035 BCE-12-12 15:55:36,-0.311203301
1_8,matched,0034 BCE-01-05 04:56:29,0034 BCE-01-05 04:56:30,0.537172705
1_8,matched,0034 BCE-03-11 01:17:19,0034 BCE-03-11 01:17:19,-0.314421952
1_8,matched,0034 BCE-04-02 18:10:52,0034 BCE-04-02 18:10:52,-0.381349772
1_8,matched,0034 BCE-06-07 10:44:37,0034 BCE-06-07 10:44:37,0.069281459
1_8,matched,0034 BCE-06-29 07:22:44,0034 BCE-06-29 07:22:44,0.272358209
1_8,matched,0034 BCE-09-03 20:23:13,0034 BCE-09-03 20:23:13,-0.271412730
1_8,matched,0034 BCE-09-24 20:19:10,0034 BCE-09-24 20:19:11,0.533290207
1_8,matched,0034 BCE-12-01 06:23:10,0034 BCE-12-01 06:23:10,0.402814150
1_8,matched,0034 BCE-12-21 08:51:05,0034 BCE-12-21 08:51:05,-0.365779549
1_8,matched,0033 BCE-02-27 16:45:02,0033 BCE-02-27 16:45:02,-0.190041214
1_8,matched,0033 BCE-03-17 21:01:47,0033 BCE-03-17 21:01:47,0.271955878
1_8,matched,0033 BCE-05-26 03:38:06,0033 BCE-05-26 03:38:06,0.222790986
1_8,matched,0033 BCE-06-13 08:39:30,0033 BCE-06-13 08:39:30,-0.280807167
1_8,matched,0033 BCE-08-22 15:16:03,0033 BCE-08-22 15:16:03,-0.390422344
1_8,matched,0033 BCE-09-08 19:34:40,0033 BCE-09-08 19:34:40,0.198449939
1_8,matched,0033 BCE-11-19 03:50:38,0033 BCE-11-19 03:50:38,-0.064533949
1_8,matched,0033 BCE-12-05 05:27:46,0033 BCE-12-05 05:27:46,-0.174269825
1_8,matched,0032 BCE-02-15 17:46:15,0032 BCE-02-15 17:46:15,0.010078400
1_8,matched,0032 BCE-03-02 13:58:50,0032 BCE-03-02 13:58:50,-0.270004570
1_8,matched,0032 BCE-05-15 09:18:10,0032 BCE-05-15 09:18:10,-0.238864124
1_8,matched,0032 BCE-05-28 20:54:22,0032 BCE-05-28 20:54:22,0.378392637
1_8,matched,0032 BCE-08-12 03:14:10,0032 BCE-08-12 03:14:10,-0.298851728
1_8,matched,0032 BCE-08-24 01:24:42,0032 BCE-08-24 01:24:42,0.285212696
1_8,matched,0032 BCE-11-09 00:51:09,0032 BCE-11-09 00:51:09,0.060912967
1_8,matched,0032 BCE-11-19 02:14:08,0032 BCE-11-19 02:14:08,-0.492795557
1_8,matched,0031 BCE-02-06 04:43:44,0031 BCE-02-06 04:43:44,0.473141670
1_8,matched,0031 BCE-02-13 20:45:34,0031 BCE-02-13 20:45:34,-0.233875215
1_8,matched,0031 BCE-05-07 01:38:52,0031 BCE-05-07 01:38:51,-0.650066882
1_8,matched,0031 BCE-05-10 22:13:56,0031 BCE-05-10 22:13:57,0.726731122
1_8,matched,0008 CE-02-28 15:38:37,0008 CE-02-28 15:38:37,-0.335383415
1_8,matched,0008 CE-03-02 23:43:32,0008 CE-03-02 23:43:33,0.743427873
1_8,matched,0008 CE-05-24 09:59:32,0008 CE-05-24 09:59:31,-0.667145848
1_8,matched,0008 CE-06-01 03:49:23,0008 CE-06-01 03:49:23,-0.091087818
1_8,matched,0008 CE-08-19 01:46:31,0008 CE-08-19 01:46:31,0.013176352
1_8,matched,0008 CE-08-29 10:30:44,0008 CE-08-29 10:30:44,-0.092737377
1_8,matched,0008 CE-11-14 00:39:39,0008 CE-11-14 00:39:39,0.040213019
1_8,matched,0008 CE-11-26 10:03:03,0008 CE-11-26 10:03:03,0.057553500
1_8,matched,0009 CE-02-09 03:40:24,0009 CE-02-09 03:40:24,0.007583946
1_8,matched,0009 CE-02-23 05:24:57,0009 CE-02-23 05:24:57,-0.006578118
1_8,matched,0009 CE-05-07 09:28:27,0009 CE-05-07 09:28:27,0.408386439
1_8,matched,0009 CE-05-22 22:03:05,0009 CE-05-22 22:03:05,-0.366885960
1_8,matched,0009 CE-08-02 17:09:42,0009 CE-08-02 17:09:42,0.137677789
1_8,matched,0009 CE-08-19 12:50:21,0009 CE-08-19 12:50:21,-0.392635167
1_8,matched,0009 CE-10-29 02:21:57,0009 CE-10-29 02:21:57,-0.175557286
1_8,matched,0009 CE-11-16 02:04:12,0009 CE-11-16 02:04:12,0.432023406
1_8,matched,0010 CE-01-24 12:48:45,0010 CE-01-24 12:48:45,0.113055110
1_8,matched,0010 CE-02-12 14:03:15,0010 CE-02-12 14:03:15,-0.251960009
1_8,matched,0010 CE-04-22 00:14:48,0010 CE-04-22 00:14:48,0.069945306
1_8,matched,0010 CE-05-12 01:02:55,0010 CE-05-12 01:02:55,0.456847250
1_8,matched,0010 CE-07-18 12:31:22,0010 CE-07-18 12:31:22,-0.279298425
1_8,matched,0010 CE-08-08 11:15:36,0010 CE-08-08 11:15:36,-0.186581165
1_8,matched,0010 CE-10-14 01:24:49,0010 CE-10-14 01:24:49,-0.494445115
1_8,matched,0010 CE-11-04 20:53:22,0010 CE-11-04 20:53:22,0.216092169
1_8,matched,0011 CE-01-09 14:52:24,0011 CE-01-09 14:52:24,0.237999111
1_8,matched,0011 CE-02-01 05:53:14,0011 CE-02-01 05:53:15,0.533390790
1_8,matched,0011 CE-04-07 04:48:35,0011 CE-04-07 04:48:35,0.048822910
1_8,matched,0011 CE-04-30 14:27:22,0011 CE-04-30 14:27:22,-0.480001420
1_8,matched,0011 CE-07-03 19:02:44,0011 CE-07-03 19:02:44,-0.233814865
1_8,matched,0011 CE-07-27 22:43:15,0011 CE-07-27 22:43:16,0.500701368
1_8,matched,0011 CE-09-29 09:35:01,0011 CE-09-29 09:35:01,-0.179459900
1_8,matched,0011 CE-10-24 06:44:52,0011 CE-10-24 06:44:52,0.248097628
1_8,matched,0011 CE-12-26 00:20:38,0011 CE-12-26 00:20:38,0.441739708
1_8,matched,0012 CE-01-20 14:34:05,0012 CE-01-20 14:34:05,0.252845138
1_8,matched,0012 CE-03-22 15:15:40,0012 CE-03-22 15:15:40,-0.277668983
1_8,matched,0012 CE-04-17 22:11:10,0012 CE-04-17 22:11:10,-0.169301033
1_8,matched,0012 CE-06-18 06:16:29,0012 CE-06-18 06:16:29,0.342283398
1_8,matched,0012 CE-07-15 05:44:48,0012 CE-07-15 05:44:48,0.259342790
1_8,matched,0012 CE-09-13 21:16:00,0012 CE-09-13 21:15:59,-0.481852144
1_8,matched,0012 CE-10-11 13:20:27,0012 CE-10-11 13:20:27,0.253730267
1_8,matched,0012 CE-12-10 12:18:22,0012 CE-12-10 12:18:22,0.499031693
1_8,matched,0013 CE-01-07 20:55:46,0013 CE-01-07 20:55:46,-0.303136557
1_8,matched,0013 CE-03-08 03:19:54,0013 CE-03-08 03:19:54,-0.094487518
1_8,matched,0013 CE-04-06 04:33:12,0013 CE-04-06 04:33:12,-0.013156235
1_8,matched,0013 CE-06-03 18:14:05,0013 CE-06-03 18:14:05,0.120136142
1_8,matched,0013 CE-07-03 12:15:13,0013 CE-07-03 12:15:13,-0.162320584
1_8,matched,0013 CE-08-30 09:01:16,0013 CE-08-30 09:01:16,0.206436217
1_8,matched,0013 CE-09-29 20:07:09,0013 CE-09-29 20:07:09,-0.370869040
1_8,matched,0013 CE-11-25 23:37:09,0013 CE-11-25 23:37:09,-0.356183946
1_8,matched,0013 CE-12-27 04:10:28,0013 CE-12-27 04:10:28,-0.302070379
1_8,matched,0014 CE-02-21 14:06:41,0014 CE-02-21 14:06:41,-0.128886849
1_8,matched,0014 CE-03-25 12:22:02,0014 CE-03-25 12:22:02,0.343651325
1_8,matched,0014 CE-05-20 04:24:05,0014 CE-05-20 04:24:05,0.417016447
1_8,matched,0014 CE-06-21 20:46:50,0014 CE-06-21 20:46:50,-0.107704103
1_8,matched,0014 CE-08-15 18:25:34,0014 CE-08-15 18:25:34,0.056648254
1_8,matched,0014 CE-09-18 05:25:50,0014 CE-09-18 05:25:50,0.292716175
1_8,matched,0014 CE-11-11 08:14:08,0014 CE-11-11 08:14:08,0.489073992
1_8,matched,0014 CE-12-15 14:18:55,0014 CE-12-15 14:18:55,-0.447653979
1_8,matched,0015 CE-02-06 21:49:09,0015 CE-02-06 21:49:09,0.169301033
1_8,matched,0015 CE-03-13 23:27:37,0015 CE-03-13 23:27:37,0.269521773
1_8,matched,0015 CE-05-05 11:10:25,0015 CE-05-05 11:10:25,-0.283683836
1_8,matched,0015 CE-06-10 08:50:14,0015 CE-06-10 08:50:14,0.183282048
1_8,matched,0015 CE-08-01 00:15:12,0015 CE-08-01 00:15:12,0.342202932
1_8,matched,0015 CE-09-06 18:30:30,0015 CE-09-06 18:30:30,-0.466483086
1_8,matched,0015 CE-10-27 13:01:17,0015 CE-10-27 13:01:17,0.245603174
1_8,matched,0015 CE-12-04 04:26:20,0015 CE-12-04 04:26:20,-0.008388609
1_8,matched,0016 CE-01-23 01:36:25,0016 CE-01-23 01:36:25,0.255078077
1_8,matched,0016 CE-03-01 14:35:14,0016 CE-03-01 14:35:14,0.047796965
1_8,matched,0016 CE-04-19 13:58:45,0016 CE-04-19 13:58:45,0.128001720
1_8,matched,0016 CE-05-29 01:00:15,0016 CE-05-29 01:00:15,-0.296980888
1_8,matched,0016 CE-07-16 02:06:20,0016 CE-07-16 02:06:20,-0.268656760
1_8,matched,0016 CE-08-25 11:37:03,0016 CE-08-25 11:37:03,0.060249120
1_8,matched,0016 CE-10-11 13:59:52,0016 CE-10-11 13:59:52,-0.293118507
1_8,matched,0016 CE-11-21 22:27:23,0016 CE-11-21 22:27:23,0.194346160
1_8,matched,0017 CE-01-07 01:41:27,0017 CE-01-07 01:41:27,0.132930279
1_8,matched,0017 CE-02-18 09:27:24,0017 CE-02-18 09:27:24,-0.474348664
1_8,matched,0017 CE-04-04 13:16:59,0017 CE-04-04 13:16:59,-0.216333568
1_8,matched,0017 CE-05-17 20:37:14,0017 CE-05-17 20:37:14,-0.067531317
1_8,matched,0017 CE-07-01 00:45:29,0017 CE-07-01 00:45:29,0.234539062
1_8,matched,0017 CE-08-14 07:55:35,0017 CE-08-14 07:55:35,-0.335121900
1_8,matched,0017 CE-09-26 12:03:29,0017 CE-09-26 12:03:29,0.066203624
1_8,matched,0017 CE-11-10 19:18:19,0017 CE-11-10 19:18:19,-0.101970881
1_8,matched,0017 CE-12-22 23:18:13,0017 CE-12-22 23:18:13,-0.011667609
1_8,matched,0018 CE-02-07 06:43:35,0018 CE-02-07 06:43:35,-0.230314583
1_8,matched,0018 CE-03-20 10:30:23,0018 CE-03-20 10:30:23,0.377205759
1_8,matched,0018 CE-05-06 18:11:16,0018 CE-05-06 18:11:16,0.208789855
1_8,matched,0018 CE-06-15 21:44:08,0018 CE-06-15 21:44:08,-0.095835328
1_8,matched,0018 CE-08-03 05:39:29,0018 CE-08-03 05:39:29,-0.252342224
1_8,matched,0018 CE-09-11 08:58:45,0018 CE-09-11 08:58:45,0.046006590
1_8,matched,0018 CE-10-30 17:06:22,0018 CE-10-30 17:06:22,-0.409090519
1_8,matched,0018 CE-12-07 20:13:17,0018 CE-12-07 20:13:17,0.394284725
1_8,matched,0019 CE-01-27 04:26:33,0019 CE-01-27 04:26:33,-0.090866536
1_8,matched,0019 CE-03-05 07:34:59,0019 CE-03-05 07:34:59,-0.251698494
1_8,matched,0019 CE-04-25 15:40:30,0019 CE-04-25 15:40:31,0.529005378
1_8,matched,0019 CE-05-31 19:01:56,0019 CE-05-31 19:01:56,0.224440545
1_8,matched,0019 CE-07-23 02:50:00,0019 CE-07-23 02:49:59,-0.376079232
1_8,matched,0019 CE-08-27 06:36:22,0019 CE-08-27 06:36:22,0.317399204
1_8,matched,0019 CE-10-19 13:51:09,0019 CE-10-19 13:51:09,-0.334216654
1_8,matched,0019 CE-11-22 18:19:31,0019 CE-11-22 18:19:32,0.516834855
1_8,matched,0020 CE-01-16 00:42:24,0020 CE-01-16 00:42:24,0.266021490
1_8,matched,0020 CE-02-18 06:10:46,0020 CE-02-18 06:10:46,-0.240071118
1_8,matched,0020 CE-04-13 11:21:06,0020 CE-04-13 11:21:06,0.145583600
1_8,matched,0020 CE-05-15 18:14:09,0020 CE-05-15 18:14:09,0.030717999
1_8,matched,0020 CE-07-10 21:50:13,0020 CE-07-10 21:50:13,0.443751365
1_8,matched,0020 CE-08-11 06:26:46,0020 CE-08-11 06:26:46,-0.463324785
1_8,matched,0020 CE-10-07 08:11:01,0020 CE-10-07 08:11:01,-0.356525928
1_8,matched,0020 CE-11-06 18:49:36,0020 CE-11-06 18:49:36,0.333049893
1_8,matched,0021 CE-01-03 18:18:02,0021 CE-01-03 18:18:02,-0.376461446
1_8,matched,0021 CE-02-02 07:24:58,0021 CE-02-02 07:24:58,0.104264170
1_8,matched,0021 CE-04-02 04:13:01,0021 CE-04-02 04:13:01,0.037436932
1_8,matched,0021 CE-04-30 20:09:26,0021 CE-04-30 20:09:26,-0.373906642
1_8,matched,0021 CE-06-29 13:57:55,0021 CE-06-29 13:57:55,0.054173917
1_8,matched,0021 CE-07-27 09:05:15,0021 CE-07-27 09:05:15,0.012633204
1_8,matched,0021 CE-09-25 23:34:26,0021 CE-09-25 23:34:26,-0.231300294
1_8,matched,0021 CE-10-22 22:09:52,0021 CE-10-22 22:09:52,0.111083686
1_8,matched,0021 CE-12-23 09:02:17,0021 CE-12-23 09:02:17,-0.339446962
1_8,matched,0022 CE-01-18 11:23:51,0022 CE-01-18 11:23:51,0.316393375
1_8,matched,0022 CE-03-21 18:16:40,0022 CE-03-21 18:16:40,0.115046650
1_8,matched,0022 CE-04-16 00:47:45,0022 CE-04-16 00:47:46,0.555679947
1_8,matched,0022 CE-06-18 03:24:45,0022 CE-06-18 03:24:45,-0.147997588
1_8,matched,0022 CE-07-12 14:16:56,0022 CE-07-12 14:16:55,-0.530896336
1_8,matched,0022 CE-09-14 12:28:04,0022 CE-09-14 12:28:04,-0.122610480
1_8,matched,0022 CE-10-08 03:51:28,0022 CE-10-08 03:51:28,0.396135449
1_8,matched,0022 CE-12-11 21:28:16,0022 CE-12-11 21:28:16,-0.038342178
1_8,matched,0023 CE-01-03 17:32:51,0023 CE-01-03 17:32:51,0.287023187
1_8,matched,0023 CE-03-10 06:23:04,0023 CE-03-10 06:23:04,-0.321442634
1_8,matched,0023 CE-04-01 07:15:48,0023 CE-04-01 07:15:47,-0.568212569
1_8,matched,0023 CE-06-06 15:13:59,0023 CE-06-06 15:13:59,0.447955728
1_8,matched,0023 CE-06-27 21:01:04,0023 CE-06-27 21:01:04,0.379499048
1_8,matched,0023 CE-09-03 00:07:24,0023 CE-09-03 00:07:24,-0.135444850
1_8,matched,0023 CE-09-23 10:41:19,0023 CE-09-23 10:41:19,0.352120399
1_8,matched,0023 CE-11-30 09:06:24,0023 CE-11-30 09:06:24,0.474911928
1_8,matched,0023 CE-12-20 00:19:34,0023 CE-12-20 00:19:34,-0.480665267
1_8,matched,0024 CE-02-26 18:09:03,0024 CE-02-26 18:09:03,0.445541739
1_8,matched,0024 CE-03-16 13:55:46,0024 CE-03-16 13:55:46,-0.178574771
1_8,matched,0024 CE-05-25 03:20:00,0024 CE-05-25 03:20:00,0.349686295
1_8,matched,0024 CE-06-12 03:19:46,0024 CE-06-12 03:19:46,0.002635270
1_8,matched,0024 CE-08-21 12:43:14,0024 CE-08-21 12:43:14,0.111807883
1_8,matched,0024 CE-09-07 16:29:07,0024 CE-09-07 16:29:07,-0.237355381
1_8,matched,0024 CE-11-17 22:26:18,0024 CE-11-17 22:26:18,0.084509701
1_8,matched,0024 CE-12-04 05:18:48,0024 CE-12-04 05:18:48,0.151799619
1_8,matched,0025 CE-02-14 08:32:50,0025 CE-02-14 08:32:50,0.460528582
1_8,matched,0025 CE-03-01 17:47:27,0025 CE-03-01 17:47:27,-0.286922604
1_8,matched,0025 CE-05-13 19:04:28,0025 CE-05-13 19:04:28,0.283583254
1_8,matched,0025 CE-05-28 05:50:59,0025 CE-05-28 05:50:59,0.161375105
1_8,matched,0025 CE-08-10 06:17:49,0025 CE-08-10 06:17:49,-0.493399054
1_8,matched,0025 CE-08-23 17:08:43,0025 CE-08-23 17:08:43,0.205209106
1_8,matched,0025 CE-11-06 18:22:47,0025 CE-11-06 18:22:47,-0.137597322
1_8,matched,0025 CE-11-19 03:35:16,0025 CE-11-19 03:35:16,0.078354031
1_8,matched,0026 CE-02-03 07:36:44,0026 CE-02-03 07:36:44,0.157492608
1_8,matched,0026 CE-02-14 12:53:18,0026 CE-02-14 12:53:18,-0.161013007
1_8,matched,0026 CE-05-02 22:24:08,0026 CE-05-02 22:24:08,0.026332587
1_8,matched,0026 CE-05-12 20:39:16,0026 CE-05-12 20:39:16,0.021564960
1_8,matched,0026 CE-07-30 15:29:11,0026 CE-07-30 15:29:11,0.192535669
1_8,matched,0026 CE-08-08 02:05:35,0026 CE-08-08 02:05:35,0.403075665
1_8,matched,0026 CE-10-27 12:40:48,0026 CE-10-27 12:40:48,-0.089116395
1_8,matched,0026 CE-11-03 03:23:11,0026 CE-11-03 03:23:11,0.083121657
1_8,matched,0027 CE-01-24 19:10:57,0027 CE-01-24 19:10:58,0.514964014
1_8,matched,0027 CE-01-28 19:24:05,0027 CE-01-28 19:24:05,0.212571770
1_8,matched,0115 CE-09-11 19:41:35,0115 CE-09-11 19:41:35,-0.333794206
1_8,matched,0115 CE-09-17 10:03:21,0115 CE-09-17 10:03:22,0.575454533
1_8,matched,0115 CE-12-07 09:49:13,0115 CE-12-07 09:49:13,0.362420082
1_8,matched,0115 CE-12-15 18:29:11,0115 CE-12-15 18:29:11,-0.190061331
1_8,matched,0116 CE-03-03 08:14:57,0116 CE-03-03 08:14:57,-0.139890611
1_8,matched,0116 CE-03-13 18:36:33,0116 CE-03-13 18:36:33,0.227699429
1_8,matched,0116 CE-05-29 10:46:56,0116 CE-05-29 10:46:56,0.264874846
1_8,matched,0116 CE-06-10 14:38:17,0116 CE-06-10 14:38:17,0.128987432
1_8,matched,0116 CE-08-24 15:49:02,0116 CE-08-24 15:49:02,0.179319084
1_8,matched,0116 CE-09-07 08:06:59,0116 CE-09-07 08:06:59,0.000683963
1_8,matched,0116 CE-11-19 22:38:53,0116 CE-11-19 22:38:53,0.193883479
1_8,matched,0116 CE-12-04 23:46:59,0116 CE-12-04 23:46:59,0.219371170
1_8,matched,0117 CE-02-15 06:55:14,0117 CE-02-15 06:55:14,-0.204263628
1_8,matched,0117 CE-03-03 14:01:46,0117 CE-03-03 14:01:46,-0.368334353
1_8,matched,0117 CE-05-13 16:16:50,0117 CE-05-13 16:16:50,0.085133314
1_8,matched,0117 CE-05-31 03:11:54,0117 CE-05-31 03:11:54,0.161958486
1_8,matched,0117 CE-08-09 02:33:42,0117 CE-08-09 02:33:42,-0.386700779
1_8,matched,0117 CE-08-27 15:24:36,0117 CE-08-27 15:24:36,-0.196317583
1_8,matched,0117 CE-11-04 13:35:29,0117 CE-11-04 13:35:29,0.017219782
1_8,matched,0117 CE-11-24 02:52:01,0117 CE-11-24 02:52:01,-0.009153038
1_8,matched,0118 CE-01-31 01:18:51,0118 CE-01-31 01:18:52,0.601143390
1_8,matched,0118 CE-02-20 13:36:52,0118 CE-02-20 13:36:52,-0.004606694
1_8,matched,0118 CE-04-28 13:43:19,0118 CE-04-28 13:43:19,-0.342846662
1_8,matched,0118 CE-05-19 23:44:34,0118 CE-05-19 23:44:33,-0.573181361
1_8,matched,0118 CE-07-25 02:37:07,0118 CE-07-25 02:37:07,-0.179560483
1_8,matched,0118 CE-08-16 09:21:56,0118 CE-08-16 09:21:56,0.134680420
1_8,matched,0118 CE-10-20 15:57:56,0118 CE-10-20 15:57:56,-0.052624941
1_8,matched,0118 CE-11-12 18:29:36,0118 CE-11-12 18:29:35,-0.534175336
1_8,matched,0119 CE-01-16 05:44:33,0119 CE-01-16 05:44:33,-0.041359663
1_8,matched,0119 CE-02-09 03:11:56,0119 CE-02-09 03:11:56,-0.188975036
1_8,matched,0119 CE-04-13 19:55:15,0119 CE-04-13 19:55:15,0.234800577
1_8,matched,0119 CE-05-08 11:30:23,0119 CE-05-08 11:30:23,0.414964557
1_8,matched,0119 CE-07-10 10:31:17,0119 CE-07-10 10:31:17,-0.335846096
1_8,matched,0119 CE-08-04 19:29:34,0119 CE-08-04 19:29:34,-0.370104611
1_8,matched,0119 CE-10-06 01:20:46,0119 CE-10-06 01:20:46,-0.026131421
1_8,matched,0119 CE-11-01 03:11:37,0119 CE-11-01 03:11:37,-0.105149299
1_8,matched,0120 CE-01-01 16:26:05,0120 CE-01-01 16:26:05,-0.388933718
1_8,matched,0120 CE-01-28 10:35:26,0120 CE-01-28 10:35:26,0.217138231
1_8,matched,0120 CE-03-29 07:47:30,0120 CE-03-29 07:47:30,-0.421240926
1_8,matched,0120 CE-04-25 17:44:04,0120 CE-04-25 17:44:04,-0.163266063
1_8,matched,0120 CE-06-24 23:22:10,0120 CE-06-24 23:22:10,0.303337723
1_8,matched,0120 CE-07-23 00:42:32,0120 CE-07-23 00:42:32,-0.433612615
1_8,matched,0120 CE-09-20 15:08:06,0120 CE-09-20 15:08:06,0.404322892
1_8,matched,0120 CE-10-19 07:32:28,0120 CE-10-19 07:32:28,-0.208307058
1_8,matched,0120 CE-12-17 06:58:42,0120 CE-12-17 06:58:42,-0.037919730
1_8,matched,0121 CE-01-15 14:14:57,0121 CE-01-15 14:14:57,-0.465718657
1_8,matched,0121 CE-03-14 22:55:35,0121 CE-03-14 22:55:35,-0.212511420
1_8,matched,0121 CE-04-13 20:48:32,0121 CE-04-13 20:48:32,0.213698298
1_8,matched,0121 CE-06-10 14:59:40,0121 CE-06-10 14:59:40,0.231119245
1_8,matched,0121 CE-07-11 03:19:10,0121 CE-07-11 03:19:10,-0.075054914
1_8,matched,0121 CE-09-06 07:03:39,0121 CE-09-06 07:03:39,0.308145583
1_8,matched,0121 CE-10-07 09:50:56,0121 CE-10-07 09:50:56,-0.075598061
1_8,matched,0121 CE-12-02 23:07:51,0121 CE-12-02 23:07:51,-0.421281159
1_8,matched,0122 CE-01-03 16:23:17,0122 CE-01-03 16:23:17,0.293862820
1_8,matched,0122 CE-02-28 15:08:37,0122 CE-02-28 15:08:37,0.433250517
1_8,matched,0122 CE-04-01 22:57:09,0122 CE-04-01 22:57:09,0.001206994
1_8,matched,0122 CE-05-27 07:06:21,0122 CE-05-27 07:06:21,-0.261273980
1_8,matched,0122 CE-06-29 05:34:54,0122 CE-06-29 05:34:53,-0.500842184
1_8,matched,0122 CE-08-22 22:58:56,0122 CE-08-22 22:58:56,0.166866928
1_8,matched,0122 CE-09-25 12:20:52,0122 CE-09-25 12:20:52,0.037155300
1_8,matched,0122 CE-11-18 14:40:44,0122 CE-11-18 14:40:44,0.045342743
1_8,matched,0122 CE-12-22 19:19:04,0122 CE-12-22 19:19:04,0.127378106
1_8,matched,0123 CE-02-14 06:12:19,0123 CE-02-14 06:12:19,0.381752104
1_8,matched,0123 CE-03-21 02:25:07,0123 CE-03-21 02:25:07,0.209795684
1_8,matched,0123 CE-05-12 21:33:07,0123 CE-05-12 21:33:07,0.237395614
1_8,matched,0123 CE-06-17 09:44:03,0123 CE-06-17 09:44:03,0.466020405
1_8,matched,0123 CE-08-08 12:38:58,0123 CE-08-08 12:38:58,0.174913555
1_8,matched,0123 CE-09-13 17:18:00,0123 CE-09-13 17:18:00,0.138583034
1_8,matched,0123 CE-11-04 03:31:29,0123 CE-11-04 03:31:29,-0.332546979
1_8,matched,0123 CE-12-11 01:10:17,0123 CE-12-11 01:10:17,-0.238522142
1_8,matched,0124 CE-01-30 18:05:17,0124 CE-01-30 18:05:17,-0.255902857
1_8,matched,0124 CE-03-08 09:19:56,0124 CE-03-08 09:19:55,-0.564430654
1_8,matched,0124 CE-04-27 08:22:45,0124 CE-04-27 08:22:45,0.048400462
1_8,matched,0124 CE-06-04 17:44:12,0124 CE-06-04 17:44:12,-0.457390398
1_8,matched,0124 CE-07-23 22:22:32,0124 CE-07-23 22:22:32,-0.207944959
1_8,matched,0124 CE-09-01 02:28:57,0124 CE-09-01 02:28:57,0.180586427
1_8,matched,0124 CE-10-19 12:01:19,0124 CE-10-19 12:01:19,0.317640603
1_8,matched,0124 CE-11-28 11:35:26,0124 CE-11-28 11:35:26,0.011727959
1_8,matched,0125 CE-01-15 01:23:53,0125 CE-01-15 01:23:53,0.015831739
1_8,matched,0125 CE-02-24 21:02:24,0125 CE-02-24 21:02:24,0.417720526
1_8,matched,0125 CE-04-12 14:26:09,0125 CE-04-12 14:26:09,-0.104726851
1_8,matched,0125 CE-05-24 06:47:04,0125 CE-05-24 06:47:04,-0.117802620
1_8,matched,0125 CE-07-09 03:09:36,0125 CE-07-09 03:09:36,-0.176985562
1_8,matched,0125 CE-08-20 16:49:09,0125 CE-08-20 16:49:09,0.320497155
1_8,matched,0125 CE-10-04 15:34:52,0125 CE-10-04 15:34:52,-0.383140147
1_8,matched,0125 CE-11-17 03:11:46,0125 CE-11-17 03:11:46,-0.363767892
1_8,matched,0125 CE-12-31 03:40:50,0125 CE-12-31 03:40:50,0.150512159
1_8,matched,0126 CE-02-13 13:53:28,0126 CE-02-13 13:53:27,-0.535925478
1_8,matched,0126 CE-03-28 15:34:27,0126 CE-03-28 15:34:27,0.309956074
1_8,matched,0126 CE-05-13 00:49:36,0126 CE-05-13 00:49:36,0.298207998
1_8,matched,0126 CE-06-24 03:11:35,0126 CE-06-24 03:11:35,0.353327394
1_8,matched,0126 CE-08-09 12:01:21,0126 CE-08-09 12:01:21,0.186903030
1_8,matched,0126 CE-09-19 14:31:58,0126 CE-09-19 14:31:58,0.256345421
1_8,matched,0126 CE-11-05 23:26:42,0126 CE-11-05 23:26:42,-0.180787593
1_8,matched,0126 CE-12-16 01:39:47,0126 CE-12-16 01:39:47,0.438259542
1_8,matched,0127 CE-02-02 11:06:10,0127 CE-02-02 11:06:10,-0.481188297
1_8,matched,0127 CE-03-13 12:35:38,0127 CE-03-13 12:35:38,0.413435698
1_8,matched,0127 CE-05-01 22:56:21,0127 CE-05-01 22:56:21,-0.159081817
1_8,matched,0127 CE-06-08 23:25:08,0127 CE-06-08 23:25:08,0.043431669
1_8,matched,0127 CE-07-29 10:54:10,0127 CE-07-29 10:54:10,0.444515795
1_8,matched,0127 CE-09-04 10:03:41,0127 CE-09-04 10:03:41,0.217218697
1_8,matched,0127 CE-10-25 23:02:05,0127 CE-10-25 23:02:05,-0.430152565
1_8,matched,0127 CE-11-30 20:31:36,0127 CE-11-30 20:31:36,-0.367026776
1_8,matched,0128 CE-01-22 11:16:52,0128 CE-01-22 11:16:52,-0.236731768
1_8,matched,0128 CE-02-26 06:55:45,0128 CE-02-26 06:55:45,0.471934676
1_8,matched,0128 CE-04-19 23:36:16,0128 CE-04-19 23:36:15,-0.571712852
1_8,matched,0128 CE-05-23 17:16:29,0128 CE-05-23 17:16:29,0.093039125
1_8,matched,0128 CE-07-17 12:00:24,0128 CE-07-17 12:00:24,-0.271533430
1_8,matched,0128 CE-08-19 03:33:28,0128 CE-08-19 03:33:28,0.217641145
1_8,matched,0128 CE-10-14 00:25:40,0128 CE-10-14 00:25:40,0.385010988
1_8,matched,0128 CE-11-14 13:46:20,0128 CE-11-14 13:46:21,0.514702499
1_8,matched,0129 CE-01-10 12:56:00,0129 CE-01-10 12:56:00,0.301668048
1_8,matched,0129 CE-02-09 23:54:59,0129 CE-02-09 23:54:59,0.490783900
1_8,matched,0129 CE-04-09 01:25:20,0129 CE-04-09 01:25:20,0.121121854
1_8,matched,0129 CE-05-08 10:08:41,0129 CE-05-08 10:08:41,0.381973386
1_8,matched,0129 CE-07-06 13:54:22,0129 CE-07-06 13:54:22,-0.007503480
1_8,matched,0129 CE-08-03 20:21:49,0129 CE-08-03 20:21:49,0.442544371
1_8,matched,0129 CE-10-03 02:23:59,0129 CE-10-03 02:23:59,0.311022252
1_8,matched,0129 CE-10-30 06:33:34,0129 CE-10-30 06:33:34,0.280726701
1_8,matched,0129 CE-12-30 14:50:37,0129 CE-12-30 14:50:37,-0.302110612
1_8,matched,0130 CE-01-25 16:47:13,0130 CE-01-25 16:47:13,-0.163145363
1_8,matched,0130 CE-03-29 03:15:57,0130 CE-03-29 03:15:57,0.075839460
1_8,matched,0130 CE-04-23 03:03:00,0130 CE-04-23 03:03:00,0.260066986
1_8,matched,0130 CE-06-25 15:37:26,0130 CE-06-25 15:37:26,-0.280867517
1_8,matched,0130 CE-07-19 13:25:34,0130 CE-07-19 13:25:34,0.121866167
1_8,matched,0130 CE-09-22 03:58:36,0130 CE-09-22 03:58:36,0.297845900
1_8,matched,0130 CE-10-14 23:47:11,0130 CE-10-14 23:47:12,0.530876219
1_8,matched,0130 CE-12-19 16:20:27,0130 CE-12-19 16:20:27,-0.498267263
1_8,matched,0131 CE-01-10 10:06:23,0131 CE-01-10 10:06:24,0.649684668
1_8,matched,0131 CE-03-18 04:36:30,0131 CE-03-18 04:36:29,-0.505127013
1_8,matched,0131 CE-04-07 20:31:55,0131 CE-04-07 20:31:55,-0.320879370
1_8,matched,0131 CE-06-14 16:51:04,0131 CE-06-14 16:51:04,-0.093562156
1_8,matched,0131 CE-07-04 06:57:10,0131 CE-07-04 06:57:10,0.417016447
1_8,matched,0131 CE-09-11 05:08:25,0131 CE-09-11 05:08:25,-0.129188597
1_8,matched,0131 CE-09-29 17:24:02,0131 CE-09-29 17:24:02,0.094849616
1_8,matched,0131 CE-12-08 17:30:07,0131 CE-12-08 17:30:06,-0.604522973
1_8,matched,0131 CE-12-26 03:42:56,0131 CE-12-26 03:42:56,0.311746448
1_8,matched,0132 CE-03-06 06:00:22,0132 CE-03-06 06:00:22,0.296015292
1_8,matched,0132 CE-03-22 13:52:20,0132 CE-03-22 13:52:20,0.405087322
1_8,matched,0132 CE-06-02 18:34:48,0132 CE-06-02 18:34:47,-0.592533499
1_8,matched,0132 CE-06-17 23:56:46,0132 CE-06-17 23:56:46,0.098993629
1_8,matched,0132 CE-08-30 07:29:51,0132 CE-08-30 07:29:51,0.191771239
1_8,matched,0132 CE-09-13 09:39:33,0132 CE-09-13 09:39:33,0.154736638
1_8,matched,0132 CE-11-26 20:56:01,0132 CE-11-26 20:56:00,-0.554955751
1_8,matched,0132 CE-12-09 18:53:50,0132 CE-12-09 18:53:50,0.305651128
1_8,matched,0133 CE-02-23 10:59:15,0133 CE-02-23 10:59:15,-0.222449005
1_8,matched,0133 CE-03-07 03:27:45,0133 CE-03-07 03:27:45,0.052383542
1_8,matched,0133 CE-05-23 02:04:21,0133 CE-05-23 02:04:21,0.287807733
1_8,matched,0133 CE-06-02 10:57:42,0133 CE-06-02 10:57:43,0.585110486
1_8,matched,0133 CE-08-19 18:42:13,0133 CE-08-19 18:42:13,-0.067853183
1_8,matched,0133 CE-08-28 16:55:07,0133 CE-08-28 16:55:07,0.140192360
1_8,matched,0133 CE-11-16 14:15:08,0133 CE-11-16 14:15:08,0.277789682
1_8,matched,0133 CE-11-23 19:56:02,0133 CE-11-23 19:56:02,-0.140856206
1_8,matched,0134 CE-02-13 15:40:57,0134 CE-02-13 15:40:56,-0.878269225
1_8,matched,0134 CE-02-18 17:05:35,0134 CE-02-18 17:05:36,0.727535784
1_8,matched,0172 CE-11-24 09:09:59,0172 CE-11-24 09:09:58,-0.653144717
1_8,matched,0172 CE-11-28 08:55:49,0172 CE-11-28 08:55:49,0.133755058
1_8,matched,0173 CE-02-17 20:47:55,0173 CE-02-17 20:47:55,-0.200099498
1_8,matched,0173 CE-02-26 19:47:03,0173 CE-02-26 19:47:03,0.122369081
1_8,matched,0173 CE-05-15 07:32:49,0173 CE-05-15 07:32:49,-0.262702256
1_8,matched,0173 CE-05-27 07:28:45,0173 CE-05-27 07:28:45,-0.342927128
1_8,matched,0173 CE-08-10 02:10:21,0173 CE-08-10 02:10:21,-0.016877800
1_8,matched,0173 CE-08-24 11:19:40,0173 CE-08-24 11:19:40,-0.076744705
1_8,matched,0173 CE-11-05 01:12:35,0173 CE-11-05 01:12:35,-0.499434024
1_8,matched,0173 CE-11-21 10:45:24,0173 CE-11-21 10:45:24,-0.281913579
1_8,matched,0174 CE-01-31 03:23:00,0174 CE-01-31 03:22:59,-0.454714894
1_8,matched,0174 CE-02-18 07:00:31,0174 CE-02-18 07:00:31,-0.278735161
1_8,matched,0174 CE-04-28 07:49:59,0174 CE-04-28 07:49:59,0.364934653
1_8,matched,0174 CE-05-18 00:59:48,0174 CE-05-18 00:59:48,0.327779353
1_8,matched,0174 CE-07-24 14:01:32,0174 CE-07-24 14:01:32,0.300179422
1_8,matched,0174 CE-08-14 17:12:29,0174 CE-08-14 17:12:29,0.003419816
1_8,matched,0174 CE-10-19 21:43:42,0174 CE-10-19 21:43:42,0.317399204
1_8,matched,0174 CE-11-11 07:56:02,0174 CE-11-11 07:56:03,0.532767177
1_8,matched,0175 CE-01-15 06:42:09,0175 CE-01-15 06:42:09,-0.087808818
1_8,matched,0175 CE-02-07 21:24:44,0175 CE-02-07 21:24:44,-0.352925062
1_8,matched,0175 CE-04-12 16:45:52,0175 CE-04-12 16:45:52,0.212109089
1_8,matched,0175 CE-05-07 09:45:55,0175 CE-05-07 09:45:55,0.003299117
1_8,matched,0175 CE-07-09 03:43:42,0175 CE-07-09 03:43:42,0.125809014
1_8,matched,0175 CE-08-03 21:13:55,0175 CE-08-03 21:13:55,0.180123746
1_8,matched,0175 CE-10-04 15:26:27,0175 CE-10-04 15:26:27,0.369601697
1_8,matched,0175 CE-10-31 07:55:20,0175 CE-10-31 07:55:20,-0.455378741
1_8,matched,0175 CE-12-31 03:56:42,0175 CE-12-31 03:56:42,-0.243450701
1_8,matched,0176 CE-01-27 17:52:01,0176 CE-01-27 17:52:01,-0.079138577
1_8,matched,0176 CE-03-27 17:06:43,0176 CE-03-27 17:06:43,-0.492151827
1_8,matched,0176 CE-04-25 03:11:38,0176 CE-04-25 03:11:38,0.125507265
1_8,matched,0176 CE-06-23 06:47:04,0176 CE-06-23 06:47:04,-0.317922235
1_8,matched,0176 CE-07-22 11:56:56,0176 CE-07-22 11:56:56,-0.202332437
1_8,matched,0176 CE-09-18 20:55:15,0176 CE-09-18 20:55:15,-0.078012049
1_8,matched,0176 CE-10-18 20:16:03,0176 CE-10-18 20:16:03,-0.312148780
1_8,matched,0176 CE-12-15 11:26:51,0176 CE-12-15 11:26:51,0.379921496
1_8,matched,0177 CE-01-15 04:10:48,0177 CE-01-15 04:10:48,0.409412384
1_8,matched,0177 CE-03-13 02:24:45,0177 CE-03-13 02:24:45,-0.481731445
1_8,matched,0177 CE-04-13 11:43:39,0177 CE-04-13 11:43:39,-0.285353512
1_8,matched,0177 CE-06-08 17:40:05,0177 CE-06-08 17:40:05,-0.412449986
1_8,matched,0177 CE-07-10 18:59:50,0177 CE-07-10 18:59:50,0.016053021
1_8,matched,0177 CE-09-04 09:06:53,0177 CE-09-04 09:06:53,0.344033539
1_8,matched,0177 CE-10-07 02:01:18,0177 CE-10-07 02:01:18,0.233271718
1_8,matched,0177 CE-12-01 00:47:13,0177 CE-12-01 00:47:13,-0.471552461
1_8,matched,0178 CE-01-03 08:50:18,0178 CE-01-03 08:50:18,-0.123294443
1_8,matched,0178 CE-02-26 16:37:41,0178 CE-02-26 16:37:41,-0.316956639
1_8,matched,0178 CE-04-01 15:31:03,0178 CE-04-01 15:31:03,-0.002373755
1_8,matched,0178 CE-05-25 08:37:07,0178 CE-05-25 08:37:07,0.011184812
1_8,matched,0178 CE-06-28 22:05:16,0178 CE-06-28 22:05:17,0.566221029
1_8,matched,0178 CE-08-21 00:39:16,0178 CE-08-21 00:39:16,0.459542871
1_8,matched,0178 CE-09-25 04:37:46,0178 CE-09-25 04:37:46,0.092717260
1_8,matched,0178 CE-11-16 16:40:40,0178 CE-11-16 16:40:40,-0.124239922
1_8,matched,0178 CE-12-22 11:07:27,0178 CE-12-22 11:07:28,0.548800081
1_8,matched,0179 CE-02-12 08:45:57,0179 CE-02-12 08:45:57,0.293138623
1_8,matched,0179 CE-03-20 17:36:12,0179 CE-03-20 17:36:12,0.056628138
1_8,matched,0179 CE-05-11 00:48:51,0179 CE-05-11 00:48:51,-0.377406925
1_8,matched,0179 CE-06-17 00:10:54,0179 CE-06-17 00:10:54,-0.063950568
1_8,matched,0179 CE-08-06 16:47:28,0179 CE-08-06 16:47:28,-0.490522385
1_8,matched,0179 CE-09-13 06:49:55,0179 CE-09-13 06:49:55,0.011868775
1_8,matched,0179 CE-11-02 08:38:24,0179 CE-11-02 08:38:24,0.086139143
1_8,matched,0179 CE-12-10 13:36:23,0179 CE-12-10 13:36:23,0.464692712
1_8,matched,0180 CE-01-29 00:21:38,0180 CE-01-29 00:21:38,-0.215367973
1_8,matched,0180 CE-03-07 20:29:06,0180 CE-03-07 20:29:07,0.558375567
1_8,matched,0180 CE-04-25 15:59:05,0180 CE-04-25 15:59:05,-0.452823937
1_8,matched,0180 CE-06-04 03:32:24,0180 CE-06-04 03:32:24,0.180063397
1_8,matched,0180 CE-07-22 07:25:48,0180 CE-07-22 07:25:48,-0.099918991
1_8,matched,0180 CE-08-31 10:49:52,0180 CE-08-31 10:49:52,-0.332325697
1_8,matched,0180 CE-10-17 22:37:58,0180 CE-10-17 22:37:58,-0.163768977
1_8,matched,0180 CE-11-27 18:18:07,0180 CE-11-27 18:18:07,-0.335644931
1_8,matched,0181 CE-01-13 13:38:28,0181 CE-01-13 13:38:28,-0.491669029
1_8,matched,0181 CE-02-24 01:58:53,0181 CE-02-24 01:58:53,0.435986370
1_8,matched,0181 CE-04-11 04:24:33,0181 CE-04-11 04:24:33,0.184267759
1_8,matched,0181 CE-05-23 09:54:54,0181 CE-05-23 09:54:54,-0.190403312
1_8,matched,0181 CE-07-07 18:58:16,0181 CE-07-07 18:58:16,-0.278513879
1_8,matched,0181 CE-08-19 18:07:32,0181 CE-08-19 18:07:32,0.112109631
1_8,matched,0181 CE-10-03 09:16:22,0181 CE-10-03 09:16:22,0.300360471
1_8,matched,0181 CE-11-16 02:36:47,0181 CE-11-16 02:36:47,-0.409291685
1_8,matched,0181 CE-12-29 23:17:35,0181 CE-12-29 23:17:35,0.242102891
1_8,matched,0182 CE-02-12 11:17:37,0182 CE-02-12 11:17:37,-0.322790444
1_8,matched,0182 CE-03-27 13:05:44,0182 CE-03-27 13:05:44,-0.466281921
1_8,matched,0182 CE-05-11 20:13:59,0182 CE-05-11 20:13:59,0.018829107
1_8,matched,0182 CE-06-23 02:37:18,0182 CE-06-23 02:37:18,0.072238594
1_8,matched,0182 CE-08-08 05:27:37,0182 CE-08-08 05:27:37,0.037195534
1_8,matched,0182 CE-09-18 15:54:34,0182 CE-09-18 15:54:34,-0.174249709
1_8,matched,0182 CE-11-04 14:57:19,0182 CE-11-04 14:57:19,-0.493278354
1_8,matched,0182 CE-12-15 04:59:05,0182 CE-12-15 04:59:05,-0.223655999
1_8,matched,0183 CE-02-01 00:39:06,0183 CE-02-01 00:39:06,-0.303699821
1_8,matched,0183 CE-03-12 17:49:12,0183 CE-03-12 17:49:12,-0.362037867
1_8,matched,0183 CE-04-30 10:30:57,0183 CE-04-30 10:30:57,0.492815673
1_8,matched,0183 CE-06-08 06:29:01,0183 CE-06-08 06:29:01,-0.015892088
1_8,matched,0183 CE-07-27 20:35:04,0183 CE-07-27 20:35:04,0.221342593
1_8,matched,0183 CE-09-03 18:55:52,0183 CE-09-03 18:55:52,0.354474038
1_8,matched,0183 CE-10-24 06:52:11,0183 CE-10-24 06:52:11,-0.007201731
1_8,matched,0183 CE-11-30 07:14:50,0183 CE-11-30 07:14:50,-0.277367234
1_8,matched,0184 CE-01-20 17:15:27,0184 CE-01-20 17:15:27,0.003057718
1_8,matched,0184 CE-02-25 19:28:36,0184 CE-02-25 19:28:36,0.075638294
1_8,matched,0184 CE-04-18 03:44:06,0184 CE-04-18 03:44:06,0.456304103
1_8,matched,0184 CE-05-23 07:34:41,0184 CE-05-23 07:34:41,0.229992718
1_8,matched,0184 CE-07-15 14:17:25,0184 CE-07-15 14:17:25,-0.223253667
1_8,matched,0184 CE-08-18 19:37:14,0184 CE-08-18 19:37:14,0.017561764
1_8,matched,0184 CE-10-12 00:55:32,0184 CE-10-12 00:55:32,0.317660719
1_8,matched,0184 CE-11-14 07:36:02,0184 CE-11-14 07:36:02,-0.141258538
1_8,matched,0185 CE-01-08 11:36:27,0185 CE-01-08 11:36:27,-0.273464620
1_8,matched,0185 CE-02-09 19:36:02,0185 CE-02-09 19:36:02,0.350611657
1_8,matched,0185 CE-04-06 22:13:04,0185 CE-04-06 22:13:04,-0.380866975
1_8,matched,0185 CE-05-08 07:38:18,0185 CE-05-08 07:38:18,-0.249928236
1_8,matched,0185 CE-07-04 08:49:11,0185 CE-07-04 08:49:11,0.380866975
1_8,matched,0185 CE-08-03 19:40:10,0185 CE-08-03 19:40:10,0.113115460
1_8,matched,0185 CE-09-30 19:23:03,0185 CE-09-30 19:23:03,0.159665197
1_8,matched,0185 CE-10-30 07:45:50,0185 CE-10-30 07:45:50,0.124581903
1_8,matched,0185 CE-12-28 05:53:34,0185 CE-12-28 05:53:34,-0.324641168
1_8,matched,0186 CE-01-25 19:57:51,0186 CE-01-25 19:57:51,0.096479058
1_8,matched,0186 CE-03-26 16:17:35,0186 CE-03-26 16:17:35,0.176784396
1_8,matched,0186 CE-04-23 08:15:44,0186 CE-04-23 08:15:44,-0.440693647
1_8,matched,0186 CE-06-23 02:33:18,0186 CE-06-23 02:33:18,-0.010842830
1_8,matched,0186 CE-07-19 20:40:13,0186 CE-07-19 20:40:13,0.359523296
1_8,matched,0186 CE-09-19 12:44:08,0186 CE-09-19 12:44:08,0.432828069
1_8,matched,0186 CE-10-15 09:07:28,0186 CE-10-15 09:07:28,-0.456766784
1_8,matched,0186 CE-12-16 22:49:28,0186 CE-12-16 22:49:28,-0.333774090
1_8,matched,0187 CE-01-10 21:43:41,0187 CE-01-10 21:43:41,0.307340920
1_8,matched,0187 CE-03-15 08:46:58,0187 CE-03-15 08:46:58,0.173143297
1_8,matched,0187 CE-04-08 10:29:46,0187 CE-04-08 10:29:46,-0.150331110
1_8,matched,0187 CE-06-11 18:37:25,0187 CE-06-11 18:37:25,0.324238837
1_8,matched,0187 CE-07-04 23:20:28,0187 CE-07-04 23:20:28,-0.028183311
1_8,matched,0187 CE-09-08 04:19:44,0187 CE-09-08 04:19:44,0.089599192
1_8,matched,0187 CE-09-30 12:15:54,0187 CE-09-30 12:15:54,0.378271937
1_8,matched,0187 CE-12-05 13:58:04,0187 CE-12-05 13:58:04,-0.172841549
1_8,matched,0187 CE-12-27 01:15:21,0187 CE-12-27 01:15:21,-0.290905684
1_8,matched,0188 CE-03-02 23:31:19,0188 CE-03-02 23:31:19,-0.045966357
1_8,matched,0188 CE-03-23 14:21:48,0188 CE-03-23 14:21:48,0.171453506
1_8,matched,0188 CE-05-30 09:00:10,0188 CE-05-30 09:00:10,-0.202996284
1_8,matched,0188 CE-06-19 03:35:02,0188 CE-06-19 03:35:02,0.435463339
1_8,matched,0188 CE-08-26 18:27:58,0188 CE-08-26 18:27:58,-0.449947268
1_8,matched,0188 CE-09-14 16:43:38,0188 CE-09-14 16:43:38,-0.349223614
1_8,matched,0188 CE-11-23 03:55:12,0188 CE-11-23 03:55:12,-0.301406533
1_8,matched,0188 CE-12-11 05:52:34,0188 CE-12-11 05:52:34,0.046408921
1_8,matched,0189 CE-02-19 13:24:08,0189 CE-02-19 13:24:08,-0.261636078
1_8,matched,0189 CE-03-08 18:58:48,0189 CE-03-08 18:58:48,-0.028464943
1_8,matched,0189 CE-05-18 22:58:21,0189 CE-05-18 22:58:21,-0.138180703
1_8,matched,0189 CE-06-04 08:02:18,0189 CE-06-04 08:02:18,-0.192917883
1_8,matched,0189 CE-08-15 08:39:08,0189 CE-08-15 08:39:08,0.379639864
1_8,matched,0189 CE-08-30 20:57:57,0189 CE-08-30 20:57:57,0.044276565
1_8,matched,0189 CE-11-11 18:35:12,0189 CE-11-11 18:35:12,0.068919361
1_8,matched,0189 CE-11-26 09:35:39,0189 CE-11-26 09:35:39,0.372981280
1_8,matched,0190 CE-02-08 04:47:27,0190 CE-02-08 04:47:27,0.307843834
1_8,matched,0190 CE-02-21 21:57:14,0190 CE-02-21 21:57:14,-0.088110566
1_8,matched,0190 CE-05-07 15:23:43,0190 CE-05-07 15:23:43,-0.020136684
1_8,matched,0190 CE-05-20 09:54:40,0190 CE-05-20 09:54:41,0.533270091
1_8,matched,0190 CE-08-04 02:36:52,0190 CE-08-04 02:36:52,-0.298308581
1_8,matched,0190 CE-08-15 21:16:17,0190 CE-08-15 21:16:17,-0.273927301
1_8,matched,0190 CE-10-31 14:33:40,0190 CE-10-31 14:33:40,0.396899879
1_8,matched,0190 CE-11-11 07:52:38,0190 CE-11-11 07:52:38,-0.070931017
1_8,matched,0191 CE-01-28 03:39:16,0191 CE-01-28 03:39:16,0.414159894
1_8,matched,0191 CE-02-06 17:18:43,0191 CE-02-06 17:18:43,0.275174528
1_8,matched,0191 CE-04-26 18:19:55,0191 CE-04-26 18:19:56,0.520817935
1_8,matched,0191 CE-05-05 01:10:18,0191 CE-05-05 01:10:18,0.082759559
1_8,matched,0191 CE-07-24 11:43:08,0191 CE-07-24 11:43:08,0.028746575
1_8,matched,0191 CE-07-31 06:21:06,0191 CE-07-31 06:21:06,-0.066344440
1_8,matched,0191 CE-10-21 10:21:12,0191 CE-10-21 10:21:12,-0.075457245
1_8,matched,0191 CE-10-26 06:15:57,0191 CE-10-26 06:15:57,-0.388149172
1_8,matched,0192 CE-01-19 07:55:53,0192 CE-01-19 07:55:55,1.793291420
1_8,matched,0192 CE-01-20 07:12:03,0192 CE-01-20 07:12:01,-1.919985563
1_8,matched,0281 CE-02-27 19:59:29,0281 CE-02-27 19:59:30,0.829184800
1_8,matched,0281 CE-03-03 06:50:22,0281 CE-03-03 06:50:21,-0.950246304
1_8,matched,0281 CE-05-25 01:09:35,0281 CE-05-25 01:09:35,0.292856991
1_8,matched,0281 CE-06-01 00:15:52,0281 CE-06-01 00:15:52,0.428181142
1_8,matched,0281 CE-08-19 20:54:10,0281 CE-08-19 20:54:10,-0.108890980
1_8,matched,0281 CE-08-29 03:06:31,0281 CE-08-29 03:06:31,-0.088191032
1_8,matched,0281 CE-11-14 21:57:07,0281 CE-11-14 21:57:07,-0.137376040
1_8,matched,0281 CE-11-26 00:36:02,0281 CE-11-26 00:36:02,0.484527647
1_8,matched,0282 CE-02-10 02:03:21,0282 CE-02-10 02:03:21,0.303136557
1_8,matched,0282 CE-02-22 19:01:11,0282 CE-02-22 19:01:11,0.264150649
1_8,matched,0282 CE-05-08 08:14:40,0282 CE-05-08 08:14:40,-0.292152911
1_8,matched,0282 CE-05-22 11:21:01,0282 CE-05-22 11:21:01,-0.295532495
1_8,matched,0282 CE-08-03 16:00:50,0282 CE-08-03 16:00:50,0.260489434
1_8,matched,0282 CE-08-19 02:09:42,0282 CE-08-19 02:09:41,-0.539284945
1_8,matched,0282 CE-10-30 00:51:56,0282 CE-10-30 00:51:56,0.439023972
1_8,matched,0282 CE-11-15 15:51:20,0282 CE-11-15 15:51:20,0.159685314
1_8,matched,0283 CE-01-25 10:42:15,0283 CE-01-25 10:42:15,-0.336429477
1_8,matched,0283 CE-02-12 04:30:25,0283 CE-02-12 04:30:26,0.534275919
1_8,matched,0283 CE-04-22 21:23:43,0283 CE-04-22 21:23:43,0.443288684
1_8,matched,0283 CE-05-11 16:18:21,0283 CE-05-11 16:18:21,-0.424902141
1_8,matched,0283 CE-07-19 08:49:01,0283 CE-07-19 08:49:01,0.308386981
1_8,matched,0283 CE-08-08 03:23:43,0283 CE-08-08 03:23:43,0.479619205
1_8,matched,0283 CE-10-14 20:54:00,0283 CE-10-14 20:54:00,0.067189336
1_8,matched,0283 CE-11-04 13:53:18,0283 CE-11-04 13:53:18,0.405912101
1_8,matched,0284 CE-01-10 09:28:56,0284 CE-01-10 09:28:56,-0.152121484
1_8,matched,0284 CE-01-31 23:49:03,0284 CE-01-31 23:49:03,0.238743424
1_8,matched,0284 CE-04-06 22:35:25,0284 CE-04-06 22:35:25,0.063829869
1_8,matched,0284 CE-04-29 09:09:57,0284 CE-04-29 09:09:57,0.475475192
1_8,matched,0284 CE-07-03 12:11:28,0284 CE-07-03 12:11:28,-0.208649039
1_8,matched,0284 CE-07-26 18:03:55,0284 CE-07-26 18:03:55,0.070267171
1_8,matched,0284 CE-09-29 02:10:11,0284 CE-09-29 02:10:11,0.068195164
1_8,matched,0284 CE-10-23 02:35:38,0284 CE-10-23 02:35:38,-0.269240141
1_8,matched,0284 CE-12-25 16:33:34,0284 CE-12-25 16:33:34,0.090001523
1_8,matched,0285 CE-01-19 10:45:32,0285 CE-01-19 10:45:32,0.089398026
1_8,matched,0285 CE-03-23 07:15:40,0285 CE-03-23 07:15:40,0.107663870
1_8,matched,0285 CE-04-17 18:32:27,0285 CE-04-17 18:32:27,-0.304263085
1_8,matched,0285 CE-06-18 22:17:55,0285 CE-06-18 22:17:55,-0.328543782
1_8,matched,0285 CE-07-15 01:59:07,0285 CE-07-15 01:59:07,-0.390382111
1_8,matched,0285 CE-09-14 13:36:55,0285 CE-09-14 13:36:55,0.196257234
1_8,matched,0285 CE-10-11 09:10:16,0285 CE-10-11 09:10:16,0.185937434
1_8,matched,0285 CE-12-11 05:09:12,0285 CE-12-11 05:09:13,0.555780530
1_8,matched,0286 CE-01-07 16:09:46,0286 CE-01-07 16:09:46,-0.010138750
1_8,matched,0286 CE-03-08 20:56:12,0286 CE-03-08 20:56:12,-0.211324543
1_8,matched,0286 CE-04-05 22:53:49,0286 CE-04-05 22:53:49,0.091208518
1_8,matched,0286 CE-06-04 12:54:39,0286 CE-06-04 12:54:39,0.417358428
1_8,matched,0286 CE-07-03 05:26:56,0286 CE-07-03 05:26:56,-0.004485995
1_8,matched,0286 CE-08-31 05:00:49,0286 CE-08-31 05:00:49,0.388169289
1_8,matched,0286 CE-09-29 11:50:52,0286 CE-09-29 11:50:52,0.114463270
1_8,matched,0286 CE-11-26 21:15:36,0286 CE-11-26 21:15:36,0.473825634
1_8,matched,0286 CE-12-26 18:09:35,0286 CE-12-26 18:09:35,0.092234462
1_8,matched,0287 CE-02-22 13:34:39,0287 CE-02-22 13:34:39,0.074914098
1_8,matched,0287 CE-03-25 00:23:55,0287 CE-03-25 00:23:55,0.377547741
1_8,matched,0287 CE-05-21 05:59:11,0287 CE-05-21 05:59:11,0.401365757
1_8,matched,0287 CE-06-21 06:32:38,0287 CE-06-21 06:32:38,-0.177508593
1_8,matched,0287 CE-08-16 22:24:14,0287 CE-08-16 22:24:14,-0.271996111
1_8,matched,0287 CE-09-17 12:41:28,0287 CE-09-17 12:41:28,0.352904946
1_8,matched,0287 CE-11-12 14:47:01,0287 CE-11-12 14:47:01,0.325486064
1_8,matched,0287 CE-12-14 18:52:58,0287 CE-12-14 18:52:58,-0.402331352
1_8,matched,0288 CE-02-08 07:10:09,0288 CE-02-08 07:10:09,0.063910335
1_8,matched,0288 CE-03-12 01:07:47,0288 CE-03-12 01:07:47,-0.054737180
1_8,matched,0288 CE-05-05 23:27:56,0288 CE-05-05 23:27:56,-0.367549807
1_8,matched,0288 CE-06-08 07:28:09,0288 CE-06-08 07:28:09,-0.422749668
1_8,matched,0288 CE-08-01 15:38:17,0288 CE-08-01 15:38:17,0.058156997
1_8,matched,0288 CE-09-04 13:54:15,0288 CE-09-04 13:54:14,-0.529789925
1_8,matched,0288 CE-10-28 07:38:49,0288 CE-10-28 07:38:49,-0.406052917
1_8,matched,0288 CE-12-01 20:32:20,0288 CE-12-01 20:32:20,-0.308246166
1_8,matched,0289 CE-01-23 23:27:16,0289 CE-01-23 23:27:16,0.097746402
1_8,matched,0289 CE-02-28 03:22:37,0289 CE-02-28 03:22:36,-0.505066663
1_8,matched,0289 CE-04-21 15:07:52,0289 CE-04-21 15:07:52,0.026915967
1_8,matched,0289 CE-05-27 10:26:09,0289 CE-05-27 10:26:09,0.327598304
1_8,matched,0289 CE-07-18 06:31:38,0289 CE-07-18 06:31:38,0.302452594
1_8,matched,0289 CE-08-23 17:45:25,0289 CE-08-23 17:45:25,-0.100743771
1_8,matched,0289 CE-10-13 21:37:04,0289 CE-10-13 21:37:04,-0.064352900
1_8,matched,0289 CE-11-20 01:21:05,0289 CE-11-20 01:21:05,0.155138969
1_8,matched,0290 CE-01-09 12:24:55,0290 CE-01-09 12:24:55,0.295331329
1_8,matched,0290 CE-02-16 09:16:17,0290 CE-02-16 09:16:17,-0.160369277
1_8,matched,0290 CE-04-07 02:53:54,0290 CE-04-07 02:53:54,-0.158759952
1_8,matched,0290 CE-05-15 17:31:20,0290 CE-05-15 17:31:20,-0.235102326
1_8,matched,0290 CE-07-03 17:06:43,0290 CE-07-03 17:06:44,0.538922846
1_8,matched,0290 CE-08-12 02:07:49,0290 CE-08-12 02:07:49,0.300340354
1_8,matched,0290 CE-09-29 06:54:49,0290 CE-09-29 06:54:49,0.406495482
1_8,matched,0290 CE-11-08 11:06:55,0290 CE-11-08 11:06:55,0.420214981
1_8,matched,0290 CE-12-25 20:19:18,0290 CE-12-25 20:19:18,0.162059069
1_8,matched,0291 CE-02-04 20:27:20,0291 CE-02-04 20:27:20,0.166504830
1_8,matched,0291 CE-03-23 09:24:16,0291 CE-03-23 09:24:16,0.361394137
1_8,matched,0291 CE-05-04 06:09:03,0291 CE-05-04 06:09:03,0.144819170
1_8,matched,0291 CE-06-18 22:08:22,0291 CE-06-18 22:08:22,-0.047454983
1_8,matched,0291 CE-07-31 16:15:00,0291 CE-07-31 16:15:00,0.224400312
1_8,matched,0291 CE-09-14 10:31:28,0291 CE-09-14 10:31:28,-0.015550107
1_8,matched,0291 CE-10-28 02:42:20,0291 CE-10-28 02:42:20,-0.367489457
1_8,matched,0291 CE-12-10 22:30:48,0291 CE-12-10 22:30:48,0.267731398
1_8,matched,0292 CE-01-24 13:32:47,0292 CE-01-24 13:32:47,-0.013779849
1_8,matched,0292 CE-03-07 10:08:21,0292 CE-03-07 10:08:21,0.468716025
1_8,matched,0292 CE-04-22 00:41:47,0292 CE-04-22 00:41:47,-0.499092042
1_8,matched,0292 CE-06-02 21:30:18,0292 CE-06-02 21:30:18,-0.372377783
1_8,matched,0292 CE-07-19 12:11:18,0292 CE-07-19 12:11:18,0.258880109
1_8,matched,0292 CE-08-29 08:31:44,0292 CE-08-29 08:31:44,0.231702626
1_8,matched,0292 CE-10-16 00:01:55,0292 CE-10-16 00:01:55,-0.329449028
1_8,matched,0292 CE-11-24 19:14:22,0292 CE-11-24 19:14:22,0.215307623
1_8,matched,0293 CE-01-12 12:08:58,0293 CE-01-12 12:08:58,-0.023958832
1_8,matched,0293 CE-02-20 05:40:02,0293 CE-02-20 05:40:02,-0.484225899
1_8,matched,0293 CE-04-11 00:32:21,0293 CE-04-11 00:32:21,0.323595107
1_8,matched,0293 CE-05-18 15:50:47,0293 CE-05-18 15:50:47,0.404584408
1_8,matched,0293 CE-07-08 13:10:17,0293 CE-07-08 13:10:17,0.162944198
1_8,matched,0293 CE-08-14 01:49:42,0293 CE-08-14 01:49:42,-0.123737007
1_8,matched,0293 CE-10-05 02:04:21,0293 CE-10-05 02:04:21,0.265639275
1_8,matched,0293 CE-11-09 11:32:35,0293 CE-11-09 11:32:35,0.470043719
1_8,matched,0294 CE-01-01 15:13:46,0294 CE-01-01 15:13:46,-0.045483559
1_8,matched,0294 CE-02-04 21:01:31,0294 CE-02-04 21:01:31,-0.277347118
1_8,matched,0294 CE-03-31 04:31:27,0294 CE-03-31 04:31:27,-0.191590190
1_8,matched,0294 CE-05-03 06:22:13,0294 CE-05-03 06:22:13,0.415326655
1_8,matched,0294 CE-06-27 18:00:22,0294 CE-06-27 18:00:22,-0.043532252
1_8,matched,0294 CE-07-29 15:30:43,0294 CE-07-29 15:30:43,-0.248962641
1_8,matched,0294 CE-09-24 07:41:21,0294 CE-09-24 07:41:21,-0.110701472
1_8,matched,0294 CE-10-25 00:31:33,0294 CE-10-25 00:31:33,0.061476231
1_8,matched,0294 CE-12-21 21:34:41,0294 CE-12-21 21:34:41,-0.163587928
1_8,matched,0295 CE-01-20 09:20:03,0295 CE-01-20 09:20:03,0.361414254
1_8,matched,0295 CE-03-20 11:36:35,0295 CE-03-20 11:36:35,0.119814277
1_8,matched,0295 CE-04-17 17:59:53,0295 CE-04-17 17:59:53,-0.284669548
1_8,matched,0295 CE-06-17 01:42:37,0295 CE-06-17 01:42:37,0.028364360
1_8,matched,0295 CE-07-14 02:33:57,0295 CE-07-14 02:33:57,-0.046569854
1_8,matched,0295 CE-09-13 16:00:17,0295 CE-09-13 16:00:17,-0.141721219
1_8,matched,0295 CE-10-09 10:55:58,0295 CE-10-09 10:55:58,0.392796099
1_8,matched,0295 CE-12-11 06:30:49,0295 CE-12-11 06:30:49,-0.379317999
1_8,matched,0296 CE-01-04 19:10:14,0296 CE-01-04 19:10:15,0.606373698
1_8,matched,0296 CE-03-08 21:10:22,0296 CE-03-08 21:10:22,0.173746794
1_8,matched,0296 CE-04-01 03:13:57,0296 CE-04-01 03:13:57,0.262038410
1_8,matched,0296 CE-06-05 12:00:06,0296 CE-06-05 12:00:06,-0.098108500
1_8,matched,0296 CE-06-27 11:04:56,0296 CE-06-27 11:04:56,0.462037325
1_8,matched,0296 CE-09-02 03:01:38,0296 CE-09-02 03:01:38,-0.163527578
1_8,matched,0296 CE-09-22 18:44:18,0296 CE-09-22 18:44:18,-0.163346529
1_8,matched,0296 CE-11-29 18:23:38,0296 CE-11-29 18:23:38,-0.144618005
1_8,matched,0296 CE-12-19 02:02:39,0296 CE-12-19 02:02:39,0.113276392
1_8,matched,0297 CE-02-26 10:07:35,0297 CE-02-26 10:07:35,0.133815408
1_8,matched,0297 CE-03-16 09:03:58,0297 CE-03-16 09:03:58,0.296176225
1_8,matched,0297 CE-05-26 02:10:54,0297 CE-05-26 02:10:54,-0.377326459
1_8,matched,0297 CE-06-11 15:41:39,0297 CE-06-11 15:41:39,-0.032971054
1_8,matched,0297 CE-08-22 18:52:55,0297 CE-08-22 18:52:55,0.209876150
1_8,matched,0297 CE-09-06 21:38:54,0297 CE-09-06 21:38:54,0.003258884
1_8,matched,0297 CE-11-19 12:24:35,0297 CE-11-19 12:24:35,-0.236772001
1_8,matched,0297 CE-12-03 02:47:07,0297 CE-12-03 02:47:07,0.246669352
1_8,matched,0298 CE-02-16 07:10:08,0298 CE-02-16 07:10:08,-0.429267436
1_8,matched,0298 CE-02-28 06:42:32,0298 CE-02-28 06:42:32,0.324399769
1_8,matched,0298 CE-05-16 03:38:34,0298 CE-05-16 03:38:34,-0.375737250
1_8,matched,0298 CE-05-26 08:56:30,0298 CE-05-26 08:56:30,0.045020878
1_8,matched,0298 CE-08-13 02:57:52,0298 CE-08-13 02:57:51,-0.837875158
1_8,matched,0298 CE-08-21 08:15:40,0298 CE-08-21 08:15:41,0.521039218
1_8,matched,0298 CE-11-10 08:45:54,0298 CE-11-10 08:45:53,-0.695127994
1_8,matched,0298 CE-11-16 01:03:58,0298 CE-11-16 01:03:58,-0.288370997
1_8,matched,0445 CE-11-26 07:04:10,0445 CE-11-26 07:04:06,-3.550594300
1_8,matched,0445 CE-11-26 21:26:18,0445 CE-11-26 21:26:21,3.040397912
1_8,matched,0446 CE-02-19 11:57:55,0446 CE-02-19 11:57:55,0.009495020
1_8,matched,0446 CE-02-25 15:10:14,0446 CE-02-25 15:10:14,-0.268355012
1_8,matched,0446 CE-05-17 04:13:51,0446 CE-05-17 04:13:51,0.076624006
1_8,matched,0446 CE-05-25 21:29:24,0446 CE-05-25 21:29:25,0.505408645
1_8,matched,0446 CE-08-12 03:11:33,0446 CE-08-12 03:11:33,0.125567615
1_8,matched,0446 CE-08-22 21:06:59,0446 CE-08-22 21:06:58,-0.519087911
1_8,matched,0446 CE-11-07 05:36:44,0446 CE-11-07 05:36:44,0.269079208
1_8,matched,0446 CE-11-19 17:20:23,0446 CE-11-19 17:20:23,0.210680813
1_8,matched,0447 CE-02-02 10:09:35,0447 CE-02-02 10:09:35,-0.163346529
1_8,matched,0447 CE-02-16 11:23:39,0447 CE-02-16 11:23:39,-0.323896855
1_8,matched,0447 CE-04-30 16:19:06,0447 CE-04-30 16:19:06,-0.396738946
1_8,matched,0447 CE-05-16 03:47:16,0447 CE-05-16 03:47:16,0.081954896
1_8,matched,0447 CE-07-26 23:42:05,0447 CE-07-26 23:42:05,-0.318646431
1_8,matched,0447 CE-08-12 18:58:12,0447 CE-08-12 18:58:13,0.524479151
1_8,matched,0447 CE-10-22 08:01:57,0447 CE-10-22 08:01:57,-0.185253471
1_8,matched,0447 CE-11-09 09:12:09,0447 CE-11-09 09:12:09,-0.258980691
1_8,matched,0448 CE-01-17 17:15:26,0448 CE-01-17 17:15:26,-0.337053090
1_8,matched,0448 CE-02-05 22:36:14,0448 CE-02-05 22:36:14,0.022490323
1_8,matched,0448 CE-04-14 03:09:29,0448 CE-04-14 03:09:29,0.235746056
1_8,matched,0448 CE-05-04 11:15:02,0448 CE-05-04 11:15:02,-0.097364187
1_8,matched,0448 CE-07-10 13:43:16,0448 CE-07-10 13:43:15,-0.521180034
1_8,matched,0448 CE-07-31 23:12:23,0448 CE-07-31 23:12:23,0.225526839
1_8,matched,0448 CE-10-06 00:50:48,0448 CE-10-06 00:50:48,0.359302014
1_8,matched,0448 CE-10-28 10:35:59,0448 CE-10-28 10:35:59,0.359865278
1_8,matched,0449 CE-01-01 12:29:41,0449 CE-01-01 12:29:41,-0.441095978
1_8,matched,0449 CE-01-24 21:28:47,0449 CE-01-24 21:28:47,0.106517226
1_8,matched,0449 CE-03-30 00:41:50,0449 CE-03-30 00:41:50,0.160952657
1_8,matched,0449 CE-04-23 07:49:39,0449 CE-04-23 07:49:39,0.207582861
1_8,matched,0449 CE-06-25 13:20:44,0449 CE-06-25 13:20:44,0.199817866
1_8,matched,0449 CE-07-20 17:41:35,0449 CE-07-20 17:41:35,-0.480846316
1_8,matched,0449 CE-09-21 02:24:14,0449 CE-09-21 02:24:14,-0.360609591
1_8,matched,0449 CE-10-17 03:05:47,0449 CE-10-17 03:05:47,0.247896463
1_8,matched,0449 CE-12-17 15:53:23,0449 CE-12-17 15:53:23,-0.012029707
1_8,matched,0450 CE-01-13 12:05:52,0450 CE-01-13 12:05:52,0.395672768
1_8,matched,0450 CE-03-15 05:45:49,0450 CE-03-15 05:45:50,1.412343979
1_8,matched,0450 CE-04-11 20:42:25,0450 CE-04-11 20:42:23,-2.141328156
1_8,matched,0450 CE-06-10 20:03:26,0450 CE-06-10 20:03:28,2.096347511
1_8,matched,0450 CE-07-09 04:55:10,0450 CE-07-09 04:55:09,-1.124858111
1_8,matched,0450 CE-09-06 10:39:31,0450 CE-09-06 10:39:31,-0.488711894
1_8,matched,0450 CE-10-05 12:47:07,0450 CE-10-05 12:47:08,0.678209960
1_8,matched,0450 CE-12-03 01:34:22,0450 CE-12-03 01:34:20,-2.135816216
1_8,matched,0451 CE-01-01 20:19:04,0451 CE-01-01 20:19:06,1.914755255
1_8,matched,0451 CE-02-28 16:50:43,0451 CE-02-28 16:50:42,-1.276738197
1_8,matched,0451 CE-03-31 03:31:03,0451 CE-03-31 03:31:05,1.940544695
1_8,matched,0451 CE-05-27 08:25:14,0451 CE-05-27 08:25:15,1.126145571
1_8,matched,0451 CE-06-27 10:26:45,0451 CE-06-27 10:26:45,0.329730660
1_8,matched,0451 CE-08-23 00:15:37,0451 CE-08-23 00:15:39,2.398880571
1_8,matched,0451 CE-09-23 17:04:25,0451 CE-09-23 17:04:24,-1.074828207
1_8,matched,0451 CE-11-18 16:19:37,0451 CE-11-18 16:19:38,1.266378164
1_8,matched,0451 CE-12-20 23:29:10,0451 CE-12-20 23:29:08,-1.995281875
1_8,matched,0452 CE-02-14 08:36:46,0452 CE-02-14 08:36:45,-0.940027088
1_8,matched,0452 CE-03-18 05:39:23,0452 CE-03-18 05:39:22,-1.089452952
1_8,matched,0452 CE-05-12 01:11:03,0452 CE-05-12 01:11:01,-1.673034579
1_8,matched,0452 CE-06-14 11:37:40,0452 CE-06-14 11:37:40,-0.268676877
1_8,matched,0452 CE-08-07 17:53:45,0452 CE-08-07 17:53:43,-1.740545779
1_8,matched,0452 CE-09-10 17:26:50,0452 CE-09-10 17:26:52,1.627852768
1_8,matched,0452 CE-11-03 10:44:06,0452 CE-11-03 10:44:06,0.380082428
1_8,matched,0452 CE-12-07 23:06:15,0452 CE-12-07 23:06:17,2.267801017
1_8,matched,0453 CE-01-30 03:42:05,0453 CE-01-30 03:42:07,1.894155890
1_8,matched,0453 CE-03-06 04:38:53,0453 CE-03-06 04:38:55,2.127608657
1_8,matched,0453 CE-04-27 20:46:42,0453 CE-04-27 20:46:43,1.277220994
1_8,matched,0453 CE-06-02 10:05:54,0453 CE-06-02 10:05:54,0.494485348
1_8,matched,0453 CE-07-24 13:59:06,0453 CE-07-24 13:59:07,0.911300629
1_8,matched,0453 CE-08-29 15:31:12,0453 CE-08-29 15:31:12,-0.447694212
1_8,matched,0453 CE-10-20 07:09:17,0453 CE-10-20 07:09:16,-1.189995557
1_8,matched,0453 CE-11-25 20:56:33,0453 CE-11-25 20:56:32,-1.461689919
1_8,matched,0454 CE-01-16 00:17:48,0454 CE-01-16 00:17:46,-1.983131468
1_8,matched,0454 CE-02-22 02:20:43,0454 CE-02-22 02:20:42,-1.259437948
1_8,matched,0454 CE-04-13 17:26:10,0454 CE-04-13 17:26:09,-1.271286607
1_8,matched,0454 CE-05-21 07:47:09,0454 CE-05-21 07:47:08,-0.671048462
1_8,matched,0454 CE-07-10 10:30:19,0454 CE-07-10 10:30:19,-0.243933499
1_8,matched,0454 CE-08-17 13:20:41,0454 CE-08-17 13:20:41,0.280103087
1_8,matched,0454 CE-10-06 03:29:35,0454 CE-10-06 03:29:36,1.202327013
1_8,matched,0454 CE-11-13 19:02:48,0454 CE-11-13 19:02:49,1.189231128
1_8,matched,0455 CE-01-01 20:16:43,0455 CE-01-01 20:16:45,1.805421710
1_8,matched,0455 CE-02-10 00:54:32,0455 CE-02-10 00:54:34,1.552516222
1_8,matched,0455 CE-03-30 12:52:52,0455 CE-03-30 12:52:53,0.588429719
1_8,matched,0455 CE-05-09 06:54:49,0455 CE-05-09 06:54:50,1.103071868
1_8,matched,0455 CE-06-26 05:19:12,0455 CE-06-26 05:19:11,-0.757288188
1_8,matched,0455 CE-08-05 13:09:50,0455 CE-08-05 13:09:50,0.101266801
1_8,matched,0455 CE-09-21 21:28:44,0455 CE-09-21 21:28:42,-1.591160148
1_8,matched,0455 CE-11-01 19:43:24,0455 CE-11-01 19:43:23,-0.943165272
1_8,matched,0455 CE-12-18 13:21:59,0455 CE-12-18 13:21:58,-0.973279774
1_8,matched,0456 CE-01-29 02:33:52,0456 CE-01-29 02:33:50,-1.584360749
1_8,matched,0456 CE-03-15 04:55:57,0456 CE-03-15 04:55:58,1.494278759
1_8,matched,0456 CE-04-26 09:42:20,0456 CE-04-26 09:42:19,-0.858715922
1_8,matched,0456 CE-06-10 20:10:57,0456 CE-06-10 20:10:59,1.521737874
1_8,matched,0456 CE-07-23 17:10:35,0456 CE-07-23 17:10:36,0.964327902
1_8,matched,0456 CE-09-06 11:06:28,0456 CE-09-06 11:06:28,-0.263627619
1_8,matched,0456 CE-10-20 01:01:58,0456 CE-10-20 01:01:59,1.348232478
1_8,matched,0456 CE-12-03 01:38:14,0456 CE-12-03 01:38:12,-1.585507393
1_8,matched,0457 CE-01-16 09:18:26,0457 CE-01-16 09:18:27,0.734234601
1_8,matched,0457 CE-02-28 15:48:00,0457 CE-02-28 15:47:59,-0.733329356
1_8,matched,0457 CE-04-14 17:54:03,0457 CE-04-14 17:54:02,-1.028077304
1_8,matched,0457 CE-05-27 05:37:03,0457 CE-05-27 05:37:04,1.246844977
1_8,matched,0457 CE-07-12 02:53:38,0457 CE-07-12 02:53:36,-1.633746922
1_8,matched,0457 CE-08-22 19:01:18,0457 CE-08-22 19:01:19,0.561976433
1_8,matched,0457 CE-10-08 12:17:27,0457 CE-10-08 12:17:27,-0.121141970
1_8,matched,0457 CE-11-18 08:04:28,0457 CE-11-18 08:04:28,-0.177971274
1_8,matched,0458 CE-01-04 22:06:55,0458 CE-01-04 22:06:56,1.460744441
1_8,matched,0458 CE-02-13 20:43:36,0458 CE-02-13 20:43:35,-0.799895078
1_8,matched,0458 CE-04-03 08:18:31,0458 CE-04-03 08:18:31,0.326431543
1_8,matched,0458 CE-05-12 09:02:31,0458 CE-05-12 09:02:31,0.068557262
1_8,matched,0458 CE-06-30 18:48:15,0458 CE-06-30 18:48:15,-0.403377414
1_8,matched,0458 CE-08-07 21:01:22,0458 CE-08-07 21:01:23,0.734355301
1_8,matched,0458 CE-09-27 05:40:52,0458 CE-09-27 05:40:51,-1.174546033
1_8,matched,0458 CE-11-03 08:37:36,0458 CE-11-03 08:37:36,-0.333251059
1_8,matched,0458 CE-12-24 16:55:49,0458 CE-12-24 16:55:50,0.549926609
1_8,matched,0459 CE-01-29 19:57:38,0459 CE-01-29 19:57:37,-0.970805436
1_8,matched,0459 CE-03-23 04:29:42,0459 CE-03-23 04:29:43,1.465149969
1_8,matched,0459 CE-04-27 06:59:47,0459 CE-04-27 06:59:48,0.723512471
1_8,matched,0459 CE-06-19 16:19:37,0459 CE-06-19 16:19:37,-0.035928190
1_8,matched,0459 CE-07-23 17:44:03,0459 CE-07-23 17:44:04,0.539526343
1_8,matched,0459 CE-09-16 04:24:34,0459 CE-09-16 04:24:33,-0.885028392
1_8,matched,0459 CE-10-19 04:13:00,0459 CE-10-19 04:12:59,-0.920634717
1_8,matched,0459 CE-12-13 16:47:59,0459 CE-12-13 16:47:59,0.125004351
1_8,matched,0460 CE-01-14 14:24:22,0460 CE-01-14 14:24:21,-0.799814612
1_8,matched,0460 CE-03-11 05:26:51,0460 CE-03-11 05:26:52,0.606232882
1_8,matched,0460 CE-04-11 00:27:07,0460 CE-04-11 00:27:08,1.175732911
1_8,matched,0460 CE-06-07 18:16:06,0460 CE-06-07 18:16:06,0.018507242
1_8,matched,0460 CE-07-07 10:16:23,0460 CE-07-07 10:16:23,0.078012049
1_8,matched,0460 CE-09-04 07:19:06,0460 CE-09-04 07:19:05,-0.577104092
1_8,matched,0460 CE-10-02 19:50:22,0460 CE-10-02 19:50:21,-1.329845935
1_8,matched,0460 CE-12-01 20:33:48,0460 CE-12-01 20:33:49,1.097238064
1_8,matched,0460 CE-12-29 05:13:23,0460 CE-12-29 05:13:23,0.264854729
1_8,matched,0461 CE-02-28 10:01:21,0461 CE-02-28 10:01:21,-0.004123896
1_8,matched,0461 CE-03-26 14:25:09,0461 CE-03-26 14:25:09,0.026071072
1_8,matched,0461 CE-05-27 23:38:55,0461 CE-05-27 23:38:54,-1.008322835
1_8,matched,0461 CE-06-21 23:30:18,0461 CE-06-21 23:30:17,-0.571310520
1_8,matched,0461 CE-08-24 13:25:21,0461 CE-08-24 13:25:21,-0.118225068
1_8,matched,0461 CE-09-17 08:22:54,0461 CE-09-17 08:22:54,-0.099395961
1_8,matched,0461 CE-11-21 03:27:41,0461 CE-11-21 03:27:42,1.008785516
1_8,matched,0461 CE-12-13 16:58:17,0461 CE-12-13 16:58:17,0.408104807
1_8,matched,0462 CE-02-17 17:42:16,0462 CE-02-17 17:42:16,-0.468313694
1_8,matched,0462 CE-03-11 01:24:24,0462 CE-03-11 01:24:23,-0.555820763
1_8,matched,0462 CE-05-17 08:09:16,0462 CE-05-17 08:09:16,0.162300467
1_8,matched,0462 CE-06-06 09:38:29,0462 CE-06-06 09:38:29,-0.370828807
1_8,matched,0462 CE-08-13 22:53:04,0462 CE-08-13 22:53:05,0.867728144
1_8,matched,0462 CE-09-01 17:36:50,0462 CE-09-01 17:36:51,0.784888119
1_8,matched,0462 CE-11-10 13:54:36,0462 CE-11-10 13:54:36,-0.213497132
1_8,matched,0462 CE-11-28 01:13:58,0462 CE-11-28 01:13:57,-0.812910497
1_8,matched,0463 CE-02-07 05:26:16,0463 CE-02-07 05:26:16,-0.368213654
1_8,matched,0463 CE-02-23 08:21:10,0463 CE-02-23 08:21:10,-0.258377194
1_8,matched,0463 CE-05-06 21:26:15,0463 CE-05-06 21:26:16,0.924074650
1_8,matched,0463 CE-05-21 15:03:21,0463 CE-05-21 15:03:22,0.519932806
1_8,matched,0463 CE-08-03 14:09:33,0463 CE-08-03 14:09:33,0.407803059
1_8,matched,0463 CE-08-16 21:01:49,0463 CE-08-16 21:01:48,-1.282390952
1_8,matched,0463 CE-10-31 07:58:48,0463 CE-10-31 07:58:48,-0.261133164
1_8,matched,0463 CE-11-12 01:52:38,0463 CE-11-12 01:52:39,0.741154701
1_8,matched,0464 CE-01-28 03:18:16,0464 CE-01-28 03:18:17,0.954088569
1_8,matched,0464 CE-02-07 05:12:13,0464 CE-02-07 05:12:12,-0.857569277
1_8,matched,0464 CE-04-26 01:11:42,0464 CE-04-26 01:11:41,-0.735361129
1_8,matched,0464 CE-05-04 05:57:59,0464 CE-05-04 05:57:59,-0.022248924
1_8,matched,0464 CE-07-24 04:00:58,0464 CE-07-24 04:01:00,2.269068360
1_8,matched,0464 CE-07-30 01:50:29,0464 CE-07-30 01:50:27,-1.570098102
1_8,matched,0464 CE-10-22 01:24:44,0464 CE-10-22 01:24:49,5.262494087
1_8,matched,0464 CE-10-24 03:07:01,0464 CE-10-24 03:06:56,-4.651694745
1_8,matched,0611 CE-05-12 22:56:52,0611 CE-05-12 22:56:14,-37.556847185
1_8,matched,0611 CE-05-16 02:47:00,0611 CE-05-16 02:46:24,-35.811151564
1_8,matched,0611 CE-08-07 02:46:14,0611 CE-08-07 02:46:02,-11.942059547
1_8,matched,0611 CE-08-13 21:33:53,0611 CE-08-13 21:33:41,-11.592675000
1_8,matched,0611 CE-11-01 21:41:15,0611 CE-11-01 21:41:23,8.115345240
1_8,matched,0611 CE-11-11 01:15:33,0611 CE-11-11 01:15:41,7.899554819
1_8,matched,0612 CE-01-27 21:44:33,0612 CE-01-27 21:44:27,-5.852593482
1_8,matched,0612 CE-02-07 23:50:02,0612 CE-02-07 23:49:57,-4.688870162
1_8,matched,0612 CE-04-24 00:41:22,0612 CE-04-24 00:41:25,3.004107624
1_8,matched,0612 CE-05-06 19:34:39,0612 CE-05-06 19:34:40,1.296935230
1_8,matched,0612 CE-07-20 05:23:55,0612 CE-07-20 05:23:55,-0.164553523
1_8,matched,0612 CE-08-03 13:30:57,0612 CE-08-03 13:30:58,1.246684045
1_8,matched,0612 CE-10-15 11:23:26,0612 CE-10-15 11:23:25,-1.089372486
1_8,matched,0612 CE-10-31 06:07:05,0612 CE-10-31 06:07:03,-1.536463201
1_8,matched,0613 CE-01-10 18:24:29,0613 CE-01-10 18:24:30,0.981587917
1_8,matched,0613 CE-01-27 21:42:21,0613 CE-01-27 21:42:21,-0.048702210
1_8,matched,0613 CE-04-08 02:15:29,0613 CE-04-08 02:15:30,0.849864632
1_8,matched,0613 CE-04-26 12:27:44,0613 CE-04-26 12:27:45,1.266941428
1_8,matched,0613 CE-07-04 10:51:46,0613 CE-07-04 10:51:45,-0.539425761
1_8,matched,0613 CE-07-24 02:31:39,0613 CE-07-24 02:31:40,0.687061250
1_8,matched,0613 CE-09-29 19:59:15,0613 CE-09-29 19:59:15,-0.387404859
1_8,matched,0613 CE-10-20 15:59:37,0613 CE-10-20 15:59:35,-1.681624353
1_8,matched,0613 CE-12-26 05:38:24,0613 CE-12-26 05:38:26,1.730326563
1_8,matched,0614 CE-01-17 04:53:32,0614 CE-01-17 04:53:31,-0.964187086
1_8,matched,0614 CE-03-23 15:49:13,0614 CE-03-23 15:49:14,0.702088326
1_8,matched,0614 CE-04-15 17:15:52,0614 CE-04-15 17:15:54,1.680175960
1_8,matched,0614 CE-06-19 02:27:50,0614 CE-06-19 02:27:48,-1.719725132
1_8,matched,0614 CE-07-13 05:12:41,0614 CE-07-13 05:12:43,1.600956917
1_8,matched,0614 CE-09-14 13:31:21,0614 CE-09-14 13:31:21,-0.379398465
1_8,matched,0614 CE-10-09 16:43:05,0614 CE-10-09 16:43:04,-1.053343713
1_8,matched,0614 CE-12-11 00:56:42,0614 CE-12-11 00:56:44,1.948510855
1_8,matched,0615 CE-01-06 03:49:41,0615 CE-01-06 03:49:39,-1.621013135
1_8,matched,0615 CE-03-08 12:45:22,0615 CE-03-08 12:45:22,-0.250008702
1_8,matched,0615 CE-04-04 14:30:05,0615 CE-04-04 14:30:06,1.090177149
1_8,matched,0615 CE-06-04 01:00:07,0615 CE-06-04 01:00:05,-2.094697952
1_8,matched,0615 CE-07-02 00:48:06,0615 CE-07-02 00:48:08,1.932638884
1_8,matched,0615 CE-08-30 13:33:19,0615 CE-08-30 13:33:19,0.009193271
1_8,matched,0615 CE-09-28 10:46:56,0615 CE-09-28 10:46:56,0.433411449
1_8,matched,0615 CE-11-26 02:26:01,0615 CE-11-26 02:26:03,1.963135600
1_8,matched,0615 CE-12-25 20:24:07,0615 CE-12-25 20:24:05,-1.981099695
1_8,matched,0616 CE-02-21 15:38:10,0616 CE-02-21 15:38:11,0.558737665
1_8,matched,0616 CE-03-23 05:40:31,0616 CE-03-23 05:40:29,-1.717109978
1_8,matched,0616 CE-05-19 05:10:38,0616 CE-05-19 05:10:36,-1.937647909
1_8,matched,0616 CE-06-19 14:36:47,0616 CE-06-19 14:36:47,0.289075077
1_8,matched,0616 CE-08-14 19:04:05,0616 CE-08-14 19:04:03,-1.854968816
1_8,matched,0616 CE-09-15 23:15:40,0616 CE-09-15 23:15:42,1.859957725
1_8,matched,0616 CE-11-10 09:11:45,0616 CE-11-10 09:11:46,0.688730925
1_8,matched,0616 CE-12-13 07:39:03,0616 CE-12-13 07:39:04,0.950427353
1_8,matched,0617 CE-02-05 23:35:47,0617 CE-02-05 23:35:49,1.934147626
1_8,matched,0617 CE-03-11 15:42:16,0617 CE-03-11 15:42:15,-0.827253610
1_8,matched,0617 CE-05-04 14:17:45,0617 CE-05-04 14:17:46,0.709008425
1_8,matched,0617 CE-06-07 23:29:09,0617 CE-06-07 23:29:07,-2.016001940
1_8,matched,0617 CE-07-31 05:14:13,0617 CE-07-31 05:14:12,-1.295748353
1_8,matched,0617 CE-09-04 07:02:14,0617 CE-09-04 07:02:13,-1.252759248
1_8,matched,0617 CE-10-26 20:27:07,0617 CE-10-26 20:27:05,-2.134066075
1_8,matched,0617 CE-12-01 14:23:44,0617 CE-12-01 14:23:44,0.022872537
1_8,matched,0618 CE-01-22 11:49:44,0618 CE-01-22 11:49:43,-0.512187928
1_8,matched,0618 CE-02-27 21:31:44,0618 CE-02-27 21:31:46,1.946881413
1_8,matched,0618 CE-04-20 03:24:56,0618 CE-04-20 03:24:58,1.760702580
1_8,matched,0618 CE-05-27 04:24:24,0618 CE-05-27 04:24:26,1.640184224
1_8,matched,0618 CE-07-16 19:12:39,0618 CE-07-16 19:12:40,1.184262335
1_8,matched,0618 CE-08-23 11:07:49,0618 CE-08-23 11:07:50,0.713735819
1_8,matched,0618 CE-10-12 11:07:50,0618 CE-10-12 11:07:50,0.044678897
1_8,matched,0618 CE-11-19 17:44:54,0618 CE-11-19 17:44:53,-1.098163426
1_8,matched,0619 CE-01-08 03:13:06,0619 CE-01-08 03:13:05,-1.160524786
1_8,matched,0619 CE-02-16 00:14:42,0619 CE-02-16 00:14:40,-2.130445093
1_8,matched,0619 CE-04-05 19:23:03,0619 CE-04-05 19:23:02,-1.308220625
1_8,matched,0619 CE-05-15 06:36:46,0619 CE-05-15 06:36:45,-1.244632155
1_8,matched,0619 CE-07-02 11:37:46,0619 CE-07-02 11:37:46,-0.172338635
1_8,matched,0619 CE-08-11 12:53:51,0619 CE-08-11 12:53:51,0.272177160
1_8,matched,0619 CE-09-28 03:55:33,0619 CE-09-28 03:55:34,1.420531422
1_8,matched,0619 CE-11-07 19:10:40,0619 CE-11-07 19:10:41,1.484401524
1_8,matched,0619 CE-12-24 20:12:21,0619 CE-12-24 20:12:22,1.485407352
1_8,matched,0620 CE-02-04 01:29:47,0620 CE-02-04 01:29:49,2.005742490
1_8,matched,0620 CE-03-21 12:30:04,0620 CE-03-21 12:30:04,0.253488868
1_8,matched,0620 CE-05-02 07:47:42,0620 CE-05-02 07:47:43,0.534195453
1_8,matched,0620 CE-06-17 04:44:46,0620 CE-06-17 04:44:45,-1.064367592
1_8,matched,0620 CE-07-29 14:10:31,0620 CE-07-29 14:10:31,0.198952854
1_8,matched,0620 CE-09-12 20:51:37,0620 CE-09-12 20:51:35,-1.652073115
1_8,matched,0620 CE-10-25 20:40:06,0620 CE-10-25 20:40:05,-1.209347695
1_8,matched,0620 CE-12-09 12:51:35,0620 CE-12-09 12:51:35,-0.396879762
1_8,matched,0621 CE-01-22 03:20:26,0621 CE-01-22 03:20:25,-1.054892689
1_8,matched,0621 CE-03-07 04:40:32,0621 CE-03-07 04:40:33,0.997298956
1_8,matched,0621 CE-04-20 10:12:05,0621 CE-04-20 10:12:04,-0.828862935
1_8,matched,0621 CE-06-02 20:19:10,0621 CE-06-02 20:19:11,1.258130372
1_8,matched,0621 CE-07-17 17:14:52,0621 CE-07-17 17:14:52,0.396658480
1_8,matched,0621 CE-08-29 11:41:57,0621 CE-08-29 11:41:57,0.116454810
1_8,matched,0621 CE-10-14 00:35:40,0621 CE-10-14 00:35:41,1.075693220
1_8,matched,0621 CE-11-25 02:45:02,0621 CE-11-25 02:45:01,-0.836205482
1_8,matched,0622 CE-01-10 08:16:15,0622 CE-01-10 08:16:16,1.213813573
1_8,matched,0622 CE-02-20 17:31:42,0622 CE-02-20 17:31:41,-0.821439922
1_8,matched,0622 CE-04-08 16:17:06,0622 CE-04-08 16:17:05,-0.990881771
1_8,matched,0622 CE-05-19 07:58:05,0622 CE-05-19 07:58:05,0.275677443
1_8,matched,0622 CE-07-06 00:40:09,0622 CE-07-06 00:40:08,-1.487197727
1_8,matched,0622 CE-08-14 22:00:36,0622 CE-08-14 22:00:38,1.666617393
1_8,matched,0622 CE-10-02 09:25:35,0622 CE-10-02 09:25:35,-0.034701079
1_8,matched,0622 CE-11-10 11:38:14,0622 CE-11-10 11:38:14,0.207763910
1_8,matched,0622 CE-12-29 18:39:43,0622 CE-12-29 18:39:44,0.581067055
1_8,matched,0623 CE-02-06 00:47:52,0623 CE-02-06 00:47:51,-1.450826973
1_8,matched,0623 CE-03-28 04:21:08,0623 CE-03-28 04:21:09,1.110313833
1_8,matched,0623 CE-05-04 13:35:59,0623 CE-05-04 13:35:59,-0.110520422
1_8,matched,0623 CE-06-24 14:30:34,0623 CE-06-24 14:30:33,-0.594303757
1_8,matched,0623 CE-07-31 01:54:13,0623 CE-07-31 01:54:14,0.843890011
1_8,matched,0623 CE-09-21 01:10:01,0623 CE-09-21 01:10:00,-0.916631520
1_8,matched,0623 CE-10-26 13:41:00,0623 CE-10-26 13:41:01,0.818281621
1_8,matched,0623 CE-12-18 12:18:53,0623 CE-12-18 12:18:53,-0.453648716
1_8,matched,0624 CE-01-22 00:58:59,0624 CE-01-22 00:58:58,-1.325903088
1_8,matched,0624 CE-03-15 23:58:59,0624 CE-03-15 23:58:59,0.535684079
1_8,matched,0624 CE-04-18 11:47:38,0624 CE-04-18 11:47:38,0.124863535
1_8,matched,0624 CE-06-12 12:09:28,0624 CE-06-12 12:09:28,0.438340008
1_8,matched,0624 CE-07-14 22:10:34,0624 CE-07-14 22:10:35,1.115121692
1_8,matched,0624 CE-09-09 00:51:20,0624 CE-09-09 00:51:19,-0.639928132
1_8,matched,0624 CE-10-10 07:59:55,0624 CE-10-10 07:59:54,-0.605729967
1_8,matched,0624 CE-12-06 14:07:19,0624 CE-12-06 14:07:19,0.381711870
1_8,matched,0625 CE-01-05 17:14:28,0625 CE-01-05 17:14:28,-0.364411622
1_8,matched,0625 CE-03-05 03:54:02,0625 CE-03-05 03:54:03,0.616532564
1_8,matched,0625 CE-04-03 02:00:58,0625 CE-04-03 02:00:59,0.982030481
1_8,matched,0625 CE-06-01 18:12:53,0625 CE-06-01 18:12:52,-0.972354412
1_8,matched,0625 CE-06-29 10:15:32,0625 CE-06-29 10:15:32,0.326491892
1_8,matched,0625 CE-08-29 09:08:01,0625 CE-08-29 09:08:00,-0.796334445
1_8,matched,0625 CE-09-24 17:57:59,0625 CE-09-24 17:57:58,-0.731156766
1_8,matched,0625 CE-11-26 00:38:23,0625 CE-11-26 00:38:24,0.609733164
1_8,matched,0625 CE-12-21 01:02:10,0625 CE-12-21 01:02:11,0.789172947
1_8,matched,0626 CE-02-22 16:50:00,0626 CE-02-22 16:50:00,0.051518530
1_8,matched,0626 CE-03-18 07:26:09,0626 CE-03-18 07:26:09,-0.024039298
1_8,matched,0626 CE-05-22 09:39:55,0626 CE-05-22 09:39:55,0.004908442
1_8,matched,0626 CE-06-13 13:13:54,0626 CE-06-13 13:13:54,-0.028304011
1_8,matched,0626 CE-08-19 03:18:52,0626 CE-08-19 03:18:53,0.735823810
1_8,matched,0626 CE-09-08 18:13:01,0626 CE-09-08 18:13:02,1.043325663
1_8,matched,0626 CE-11-15 21:56:54,0626 CE-11-15 21:56:53,-0.541779399
1_8,matched,0626 CE-12-04 22:14:32,0626 CE-12-04 22:14:32,-0.365719199
1_8,matched,0627 CE-02-12 17:40:26,0627 CE-02-12 17:40:26,0.490723550
1_8,matched,0627 CE-03-02 01:09:20,0627 CE-03-02 01:09:21,0.505710393
1_8,matched,0627 CE-05-12 14:51:22,0627 CE-05-12 14:51:22,0.039891154
1_8,matched,0627 CE-05-28 02:36:57,0627 CE-05-28 02:36:56,-1.041816920
1_8,matched,0627 CE-08-09 13:58:52,0627 CE-08-09 13:58:53,0.500459969
1_8,matched,0627 CE-08-23 02:10:24,0627 CE-08-23 02:10:25,1.039282233
1_8,matched,0627 CE-11-06 16:08:56,0627 CE-11-06 16:08:56,0.029169023
1_8,matched,0627 CE-11-17 22:41:32,0627 CE-11-17 22:41:31,-0.703576952
1_8,matched,0628 CE-02-03 23:36:10,0628 CE-02-03 23:36:11,0.957126170
1_8,matched,0628 CE-02-12 13:55:56,0628 CE-02-12 13:55:56,0.350229442
1_8,matched,0628 CE-05-03 19:56:47,0628 CE-05-03 19:56:49,1.684159040
1_8,matched,0628 CE-05-08 16:16:33,0628 CE-05-08 16:16:34,1.083438098
1_8,matched,0776 CE-10-27 07:10:54,0776 CE-10-27 07:10:42,-11.842985451
1_8,matched,0776 CE-10-31 15:34:09,0776 CE-10-31 15:34:01,-8.003034443
1_8,matched,0777 CE-01-21 21:24:22,0777 CE-01-21 21:24:35,12.546461821
1_8,matched,0777 CE-01-28 23:56:00,0777 CE-01-28 23:56:13,12.895705551
1_8,matched,0777 CE-04-18 20:19:40,0777 CE-04-18 20:19:32,-7.872236520
1_8,matched,0777 CE-04-27 23:37:13,0777 CE-04-27 23:37:06,-7.327379286
1_8,matched,0777 CE-07-14 22:55:32,0777 CE-07-14 22:55:38,5.968545377
1_8,matched,0777 CE-07-25 19:40:08,0777 CE-07-25 19:40:11,2.866952866
1_8,matched,0777 CE-10-10 03:39:17,0777 CE-10-10 03:39:15,-2.243661135
1_8,matched,0777 CE-10-22 13:37:23,0777 CE-10-22 13:37:24,1.174405217
1_8,matched,0778 CE-01-05 09:45:50,0778 CE-01-05 09:45:49,-1.078248024
1_8,matched,0778 CE-01-19 06:08:22,0778 CE-01-19 06:08:20,-2.381137758
1_8,matched,0778 CE-04-02 16:57:34,0778 CE-04-02 16:57:35,1.396793872
1_8,matched,0778 CE-04-17 21:31:14,0778 CE-04-17 21:31:14,0.088130683
1_8,matched,0778 CE-06-29 01:01:45,0778 CE-06-29 01:01:44,-0.543127209
1_8,matched,0778 CE-07-15 12:04:46,0778 CE-07-15 12:04:48,1.646178961
1_8,matched,0778 CE-09-24 09:42:11,0778 CE-09-24 09:42:10,-0.971630216
1_8,matched,0778 CE-10-12 02:02:09,0778 CE-10-12 02:02:09,0.174933672
1_8,matched,0778 CE-12-20 18:56:37,0778 CE-12-20 18:56:37,0.019332021
1_8,matched,0779 CE-01-08 15:25:21,0779 CE-01-08 15:25:20,-1.356098056
1_8,matched,0779 CE-03-18 04:40:19,0779 CE-03-18 04:40:20,1.238174736
1_8,matched,0779 CE-04-07 04:16:04,0779 CE-04-07 04:16:04,-0.315045565
1_8,matched,0779 CE-06-13 14:52:51,0779 CE-06-13 14:52:51,-0.305631012
1_8,matched,0779 CE-07-04 16:38:00,0779 CE-07-04 16:38:02,1.759716868
1_8,matched,0779 CE-09-09 01:31:26,0779 CE-09-09 01:31:24,-1.601721346
1_8,matched,0779 CE-10-01 04:35:07,0779 CE-10-01 04:35:08,1.498664171
1_8,matched,0779 CE-12-05 12:30:28,0779 CE-12-05 12:30:28,0.145342201
1_8,matched,0779 CE-12-28 16:11:52,0779 CE-12-28 16:11:50,-1.696832478
1_8,matched,0780 CE-03-01 23:52:37,0780 CE-03-01 23:52:39,1.737608761
1_8,matched,0780 CE-03-26 03:21:47,0780 CE-03-26 03:21:45,-1.678425819
1_8,matched,0780 CE-05-28 11:37:54,0780 CE-05-28 11:37:53,-0.585854799
1_8,matched,0780 CE-06-22 14:09:10,0780 CE-06-22 14:09:11,1.013512909
1_8,matched,0780 CE-08-23 23:43:20,0780 CE-08-23 23:43:18,-1.866032928
1_8,matched,0780 CE-09-19 00:35:01,0780 CE-09-19 00:35:03,2.223001420
1_8,matched,0780 CE-11-19 12:11:30,0780 CE-11-19 12:11:30,0.164312124
1_8,matched,0780 CE-12-16 10:41:44,0780 CE-12-16 10:41:44,0.096096843
1_8,matched,0781 CE-02-15 00:57:19,0781 CE-02-15 00:57:22,2.543035895
1_8,matched,0781 CE-03-14 20:27:49,0781 CE-03-14 20:27:47,-1.724895090
1_8,matched,0781 CE-05-13 14:04:20,0781 CE-05-13 14:04:20,0.257029384
1_8,matched,0781 CE-06-11 05:50:07,0781 CE-06-11 05:50:05,-1.865067333
1_8,matched,0781 CE-08-09 03:31:03,0781 CE-08-09 03:31:01,-1.849658042
1_8,matched,0781 CE-09-07 14:53:16,0781 CE-09-07 14:53:17,1.239180565
1_8,matched,0781 CE-11-04 17:15:13,0781 CE-11-04 17:15:12,-0.936888903
1_8,matched,0781 CE-12-04 23:38:57,0781 CE-12-04 23:38:59,2.083352208
1_8,matched,0782 CE-01-31 07:21:38,0782 CE-01-31 07:21:39,0.657409430
1_8,matched,0782 CE-03-03 08:05:44,0782 CE-03-03 08:05:45,1.112204790
1_8,matched,0782 CE-04-28 21:44:54,0782 CE-04-28 21:44:56,2.206626534
1_8,matched,0782 CE-05-30 16:12:06,0782 CE-05-30 16:12:05,-0.742019713
1_8,matched,0782 CE-07-25 12:26:10,0782 CE-07-25 12:26:10,0.376501679
1_8,matched,0782 CE-08-26 23:58:19,0782 CE-08-26 23:58:17,-1.807151735
1_8,matched,0782 CE-10-21 03:24:33,0782 CE-10-21 03:24:31,-1.682268083
1_8,matched,0782 CE-11-23 07:28:44,0782 CE-11-23 07:28:43,-1.203493774
1_8,matched,0783 CE-01-16 18:38:35,0783 CE-01-16 18:38:33,-1.910731941
1_8,matched,0783 CE-02-19 14:43:35,0783 CE-02-19 14:43:36,0.904159248
1_8,matched,0783 CE-04-14 10:12:36,0783 CE-04-14 10:12:37,0.698366761
1_8,matched,0783 CE-05-18 21:40:39,0783 CE-05-18 21:40:40,1.400475204
1_8,matched,0783 CE-07-11 02:00:35,0783 CE-07-11 02:00:36,1.345114410
1_8,matched,0783 CE-08-15 04:22:05,0783 CE-08-15 04:22:07,1.834731549
1_8,matched,0783 CE-10-06 18:01:07,0783 CE-10-06 18:01:08,1.007840037
1_8,matched,0783 CE-11-11 10:48:31,0783 CE-11-11 10:48:31,0.223193318
1_8,matched,0784 CE-01-02 10:16:09,0784 CE-01-02 10:16:09,0.140172243
1_8,matched,0784 CE-02-07 17:02:15,0784 CE-02-07 17:02:14,-1.250123978
1_8,matched,0784 CE-03-30 02:43:57,0784 CE-03-30 02:43:55,-1.795926690
1_8,matched,0784 CE-05-05 23:03:33,0784 CE-05-05 23:03:32,-1.331354678
1_8,matched,0784 CE-06-25 19:26:13,0784 CE-06-25 19:26:11,-1.932699233
1_8,matched,0784 CE-08-02 04:52:24,0784 CE-08-02 04:52:22,-1.771384478
1_8,matched,0784 CE-09-21 12:16:06,0784 CE-09-21 12:16:05,-0.630513579
1_8,matched,0784 CE-10-29 10:32:34,0784 CE-10-29 10:32:33,-0.503698736
1_8,matched,0784 CE-12-18 05:12:44,0784 CE-12-18 05:12:45,1.056180149
1_8,matched,0785 CE-01-25 16:04:36,0785 CE-01-25 16:04:37,0.935661793
1_8,matched,0785 CE-03-15 22:19:12,0785 CE-03-15 22:19:14,1.598663628
1_8,matched,0785 CE-04-23 21:28:56,0785 CE-04-23 21:28:58,1.868265867
1_8,matched,0785 CE-06-11 15:32:10,0785 CE-06-11 15:32:11,1.307275146
1_8,matched,0785 CE-07-21 02:49:44,0785 CE-07-21 02:49:46,1.705462486
1_8,matched,0785 CE-09-07 08:48:15,0785 CE-09-07 08:48:15,-0.244436413
1_8,matched,0785 CE-10-17 08:05:42,0785 CE-10-17 08:05:43,0.584084541
1_8,matched,0785 CE-12-04 02:05:00,0785 CE-12-04 02:04:58,-1.908619702
1_8,matched,0786 CE-01-13 13:22:28,0786 CE-01-13 13:22:27,-0.603134930
1_8,matched,0786 CE-03-01 19:20:38,0786 CE-03-01 19:20:36,-1.736381650
1_8,matched,0786 CE-04-11 18:38:51,0786 CE-04-11 18:38:50,-1.033649594
1_8,matched,0786 CE-05-28 12:39:09,0786 CE-05-28 12:39:09,-0.366342813
1_8,matched,0786 CE-07-08 23:58:42,0786 CE-07-08 23:58:40,-1.565692574
1_8,matched,0786 CE-08-24 05:51:04,0786 CE-08-24 05:51:05,0.649644434
1_8,matched,0786 CE-10-05 05:25:15,0786 CE-10-05 05:25:14,-1.132039726
1_8,matched,0786 CE-11-19 22:54:24,0786 CE-11-19 22:54:26,1.757162064
1_8,matched,0787 CE-01-01 10:58:36,0787 CE-01-01 10:58:36,-0.431721658
1_8,matched,0787 CE-02-15 15:48:57,0787 CE-02-15 15:48:57,0.487062335
1_8,matched,0787 CE-03-30 16:42:06,0787 CE-03-30 16:42:07,0.543851405
1_8,matched,0787 CE-05-14 08:32:58,0787 CE-05-14 08:32:57,-0.837231427
1_8,matched,0787 CE-06-26 22:37:59,0787 CE-06-26 22:38:01,1.736482233
1_8,matched,0787 CE-08-10 01:06:47,0787 CE-08-10 01:06:46,-1.316367835
1_8,matched,0787 CE-09-23 04:50:08,0787 CE-09-23 04:50:09,0.923712552
1_8,matched,0787 CE-11-05 17:21:16,0787 CE-11-05 17:21:15,-1.239884645
1_8,matched,0787 CE-12-20 11:20:43,0787 CE-12-20 11:20:43,0.454030931
1_8,matched,0788 CE-02-01 09:15:44,0788 CE-02-01 09:15:45,0.635100156
1_8,matched,0788 CE-03-17 18:08:00,0788 CE-03-17 18:07:59,-1.020131260
1_8,matched,0788 CE-04-29 00:53:11,0788 CE-04-29 00:53:12,1.412846893
1_8,matched,0788 CE-06-14 01:15:59,0788 CE-06-14 01:15:57,-1.662252098
1_8,matched,0788 CE-07-25 16:08:06,0788 CE-07-25 16:08:07,1.246342063
1_8,matched,0788 CE-09-10 08:49:17,0788 CE-09-10 08:49:16,-1.108664274
1_8,matched,0788 CE-10-21 07:01:23,0788 CE-10-21 07:01:22,-1.011320204
1_8,matched,0788 CE-12-07 16:48:44,0788 CE-12-07 16:48:44,0.189679116
1_8,matched,0789 CE-01-16 21:26:08,0789 CE-01-16 21:26:07,-1.450283825
1_8,matched,0789 CE-03-06 01:14:29,0789 CE-03-06 01:14:31,1.639299095
1_8,matched,0789 CE-04-14 11:24:16,0789 CE-04-14 11:24:16,-0.307260454
1_8,matched,0789 CE-06-02 10:04:25,0789 CE-06-02 10:04:25,0.377386808
1_8,matched,0789 CE-07-11 00:58:12,0789 CE-07-11 00:58:14,1.528517157
1_8,matched,0789 CE-08-29 19:23:45,0789 CE-08-29 19:23:44,-0.822485983
1_8,matched,0789 CE-10-06 14:02:34,0789 CE-10-06 14:02:35,0.553909689
1_8,matched,0789 CE-11-26 05:15:03,0789 CE-11-26 05:15:02,-1.307375729
1_8,matched,0790 CE-01-02 02:39:04,0790 CE-01-02 02:39:03,-0.801765919
1_8,matched,0790 CE-02-22 15:34:00,0790 CE-02-22 15:34:01,0.826066732
1_8,matched,0790 CE-03-30 14:46:45,0790 CE-03-30 14:46:44,-0.754713267
1_8,matched,0790 CE-05-22 02:21:27,0790 CE-05-22 02:21:28,0.637333095
1_8,matched,0790 CE-06-26 02:25:28,0790 CE-06-26 02:25:29,1.327975094
1_8,matched,0790 CE-08-18 13:37:58,0790 CE-08-18 13:37:58,-0.454674661
1_8,matched,0790 CE-09-21 13:37:08,0790 CE-09-21 13:37:09,0.772898644
1_8,matched,0790 CE-11-15 01:26:09,0790 CE-11-15 01:26:08,-0.740329921
1_8,matched,0790 CE-12-18 00:17:49,0790 CE-12-18 00:17:48,-0.555217266
1_8,matched,0791 CE-02-11 13:46:02,0791 CE-02-11 13:46:02,-0.097163022
1_8,matched,0791 CE-03-15 10:30:39,0791 CE-03-15 10:30:39,0.457611680
1_8,matched,0791 CE-05-11 02:30:09,0791 CE-05-11 02:30:10,0.619429350
1_8,matched,0791 CE-06-10 20:17:54,0791 CE-06-10 20:17:55,0.555418432
1_8,matched,0791 CE-08-07 15:44:49,0791 CE-08-07 15:44:49,-0.223153085
1_8,matched,0791 CE-09-06 05:34:15,0791 CE-09-06 05:34:15,-0.286801904
1_8,matched,0791 CE-11-04 05:30:09,0791 CE-11-04 05:30:09,-0.268616527
1_8,matched,0791 CE-12-02 14:23:08,0791 CE-12-02 14:23:08,-0.089176744
1_8,matched,0792 CE-01-31 19:47:55,0792 CE-01-31 19:47:56,0.942018628
1_8,matched,0792 CE-02-27 22:41:44,0792 CE-02-27 22:41:45,0.627455860
1_8,matched,0792 CE-04-29 10:35:16,0792 CE-04-29 10:35:16,0.294305384
1_8,matched,0792 CE-05-25 06:31:50,0792 CE-05-25 06:31:49,-0.929988921
1_8,matched,0792 CE-07-27 01:50:40,0792 CE-07-27 01:50:39,-1.102649420
1_8,matched,0792 CE-08-20 13:52:01,0792 CE-08-20 13:52:01,-0.089337677
1_8,matched,0792 CE-10-23 17:44:14,0792 CE-10-23 17:44:15,0.697944313
1_8,matched,0792 CE-11-15 20:33:25,0792 CE-11-15 20:33:25,0.315126032
1_8,matched,0793 CE-01-20 10:19:01,0793 CE-01-20 10:19:02,0.746545941
1_8,matched,0793 CE-02-11 02:39:25,0793 CE-02-11 02:39:24,-1.190176606
1_8,matched,0793 CE-04-19 03:35:34,0793 CE-04-19 03:35:34,-0.448317826
1_8,matched,0793 CE-05-09 08:04:46,0793 CE-05-09 08:04:46,-0.232949853
1_8,matched,0793 CE-07-16 21:41:08,0793 CE-07-16 21:41:08,0.483904034
1_8,matched,0793 CE-08-04 12:38:14,0793 CE-08-04 12:38:14,-0.239025056
1_8,matched,0793 CE-10-13 16:46:17,0793 CE-10-13 16:46:16,-0.654914975
1_8,matched,0793 CE-10-30 16:11:30,0793 CE-10-30 16:11:30,-0.488691777
1_8,matched,0794 CE-01-10 13:16:06,0794 CE-01-10 13:16:06,0.290543586
1_8,matched,0794 CE-01-25 18:20:21,0794 CE-01-25 18:20:22,0.772938877
1_8,matched,0794 CE-04-09 11:33:15,0794 CE-04-09 11:33:15,0.091208518
1_8,matched,0794 CE-04-22 18:48:40,0794 CE-04-22 18:48:40,-0.239427388
1_8,matched,0794 CE-07-07 12:24:21,0794 CE-07-07 12:24:21,-0.274007767
1_8,matched,0794 CE-07-18 16:38:57,0794 CE-07-18 16:38:57,0.058599561
1_8,matched,0794 CE-10-04 17:58:00,0794 CE-10-04 17:57:59,-0.565174967
1_8,matched,0794 CE-10-13 09:44:29,0794 CE-10-13 09:44:29,0.413777679
1_8,matched,0795 CE-01-02 10:26:59,0795 CE-01-02 10:26:59,0.386881828
1_8,matched,0795 CE-01-07 15:55:34,0795 CE-01-07 15:55:33,-1.206028461
1_8,matched,0940 CE-02-14 07:37:56,0940 CE-02-14 07:39:23,87.408719212
1_8,matched,0940 CE-05-10 03:24:41,0940 CE-05-10 03:24:58,17.478058487
1_8,matched,0940 CE-05-15 03:55:24,0940 CE-05-15 03:55:44,19.559479505
1_8,matched,0940 CE-08-05 01:31:03,0940 CE-08-05 01:30:51,-11.617056280
1_8,matched,0940 CE-08-12 04:25:30,0940 CE-08-12 04:25:18,-12.328156829
1_8,matched,0940 CE-10-31 04:52:52,0940 CE-10-31 04:52:58,5.549718440
1_8,matched,0940 CE-11-08 23:43:56,0940 CE-11-08 23:44:04,8.295106888
1_8,matched,0941 CE-01-26 10:45:34,0941 CE-01-26 10:45:36,1.850663871
1_8,matched,0941 CE-02-05 16:28:24,0941 CE-02-05 16:28:23,-1.142077893
1_8,matched,0941 CE-04-23 18:14:57,0941 CE-04-23 18:14:53,-4.286599159
1_8,matched,0941 CE-05-05 07:33:43,0941 CE-05-05 07:33:39,-3.714846075
1_8,matched,0941 CE-07-20 02:47:09,0941 CE-07-20 02:47:11,2.035816759
1_8,matched,0941 CE-08-01 21:38:43,0941 CE-08-01 21:38:45,1.806769520
1_8,matched,0941 CE-10-15 11:57:18,0941 CE-10-15 11:57:19,1.423287392
1_8,matched,0941 CE-10-29 11:06:52,0941 CE-10-29 11:06:54,2.321733534
1_8,matched,0942 CE-01-10 21:38:41,0942 CE-01-10 21:38:40,-1.311962306
1_8,matched,0942 CE-01-26 00:06:50,0942 CE-01-26 00:06:49,-0.759661943
1_8,matched,0942 CE-04-08 07:39:04,0942 CE-04-08 07:39:03,-1.422140747
1_8,matched,0942 CE-04-24 12:43:47,0942 CE-04-24 12:43:45,-1.510854810
1_8,matched,0942 CE-07-04 17:56:03,0942 CE-07-04 17:56:03,0.430916995
1_8,matched,0942 CE-07-22 01:04:16,0942 CE-07-22 01:04:15,-0.502733141
1_8,matched,0942 CE-09-30 04:22:38,0942 CE-09-30 04:22:39,0.589375198
1_8,matched,0942 CE-10-18 13:16:16,0942 CE-10-18 13:16:17,1.186978072
1_8,matched,0942 CE-12-26 14:54:12,0942 CE-12-26 14:54:12,-0.213215500
1_8,matched,0943 CE-01-15 01:24:58,0943 CE-01-15 01:24:58,0.445984304
1_8,matched,0943 CE-03-24 01:32:30,0943 CE-03-24 01:32:28,-1.648130268
1_8,matched,0943 CE-04-13 13:25:59,0943 CE-04-13 13:25:58,-0.859681517
1_8,matched,0943 CE-06-19 12:14:44,0943 CE-06-19 12:14:45,0.812729448
1_8,matched,0943 CE-07-11 01:23:15,0943 CE-07-11 01:23:14,-1.092188805
1_8,matched,0943 CE-09-14 22:58:25,0943 CE-09-14 22:58:27,1.599830389
1_8,matched,0943 CE-10-07 13:17:15,0943 CE-10-07 13:17:16,1.174888015
1_8,matched,0943 CE-12-11 09:46:16,0943 CE-12-11 09:46:15,-0.726489723
1_8,matched,0944 CE-01-04 01:10:03,0944 CE-01-04 01:10:05,1.617693901
1_8,matched,0944 CE-03-07 20:35:26,0944 CE-03-07 20:35:25,-1.102971286
1_8,matched,0944 CE-04-01 13:00:44,0944 CE-04-01 13:00:44,-0.225909054
1_8,matched,0944 CE-06-03 07:29:30,0944 CE-06-03 07:29:32,1.786693186
1_8,matched,0944 CE-06-29 00:45:49,0944 CE-06-29 00:45:47,-1.604316384
1_8,matched,0944 CE-08-29 18:25:41,0944 CE-08-29 18:25:42,0.943909585
1_8,matched,0944 CE-09-25 12:28:04,0944 CE-09-25 12:28:04,-0.184750557
1_8,matched,0944 CE-11-25 05:24:42,0944 CE-11-25 05:24:41,-1.255193353
1_8,matched,0944 CE-12-23 00:06:59,0944 CE-12-23 00:07:01,2.196407318
1_8,matched,0945 CE-02-20 16:32:14,0945 CE-02-20 16:32:13,-0.884183496
1_8,matched,0945 CE-03-21 11:39:56,0945 CE-03-21 11:39:56,0.103660673
1_8,matched,0945 CE-05-19 03:45:01,0945 CE-05-19 03:45:03,2.136158198
1_8,matched,0945 CE-06-17 23:06:29,0945 CE-06-17 23:06:27,-2.263415605
1_8,matched,0945 CE-08-14 15:04:19,0945 CE-08-14 15:04:20,0.547351688
1_8,matched,0945 CE-09-14 10:23:09,0945 CE-09-14 10:23:08,-0.557088107
1_8,matched,0945 CE-11-10 02:30:51,0945 CE-11-10 02:30:50,-1.436383277
1_8,matched,0945 CE-12-11 21:33:06,0945 CE-12-11 21:33:08,1.794297248
1_8,matched,0946 CE-02-05 14:05:51,0946 CE-02-05 14:05:50,-0.806634128
1_8,matched,0946 CE-03-10 08:33:12,0946 CE-03-10 08:33:12,0.445380807
1_8,matched,0946 CE-05-04 01:56:00,0946 CE-05-04 01:56:01,1.408783346
1_8,matched,0946 CE-06-06 19:22:13,0946 CE-06-06 19:22:12,-1.091806591
1_8,matched,0946 CE-07-30 13:54:21,0946 CE-07-30 13:54:22,0.573885441
1_8,matched,0946 CE-09-03 05:59:38,0946 CE-09-03 05:59:36,-1.559355855
1_8,matched,0946 CE-10-26 02:02:36,0946 CE-10-26 02:02:34,-1.679009199
1_8,matched,0946 CE-11-30 16:23:35,0946 CE-11-30 16:23:36,0.526209176
1_8,matched,0947 CE-01-21 14:23:51,0947 CE-01-21 14:23:51,-0.363003463
1_8,matched,0947 CE-02-27 02:34:33,0947 CE-02-27 02:34:35,1.821917295
1_8,matched,0947 CE-04-19 02:59:04,0947 CE-04-19 02:59:06,1.614776999
1_8,matched,0947 CE-05-26 12:31:05,0947 CE-05-26 12:31:05,0.101809949
1_8,matched,0947 CE-07-15 15:52:03,0947 CE-07-15 15:52:04,1.332440972
1_8,matched,0947 CE-08-22 22:13:07,0947 CE-08-22 22:13:06,-1.321859658
1_8,matched,0947 CE-10-11 04:55:52,0947 CE-10-11 04:55:50,-1.585467160
1_8,matched,0947 CE-11-19 07:40:32,0947 CE-11-19 07:40:31,-1.247850806
1_8,matched,0948 CE-01-06 18:13:03,0948 CE-01-06 18:13:02,-1.428316534
1_8,matched,0948 CE-02-15 16:50:45,0948 CE-02-15 16:50:46,1.058875769
1_8,matched,0948 CE-04-03 07:48:10,0948 CE-04-03 07:48:11,0.702048093
1_8,matched,0948 CE-05-14 01:43:48,0948 CE-05-14 01:43:50,1.881764084
1_8,matched,0948 CE-06-29 21:39:35,0948 CE-06-29 21:39:37,1.713911444
1_8,matched,0948 CE-08-10 10:22:34,0948 CE-08-10 10:22:35,0.856684148
1_8,matched,0948 CE-09-25 11:47:10,0948 CE-09-25 11:47:10,0.439687818
1_8,matched,0948 CE-11-06 18:44:22,0948 CE-11-06 18:44:21,-0.642744452
1_8,matched,0948 CE-12-22 02:08:09,0948 CE-12-22 02:08:08,-0.953344256
1_8,matched,0949 CE-02-03 02:51:02,0949 CE-02-03 02:51:00,-1.836582273
1_8,matched,0949 CE-03-19 16:44:20,0949 CE-03-19 16:44:19,-0.506032258
1_8,matched,0949 CE-05-02 10:38:54,0949 CE-05-02 10:38:53,-0.831940770
1_8,matched,0949 CE-06-15 07:40:16,0949 CE-06-15 07:40:17,0.897923112
1_8,matched,0949 CE-07-29 18:11:42,0949 CE-07-29 18:11:43,0.622668117
1_8,matched,0949 CE-09-10 22:49:38,0949 CE-09-10 22:49:39,0.950306654
1_8,matched,0949 CE-10-26 01:31:08,0949 CE-10-26 01:31:10,1.610854268
1_8,matched,0949 CE-12-07 14:12:59,0949 CE-12-07 14:12:59,0.141399354
1_8,matched,0950 CE-01-22 08:34:15,0950 CE-01-22 08:34:15,-0.052464008
1_8,matched,0950 CE-03-05 05:50:27,0950 CE-03-05 05:50:27,0.117983669
1_8,matched,0950 CE-04-20 15:22:52,0950 CE-04-20 15:22:52,-0.416815281
1_8,matched,0950 CE-05-31 21:42:01,0950 CE-05-31 21:42:01,-0.004727393
1_8,matched,0950 CE-07-17 21:58:00,0950 CE-07-17 21:58:00,0.035968423
1_8,matched,0950 CE-08-27 13:48:11,0950 CE-08-27 13:48:11,0.188009441
1_8,matched,0950 CE-10-14 04:23:08,0950 CE-10-14 04:23:08,-0.477768481
1_8,matched,0950 CE-11-23 06:02:47,0950 CE-11-23 06:02:47,-0.038161129
1_8,matched,0951 CE-01-10 10:39:22,0951 CE-01-10 10:39:22,-0.362741947
1_8,matched,0951 CE-02-18 22:26:18,0951 CE-02-18 22:26:18,0.410619378
1_8,matched,0951 CE-04-08 16:42:25,0951 CE-04-08 16:42:25,0.301869214
1_8,matched,0951 CE-05-17 15:01:12,0951 CE-05-17 15:01:12,-0.449202955
1_8,matched,0951 CE-07-05 22:38:06,0951 CE-07-05 22:38:06,0.070770085
1_8,matched,0951 CE-08-13 07:41:08,0951 CE-08-13 07:41:08,-0.102212280
1_8,matched,0951 CE-10-02 04:29:32,0951 CE-10-02 04:29:32,0.148238987
1_8,matched,0951 CE-11-09 00:28:10,0951 CE-11-09 00:28:10,0.351335853
1_8,matched,0951 CE-12-29 10:19:44,0951 CE-12-29 10:19:44,-0.476440787
1_8,matched,0952 CE-02-04 17:14:50,0952 CE-02-04 17:14:50,0.242766738
1_8,matched,0952 CE-03-26 16:07:34,0952 CE-03-26 16:07:34,-0.289276242
1_8,matched,0952 CE-05-02 10:02:17,0952 CE-05-02 10:02:17,0.268274546
1_8,matched,0952 CE-06-22 21:52:48,0952 CE-06-22 21:52:48,-0.317298621
1_8,matched,0952 CE-07-29 02:49:10,0952 CE-07-29 02:49:10,0.077509135
1_8,matched,0952 CE-09-19 03:43:47,0952 CE-09-19 03:43:46,-0.505790859
1_8,matched,0952 CE-10-24 19:28:30,0952 CE-10-24 19:28:30,0.169200450
1_8,matched,0952 CE-12-16 09:44:18,0952 CE-12-16 09:44:18,-0.002514571
1_8,matched,0953 CE-01-20 12:02:12,0953 CE-01-20 12:02:12,0.070407987
1_8,matched,0953 CE-03-14 15:53:22,0953 CE-03-14 15:53:22,0.122328848
1_8,matched,0953 CE-04-18 04:24:35,0953 CE-04-18 04:24:35,-0.165861100
1_8,matched,0953 CE-06-10 22:13:24,0953 CE-06-10 22:13:24,-0.185555220
1_8,matched,0953 CE-07-14 20:32:14,0953 CE-07-14 20:32:14,0.128866732
1_8,matched,0953 CE-09-07 04:48:14,0953 CE-09-07 04:48:14,-0.067611784
1_8,matched,0953 CE-10-10 12:23:55,0953 CE-10-10 12:23:56,0.507842749
1_8,matched,0953 CE-12-04 11:44:49,0953 CE-12-04 11:44:48,-0.516915321
1_8,matched,0954 CE-01-06 03:52:48,0954 CE-01-06 03:52:48,0.463546067
1_8,matched,0954 CE-03-02 19:05:35,0954 CE-03-02 19:05:35,0.188653171
1_8,matched,0954 CE-04-03 19:01:19,0954 CE-04-03 19:01:19,-0.326149911
1_8,matched,0954 CE-05-30 02:47:54,0954 CE-05-30 02:47:54,-0.209131837
1_8,matched,0954 CE-06-30 09:43:36,0954 CE-06-30 09:43:36,0.272317976
1_8,matched,0954 CE-08-26 11:01:23,0954 CE-08-26 11:01:23,0.117199123
1_8,matched,0954 CE-09-25 23:52:51,0954 CE-09-25 23:52:51,-0.347433239
1_8,matched,0954 CE-11-22 19:48:10,0954 CE-11-22 19:48:10,0.042868406
1_8,matched,0954 CE-12-22 13:29:43,0954 CE-12-22 13:29:43,0.464069098
1_8,matched,0955 CE-02-19 05:12:40,0955 CE-02-19 05:12:40,0.036974251
1_8,matched,0955 CE-03-20 02:30:11,0955 CE-03-20 02:30:11,0.035183877
1_8,matched,0955 CE-05-18 15:15:18,0955 CE-05-18 15:15:18,0.400621444
1_8,matched,0955 CE-06-15 14:54:07,0955 CE-06-15 14:54:07,-0.357994437
1_8,matched,0955 CE-08-15 01:57:26,0955 CE-08-15 01:57:26,-0.210982561
1_8,matched,0955 CE-09-11 02:35:32,0955 CE-09-11 02:35:32,-0.113276392
1_8,matched,0955 CE-11-11 13:29:37,0955 CE-11-11 13:29:37,-0.119572878
1_8,matched,0955 CE-12-07 13:26:10,0955 CE-12-07 13:26:10,-0.091268867
1_8,matched,0956 CE-02-08 01:53:35,0956 CE-02-08 01:53:35,0.065600127
1_8,matched,0956 CE-03-03 23:29:38,0956 CE-03-03 23:29:38,-0.322126597
1_8,matched,0956 CE-05-06 15:11:39,0956 CE-05-06 15:11:38,-0.565335900
1_8,matched,0956 CE-05-30 08:40:41,0956 CE-05-30 08:40:41,-0.181572139
1_8,matched,0956 CE-08-03 05:30:07,0956 CE-08-03 05:30:07,-0.143793225
1_8,matched,0956 CE-08-25 16:50:47,0956 CE-08-25 16:50:47,-0.161696970
1_8,matched,0956 CE-10-30 20:54:18,0956 CE-10-30 20:54:17,-0.506897271
1_8,matched,0956 CE-11-20 23:53:51,0956 CE-11-20 23:53:51,0.259584188
1_8,matched,0957 CE-01-27 13:40:13,0957 CE-01-27 13:40:13,0.127036124
1_8,matched,0957 CE-02-16 05:36:30,0957 CE-02-16 05:36:30,0.010923296
1_8,matched,0957 CE-04-26 07:55:08,0957 CE-04-26 07:55:08,-0.400842726
1_8,matched,0957 CE-05-14 09:56:36,0957 CE-05-14 09:56:36,0.049406290
1_8,matched,0957 CE-07-24 03:59:30,0957 CE-07-24 03:59:30,0.329609960
1_8,matched,0957 CE-08-09 12:26:23,0957 CE-08-09 12:26:23,0.469359756
1_8,matched,0957 CE-10-21 02:32:23,0957 CE-10-21 02:32:23,-0.492674857
1_8,matched,0957 CE-11-04 12:25:51,0957 CE-11-04 12:25:52,0.611262023
1_8,matched,0958 CE-01-18 04:31:10,0958 CE-01-18 04:31:10,-0.201648474
1_8,matched,0958 CE-01-30 09:00:26,0958 CE-01-30 09:00:26,0.425827503
1_8,matched,0958 CE-04-17 12:12:36,0958 CE-04-17 12:12:36,0.184368342
1_8,matched,0958 CE-04-26 23:54:08,0958 CE-04-26 23:54:08,0.071936846
1_8,matched,0958 CE-07-16 08:54:12,0958 CE-07-16 08:54:12,-0.142827630
1_8,matched,0958 CE-07-22 01:52:11,0958 CE-07-22 01:52:12,0.649584085
1_8,matched,1107 CE-01-09 16:14:42,1107 CE-01-09 16:14:42,0.355097651
1_8,matched,1107 CE-01-13 04:56:59,1107 CE-01-13 04:56:58,-0.632826984
1_8,matched,1107 CE-04-06 10:05:11,1107 CE-04-06 10:05:11,-0.184871256
1_8,matched,1107 CE-04-12 09:42:00,1107 CE-04-12 09:41:59,-0.517156720
1_8,matched,1107 CE-07-02 12:07:50,1107 CE-07-02 12:07:50,-0.202815235
1_8,matched,1107 CE-07-10 06:17:19,1107 CE-07-10 06:17:19,0.047636032
1_8,matched,1107 CE-09-27 17:22:03,1107 CE-09-27 17:22:03,0.191630423
1_8,matched,1107 CE-10-06 23:38:16,1107 CE-10-06 23:38:16,0.352039933
1_8,matched,1107 CE-12-24 00:25:18,1107 CE-12-24 00:25:18,0.285172462
1_8,matched,1108 CE-01-03 15:10:27,1108 CE-01-03 15:10:27,-0.211022794
1_8,matched,1108 CE-03-20 08:41:42,1108 CE-03-20 08:41:42,0.157633424
1_8,matched,1108 CE-04-01 05:31:06,1108 CE-04-01 05:31:06,0.135505199
1_8,matched,1108 CE-06-15 17:41:35,1108 CE-06-15 17:41:35,0.204022229
1_8,matched,1108 CE-06-28 19:10:23,1108 CE-06-28 19:10:23,-0.072459877
1_8,matched,1108 CE-09-11 03:11:56,1108 CE-09-11 03:11:57,0.505006313
1_8,matched,1108 CE-09-25 08:16:50,1108 CE-09-25 08:16:50,-0.034479797
1_8,matched,1108 CE-12-07 13:03:12,1108 CE-12-07 13:03:12,0.486579537
1_8,matched,1108 CE-12-22 21:02:49,1108 CE-12-22 21:02:49,0.002856553
1_8,matched,1109 CE-03-04 23:12:23,1109 CE-03-04 23:12:23,0.059263408
1_8,matched,1109 CE-03-21 09:30:03,1109 CE-03-21 09:30:03,0.480021536
1_8,matched,1109 CE-05-31 09:39:59,1109 CE-05-31 09:39:59,-0.284287333
1_8,matched,1109 CE-06-17 21:44:03,1109 CE-06-17 21:44:03,0.120498240
1_8,matched,1109 CE-08-26 20:13:04,1109 CE-08-26 20:13:04,0.410740077
1_8,matched,1109 CE-09-14 09:50:49,1109 CE-09-14 09:50:49,-0.310358405
1_8,matched,1109 CE-11-22 06:52:46,1109 CE-11-22 06:52:46,-0.244738162
1_8,matched,1109 CE-12-11 21:48:47,1109 CE-12-11 21:48:47,-0.221443176
1_8,matched,1110 CE-02-17 17:40:02,1110 CE-02-17 17:40:02,0.098289549
1_8,matched,1110 CE-03-10 09:39:07,1110 CE-03-10 09:39:07,0.081914663
1_8,matched,1110 CE-05-16 04:35:02,1110 CE-05-16 04:35:02,0.186842680
1_8,matched,1110 CE-06-06 21:22:47,1110 CE-06-06 21:22:47,0.364391506
1_8,matched,1110 CE-08-11 15:40:06,1110 CE-08-11 15:40:06,0.117038190
1_8,matched,1110 CE-09-03 09:00:57,1110 CE-09-03 09:00:57,-0.147897005
1_8,matched,1110 CE-11-07 02:46:39,1110 CE-11-07 02:46:39,-0.209091604
1_8,matched,1110 CE-11-30 20:34:04,1110 CE-11-30 20:34:04,-0.490160286
1_8,matched,1111 CE-02-02 13:59:49,1111 CE-02-02 13:59:49,-0.438621640
1_8,matched,1111 CE-02-27 07:57:02,1111 CE-02-27 07:57:02,-0.486499071
1_8,matched,1111 CE-05-01 01:22:45,1111 CE-05-01 01:22:45,0.485171378
1_8,matched,1111 CE-05-26 19:10:56,1111 CE-05-26 19:10:56,0.073465705
1_8,matched,1111 CE-07-27 12:54:07,1111 CE-07-27 12:54:07,-0.053228438
1_8,matched,1111 CE-08-23 06:17:54,1111 CE-08-23 06:17:54,0.278493762
1_8,matched,1111 CE-10-23 00:35:25,1111 CE-10-23 00:35:25,0.001408160
1_8,matched,1111 CE-11-19 17:16:56,1111 CE-11-19 17:16:56,-0.033031404
1_8,matched,1112 CE-01-18 12:23:12,1112 CE-01-18 12:23:12,0.463606417
1_8,matched,1112 CE-02-16 04:05:11,1112 CE-02-16 04:05:11,-0.289316475
1_8,matched,1112 CE-04-15 00:21:49,1112 CE-04-15 00:21:49,-0.447271764
1_8,matched,1112 CE-05-14 14:39:11,1112 CE-05-14 14:39:11,0.230696797
1_8,matched,1112 CE-07-11 12:34:13,1112 CE-07-11 12:34:13,0.250974298
1_8,matched,1112 CE-08-11 01:01:56,1112 CE-08-11 01:01:56,-0.317439437
1_8,matched,1112 CE-10-07 00:56:11,1112 CE-10-07 00:56:11,0.144356489
1_8,matched,1112 CE-11-07 11:15:08,1112 CE-11-07 11:15:08,-0.089076161
1_8,matched,1113 CE-01-02 13:31:00,1113 CE-01-02 13:31:00,0.478814542
1_8,matched,1113 CE-02-03 21:14:20,1113 CE-02-03 21:14:20,-0.261756778
1_8,matched,1113 CE-03-31 02:18:13,1113 CE-03-31 02:18:13,0.002655387
1_8,matched,1113 CE-05-03 06:58:06,1113 CE-05-03 06:58:06,-0.227920711
1_8,matched,1113 CE-06-26 15:19:56,1113 CE-06-26 15:19:56,0.459100306
1_8,matched,1113 CE-07-30 16:26:55,1113 CE-07-30 16:26:55,-0.023858249
1_8,matched,1113 CE-09-22 04:36:41,1113 CE-09-22 04:36:41,0.426632166
1_8,matched,1113 CE-10-27 01:42:18,1113 CE-10-27 01:42:18,-0.073425472
1_8,matched,1113 CE-12-18 18:05:37,1113 CE-12-18 18:05:37,0.081110001
1_8,matched,1114 CE-01-23 10:45:20,1114 CE-01-23 10:45:20,-0.438661873
1_8,matched,1114 CE-03-16 07:49:34,1114 CE-03-16 07:49:34,0.383180380
1_8,matched,1114 CE-04-21 19:29:22,1114 CE-04-21 19:29:21,-0.513093174
1_8,matched,1114 CE-06-11 21:49:58,1114 CE-06-11 21:49:58,-0.319732726
1_8,matched,1114 CE-07-19 03:58:37,1114 CE-07-19 03:58:37,0.141298771
1_8,matched,1114 CE-09-07 12:03:27,1114 CE-09-07 12:03:27,0.359362364
1_8,matched,1114 CE-10-15 12:13:08,1114 CE-10-15 12:13:08,0.278976560
1_8,matched,1114 CE-12-04 02:33:56,1114 CE-12-04 02:33:56,-0.221845508
1_8,matched,1115 CE-01-11 20:14:20,1115 CE-01-11 20:14:20,0.198912621
1_8,matched,1115 CE-03-01 17:17:32,1115 CE-03-01 17:17:32,0.224500895
1_8,matched,1115 CE-04-10 03:59:42,1115 CE-04-10 03:59:42,0.154736638
1_8,matched,1115 CE-05-28 08:17:19,1115 CE-05-28 08:17:19,0.085133314
1_8,matched,1115 CE-07-07 11:27:01,1115 CE-07-07 11:27:01,-0.281591713
1_8,matched,1115 CE-08-23 23:31:35,1115 CE-08-23 23:31:36,0.512892008
1_8,matched,1115 CE-10-03 18:41:10,1115 CE-10-03 18:41:10,-0.054958463
1_8,matched,1115 CE-11-19 14:57:41,1115 CE-11-19 14:57:41,0.396940112
1_8,matched,1115 CE-12-31 01:43:39,1115 CE-12-31 01:43:39,-0.273947418
1_8,matched,1116 CE-02-15 06:40:19,1116 CE-02-15 06:40:19,-0.435604155
1_8,matched,1116 CE-03-28 08:32:52,1116 CE-03-28 08:32:51,-0.514823198
1_8,matched,1116 CE-05-12 22:35:00,1116 CE-05-12 22:35:00,0.282798707
1_8,matched,1116 CE-06-24 15:08:10,1116 CE-06-24 15:08:10,-0.231300294
1_8,matched,1116 CE-08-08 14:40:27,1116 CE-08-08 14:40:28,0.512489676
1_8,matched,1116 CE-09-20 21:30:12,1116 CE-09-20 21:30:12,-0.488591194
1_8,matched,1116 CE-11-04 06:56:58,1116 CE-11-04 06:56:58,-0.090564787
1_8,matched,1116 CE-12-18 03:43:49,1116 CE-12-18 03:43:49,0.363868475
1_8,matched,1117 CE-01-30 23:21:38,1117 CE-01-30 23:21:38,-0.416855514
1_8,matched,1117 CE-03-16 09:49:04,1117 CE-03-16 09:49:04,-0.024622679
1_8,matched,1117 CE-04-28 15:59:29,1117 CE-04-28 15:59:29,0.209815800
1_8,matched,1117 CE-06-12 15:44:29,1117 CE-06-12 15:44:29,-0.214402378
1_8,matched,1117 CE-07-25 08:42:36,1117 CE-07-25 08:42:36,0.321060419
1_8,matched,1117 CE-09-08 21:33:54,1117 CE-09-08 21:33:54,-0.056245923
1_8,matched,1117 CE-10-21 01:28:29,1117 CE-10-21 01:28:29,-0.341096520
1_8,matched,1117 CE-12-06 03:18:46,1117 CE-12-06 03:18:46,-0.178112090
1_8,matched,1118 CE-01-16 18:18:29,1118 CE-01-16 18:18:29,-0.319451094
1_8,matched,1118 CE-03-04 09:01:44,1118 CE-03-04 09:01:44,0.319129229
1_8,matched,1118 CE-04-14 11:10:21,1118 CE-04-14 11:10:21,-0.208045542
1_8,matched,1118 CE-05-31 14:44:02,1118 CE-05-31 14:44:02,-0.027438998
1_8,matched,1118 CE-07-11 04:04:28,1118 CE-07-11 04:04:28,-0.281149149
1_8,matched,1118 CE-08-27 20:26:28,1118 CE-08-27 20:26:28,-0.485171378
1_8,matched,1118 CE-10-06 20:53:34,1118 CE-10-06 20:53:34,0.158277154
1_8,matched,1118 CE-11-24 02:14:53,1118 CE-11-24 02:14:53,0.094346702
1_8,matched,1119 CE-01-02 13:34:25,1119 CE-01-02 13:34:26,0.531922281
1_8,matched,1119 CE-02-20 08:09:43,1119 CE-02-20 08:09:43,-0.348056853
1_8,matched,1119 CE-03-31 06:10:30,1119 CE-03-31 06:10:30,0.267751515
1_8,matched,1119 CE-05-19 14:12:32,1119 CE-05-19 14:12:32,0.162260234
1_8,matched,1119 CE-06-26 22:37:08,1119 CE-06-26 22:37:08,-0.053831935
1_8,matched,1119 CE-08-15 20:28:51,1119 CE-08-15 20:28:51,0.237616897
1_8,matched,1119 CE-09-22 14:50:00,1119 CE-09-22 14:49:59,-0.265498459
1_8,matched,1119 CE-11-12 02:58:27,1119 CE-11-12 02:58:27,-0.373926759
1_8,matched,1119 CE-12-19 06:45:32,1119 CE-12-19 06:45:32,0.065177679
1_8,matched,1120 CE-02-08 09:47:57,1120 CE-02-08 09:47:57,-0.247594714
1_8,matched,1120 CE-03-15 22:20:53,1120 CE-03-15 22:20:53,0.007483363
1_8,matched,1120 CE-05-06 16:56:12,1120 CE-05-06 16:56:12,-0.305449963
1_8,matched,1120 CE-06-11 13:40:09,1120 CE-06-11 13:40:09,0.029772520
1_8,matched,1120 CE-08-03 00:28:04,1120 CE-08-03 00:28:04,0.368334353
1_8,matched,1120 CE-09-07 04:34:16,1120 CE-09-07 04:34:16,0.151638687
1_8,matched,1120 CE-10-30 08:27:06,1120 CE-10-30 08:27:06,0.374650955
1_8,matched,1120 CE-12-03 18:59:48,1120 CE-12-03 18:59:48,0.365316868
1_8,matched,1121 CE-01-26 16:52:54,1121 CE-01-26 16:52:54,-0.197142363
1_8,matched,1121 CE-03-01 08:57:47,1121 CE-03-01 08:57:47,0.346608460
1_8,matched,1121 CE-04-25 01:48:55,1121 CE-04-25 01:48:55,-0.016978383
1_8,matched,1121 CE-05-27 22:25:53,1121 CE-05-27 22:25:53,0.371754169
1_8,matched,1121 CE-07-22 11:17:45,1121 CE-07-22 11:17:45,-0.421039760
1_8,matched,1121 CE-08-23 11:24:46,1121 CE-08-23 11:24:46,0.040715933
1_8,matched,1121 CE-10-18 21:22:59,1121 CE-10-18 21:22:59,0.130234659
1_8,matched,1121 CE-11-18 23:45:58,1121 CE-11-18 23:45:58,-0.212873518
1_8,matched,1122 CE-01-15 08:06:56,1122 CE-01-15 08:06:56,-0.008127093
1_8,matched,1122 CE-02-14 11:27:56,1122 CE-02-14 11:27:56,0.331199169
1_8,matched,1122 CE-04-13 19:25:50,1122 CE-04-13 19:25:50,-0.139890611
1_8,matched,1122 CE-05-12 22:36:23,1122 CE-05-12 22:36:24,0.511524081
1_8,matched,1122 CE-07-11 07:24:46,1122 CE-07-11 07:24:46,-0.402572751
1_8,matched,1122 CE-08-08 09:04:01,1122 CE-08-08 09:04:01,0.432828069
1_8,matched,1122 CE-10-07 20:08:34,1122 CE-10-07 20:08:34,-0.442926586
1_8,matched,1122 CE-11-03 18:52:01,1122 CE-11-03 18:52:01,-0.369943678
1_8,matched,1123 CE-01-04 09:38:08,1123 CE-01-04 09:38:08,-0.046630204
1_8,matched,1123 CE-01-30 03:52:50,1123 CE-01-30 03:52:50,-0.166726112
1_8,matched,1123 CE-04-02 23:55:34,1123 CE-04-02 23:55:34,-0.179520249
1_8,matched,1123 CE-04-27 12:06:12,1123 CE-04-27 12:06:12,-0.119934976
1_8,matched,1123 CE-06-30 15:00:03,1123 CE-06-30 15:00:03,-0.056889653
1_8,matched,1123 CE-07-23 19:32:53,1123 CE-07-23 19:32:53,-0.018748641
1_8,matched,1123 CE-09-27 07:03:08,1123 CE-09-27 07:03:08,0.415648520
1_8,matched,1123 CE-10-19 02:01:16,1123 CE-10-19 02:01:16,0.342343748
1_8,matched,1123 CE-12-25 00:13:48,1123 CE-12-25 00:13:48,0.025025010
1_8,matched,1124 CE-01-14 07:26:49,1124 CE-01-14 07:26:49,0.352844596
1_8,matched,1124 CE-03-22 18:34:25,1124 CE-03-22 18:34:25,-0.043612719
1_8,matched,1124 CE-04-10 11:41:15,1124 CE-04-10 11:41:15,-0.433632731
1_8,matched,1124 CE-06-19 14:23:20,1124 CE-06-19 14:23:20,0.076764822
1_8,matched,1124 CE-07-06 14:26:00,1124 CE-07-06 14:25:59,-0.369863212
1_8,matched,1124 CE-09-16 12:04:20,1124 CE-09-16 12:04:20,0.001528859
1_8,matched,1124 CE-10-01 15:20:54,1124 CE-10-01 15:20:54,0.447915494
1_8,matched,1124 CE-12-14 12:25:49,1124 CE-12-14 12:25:49,-0.147253275
1_8,matched,1124 CE-12-27 13:35:55,1124 CE-12-27 13:35:55,0.292494893
1_8,matched,1125 CE-03-13 16:49:34,1125 CE-03-13 16:49:34,0.337234139
1_8,matched,1125 CE-03-24 07:52:10,1125 CE-03-24 07:52:11,0.647592545
1_8,matched,1125 CE-06-11 04:36:25,1125 CE-06-11 04:36:25,0.280988216
1_8,matched,1125 CE-06-18 18:42:46,1125 CE-06-18 18:42:46,0.317640603
1_8,matched,1125 CE-09-09 23:22:43,1125 CE-09-09 23:22:42,-0.766843557
1_8,matched,1125 CE-09-11 22:33:19,1125 CE-09-11 22:33:20,0.518967211
1_8,matched,1156 CE-04-09 23:43:17,1156 CE-04-09 23:43:16,-0.516754389
1_8,matched,1156 CE-04-16 10:31:20,1156 CE-04-16 10:31:21,0.528059900
1_8,matched,1156 CE-07-05 08:42:45,1156 CE-07-05 08:42:45,-0.081472099
1_8,matched,1156 CE-07-15 00:04:46,1156 CE-07-15 00:04:46,0.399112701
1_8,matched,1156 CE-09-30 03:11:56,1156 CE-09-30 03:11:56,0.332325697
1_8,matched,1156 CE-10-12 04:08:43,1156 CE-10-12 04:08:43,-0.073707104
1_8,matched,1156 CE-12-26 02:23:44,1156 CE-12-26 02:23:44,-0.298127532
1_8,matched,1157 CE-01-09 03:27:15,1157 CE-01-09 03:27:15,-0.241680443
1_8,matched,1157 CE-03-23 04:44:02,1157 CE-03-23 04:44:02,-0.240513682
1_8,matched,1157 CE-04-07 23:40:42,1157 CE-04-07 23:40:42,0.164030492
1_8,matched,1157 CE-06-18 09:10:53,1157 CE-06-18 09:10:53,0.242243707
1_8,matched,1157 CE-07-05 17:45:13,1157 CE-07-05 17:45:13,-0.165720284
1_8,matched,1157 CE-09-13 15:18:57,1157 CE-09-13 15:18:57,-0.056929886
1_8,matched,1157 CE-10-02 10:04:17,1157 CE-10-02 10:04:17,0.303880870
1_8,matched,1157 CE-12-09 22:54:55,1157 CE-12-09 22:54:55,0.136953592
1_8,matched,1157 CE-12-30 00:55:09,1157 CE-12-30 00:55:09,-0.198510289
1_8,matched,1158 CE-03-07 07:45:04,1158 CE-03-07 07:45:04,-0.151920319
1_8,matched,1158 CE-03-28 14:32:16,1158 CE-03-28 14:32:16,0.000804663
1_8,matched,1158 CE-06-02 17:41:06,1158 CE-06-02 17:41:06,-0.283925235
1_8,matched,1158 CE-06-25 03:04:41,1158 CE-06-25 03:04:41,-0.229690969
1_8,matched,1158 CE-08-29 04:30:05,1158 CE-08-29 04:30:05,0.325526297
1_8,matched,1158 CE-09-21 14:42:59,1158 CE-09-21 14:42:59,0.134579837
1_8,matched,1158 CE-11-24 16:09:03,1158 CE-11-24 16:09:03,-0.436609983
1_8,matched,1158 CE-12-19 01:26:51,1158 CE-12-19 01:26:51,-0.012029707
1_8,matched,1159 CE-02-20 04:39:27,1159 CE-02-20 04:39:27,0.155903399
1_8,matched,1159 CE-03-17 11:21:44,1159 CE-03-17 11:21:45,0.534617901
1_8,matched,1159 CE-05-18 17:50:31,1159 CE-05-18 17:50:31,-0.114785135
1_8,matched,1159 CE-06-13 20:38:23,1159 CE-06-13 20:38:23,-0.302714109
1_8,matched,1159 CE-08-14 07:38:52,1159 CE-08-14 07:38:52,-0.101508200
1_8,matched,1159 CE-09-10 05:16:39,1159 CE-09-10 05:16:39,0.419712067
1_8,matched,1159 CE-11-09 21:59:02,1159 CE-11-09 21:59:02,-0.249646604
1_8,matched,1159 CE-12-07 13:21:47,1159 CE-12-07 13:21:47,-0.199314952
1_8,matched,1160 CE-02-05 12:51:00,1160 CE-02-05 12:50:59,-0.387565792
1_8,matched,1160 CE-03-04 20:53:18,1160 CE-03-04 20:53:18,0.169783831
1_8,matched,1160 CE-05-03 04:13:56,1160 CE-05-03 04:13:56,-0.152644515
1_8,matched,1160 CE-06-01 03:58:48,1160 CE-06-01 03:58:48,-0.389376283
1_8,matched,1160 CE-07-29 19:59:13,1160 CE-07-29 19:59:13,-0.029732287
1_8,matched,1160 CE-08-28 10:44:21,1160 CE-08-28 10:44:21,-0.024622679
1_8,matched,1160 CE-10-25 12:03:08,1160 CE-10-25 12:03:08,-0.131562352
1_8,matched,1160 CE-11-24 17:07:05,1160 CE-11-24 17:07:05,-0.459221005
1_8,matched,1161 CE-01-21 04:26:21,1161 CE-01-21 04:26:21,0.308145583
1_8,matched,1161 CE-02-20 23:11:20,1161 CE-02-20 23:11:20,-0.414119661
1_8,matched,1161 CE-04-18 21:04:17,1161 CE-04-18 21:04:17,-0.363788009
1_8,matched,1161 CE-05-20 05:01:45,1161 CE-05-20 05:01:45,-0.384548306
1_8,matched,1161 CE-07-15 13:56:29,1161 CE-07-15 13:56:29,0.092335045
1_8,matched,1161 CE-08-16 10:42:28,1161 CE-08-16 10:42:28,0.410217047
1_8,matched,1161 CE-10-11 06:56:51,1161 CE-10-11 06:56:51,0.106135011
1_8,matched,1161 CE-11-12 16:15:40,1161 CE-11-12 16:15:40,0.123636425
1_8,matched,1162 CE-01-07 00:03:49,1162 CE-01-07 00:03:49,-0.449524820
1_8,matched,1162 CE-02-08 21:37:43,1162 CE-02-08 21:37:43,0.385795534
1_8,matched,1162 CE-04-04 17:17:38,1162 CE-04-04 17:17:38,-0.295874476
1_8,matched,1162 CE-05-08 02:56:24,1162 CE-05-08 02:56:24,0.273062289
1_8,matched,1162 CE-07-01 10:31:09,1162 CE-07-01 10:31:09,0.406636298
1_8,matched,1162 CE-08-04 08:16:04,1162 CE-08-04 08:16:04,0.267630816
1_8,matched,1162 CE-09-27 03:45:40,1162 CE-09-27 03:45:40,0.367811322
1_8,matched,1162 CE-10-31 13:38:07,1162 CE-10-31 13:38:07,0.091852248
1_8,matched,1162 CE-12-23 20:58:10,1162 CE-12-23 20:58:10,-0.274068117
1_8,matched,1163 CE-01-27 19:01:29,1163 CE-01-27 19:01:29,-0.302794576
1_8,matched,1163 CE-03-21 14:06:30,1163 CE-03-21 14:06:30,-0.250209868
1_8,matched,1163 CE-04-26 00:26:48,1163 CE-04-26 00:26:48,-0.220558047
1_8,matched,1163 CE-06-17 07:09:48,1163 CE-06-17 07:09:48,-0.280746818
1_8,matched,1163 CE-07-23 06:00:17,1163 CE-07-23 06:00:17,-0.164915621
1_8,matched,1163 CE-09-13 00:02:31,1163 CE-09-13 00:02:31,0.212471187
1_8,matched,1163 CE-10-19 11:45:45,1163 CE-10-19 11:45:46,0.522588193
1_8,matched,1163 CE-12-09 16:47:35,1163 CE-12-09 16:47:35,0.412550569
1_8,matched,1164 CE-01-15 17:39:15,1164 CE-01-15 17:39:15,-0.372035801
1_8,matched,1164 CE-03-06 09:22:50,1164 CE-03-06 09:22:50,0.133493543
1_8,matched,1164 CE-04-12 23:43:36,1164 CE-04-12 23:43:37,0.517719984
1_8,matched,1164 CE-06-02 01:43:52,1164 CE-06-02 01:43:52,-0.199355185
1_8,matched,1164 CE-07-10 06:00:53,1164 CE-07-10 06:00:53,-0.216856599
1_8,matched,1164 CE-08-28 17:51:59,1164 CE-08-28 17:51:59,-0.432465971
1_8,matched,1164 CE-10-06 12:34:29,1164 CE-10-06 12:34:29,-0.421442091
1_8,matched,1164 CE-11-24 09:43:47,1164 CE-11-24 09:43:47,0.052262843
1_8,matched,1165 CE-01-02 19:25:03,1165 CE-01-02 19:25:03,0.088593364
1_8,matched,1165 CE-02-20 01:22:22,1165 CE-02-20 01:22:22,-0.470244884
1_8,matched,1165 CE-04-01 02:28:12,1165 CE-04-01 02:28:12,-0.422930717
1_8,matched,1165 CE-05-18 16:44:17,1165 CE-05-18 16:44:17,-0.299213827
1_8,matched,1165 CE-06-28 09:50:02,1165 CE-06-28 09:50:02,0.018748641
1_8,matched,1165 CE-08-14 07:46:40,1165 CE-08-14 07:46:40,0.162622333
1_8,matched,1165 CE-09-24 17:30:26,1165 CE-09-24 17:30:26,-0.058458745
1_8,matched,1165 CE-11-09 22:32:38,1165 CE-11-09 22:32:38,0.011989474
1_8,matched,1165 CE-12-22 01:29:21,1165 CE-12-22 01:29:21,-0.436931849
1_8,matched,1166 CE-02-05 13:02:50,1166 CE-02-05 13:02:50,0.223213434
1_8,matched,1166 CE-03-20 09:45:46,1166 CE-03-20 09:45:46,0.289115310
1_8,matched,1166 CE-05-04 03:15:08,1166 CE-05-04 03:15:08,0.217580795
1_8,matched,1166 CE-06-16 18:18:19,1166 CE-06-16 18:18:19,0.117078424
1_8,matched,1166 CE-07-30 17:09:22,1166 CE-07-30 17:09:21,-0.543147326
1_8,matched,1166 CE-09-13 03:10:30,1166 CE-09-13 03:10:30,0.303639472
1_8,matched,1166 CE-10-26 06:43:13,1166 CE-10-26 06:43:13,-0.145322084
1_8,matched,1166 CE-12-10 12:20:38,1166 CE-12-10 12:20:38,0.004385412
1_8,matched,1167 CE-01-21 20:04:18,1167 CE-01-21 20:04:18,-0.005914271
1_8,matched,1167 CE-03-08 21:46:10,1167 CE-03-08 21:46:10,-0.158236921
1_8,matched,1167 CE-04-19 09:12:10,1167 CE-04-19 09:12:10,-0.051940978
1_8,matched,1167 CE-06-05 07:27:04,1167 CE-06-05 07:27:04,-0.289115310
1_8,matched,1167 CE-07-15 22:03:17,1167 CE-07-15 22:03:17,0.386358798
1_8,matched,1167 CE-09-01 17:20:18,1167 CE-09-01 17:20:18,-0.345240533
1_8,matched,1167 CE-10-11 10:40:18,1167 CE-10-11 10:40:18,0.324279070
1_8,matched,1167 CE-11-29 03:27:26,1167 CE-11-29 03:27:26,0.021725893
1_8,matched,1168 CE-01-06 23:05:07,1168 CE-01-06 23:05:07,0.009535253
1_8,matched,1168 CE-02-25 13:45:03,1168 CE-02-25 13:45:03,-0.161737204
1_8,matched,1168 CE-04-03 11:23:23,1168 CE-04-03 11:23:23,0.025588274
1_8,matched,1168 CE-05-24 00:11:53,1168 CE-05-24 00:11:53,-0.115308166
1_8,matched,1168 CE-06-29 23:34:32,1168 CE-06-29 23:34:32,-0.084167719
1_8,matched,1168 CE-08-20 10:46:27,1168 CE-08-20 10:46:27,-0.331842899
1_8,matched,1168 CE-09-25 11:34:49,1168 CE-09-25 11:34:49,-0.375415385
1_8,matched,1168 CE-11-16 21:25:39,1168 CE-11-16 21:25:39,0.081834197
1_8,matched,1168 CE-12-21 23:32:05,1168 CE-12-21 23:32:04,-0.536347926
1_8,matched,1169 CE-02-13 08:07:35,1169 CE-02-13 08:07:35,0.459301472
1_8,matched,1169 CE-03-19 11:27:01,1169 CE-03-19 11:27:01,0.016455352
1_8,matched,1169 CE-05-12 18:52:04,1169 CE-05-12 18:52:04,0.113900006
1_8,matched,1169 CE-06-14 23:23:01,1169 CE-06-14 23:23:01,0.294788182
1_8,matched,1169 CE-08-09 05:35:41,1169 CE-08-09 05:35:41,-0.425344706
1_8,matched,1169 CE-09-10 11:18:58,1169 CE-09-10 11:18:58,-0.245985389
1_8,matched,1169 CE-11-05 16:18:56,1169 CE-11-05 16:18:56,-0.106215477
1_8,matched,1169 CE-12-06 23:14:28,1169 CE-12-06 23:14:28,0.401486456
1_8,matched,1170 CE-02-02 02:57:01,1170 CE-02-02 02:57:01,-0.140695274
1_8,matched,1170 CE-03-04 11:16:29,1170 CE-03-04 11:16:29,-0.351516902
1_8,matched,1170 CE-05-01 13:30:21,1170 CE-05-01 13:30:21,0.056608021
1_8,matched,1170 CE-05-30 23:23:12,1170 CE-05-30 23:23:12,0.012713671
1_8,matched,1170 CE-07-29 00:00:25,1170 CE-07-29 00:00:26,0.536710024
1_8,matched,1170 CE-08-26 11:35:06,1170 CE-08-26 11:35:06,0.301627815
1_8,matched,1170 CE-10-25 10:22:30,1170 CE-10-25 10:22:30,0.214804709
1_8,matched,1170 CE-11-21 23:53:13,1170 CE-11-21 23:53:13,-0.029692054
1_8,matched,1171 CE-01-21 20:37:59,1171 CE-01-21 20:37:59,0.498609245
1_8,matched,1171 CE-02-17 12:17:22,1171 CE-02-17 12:17:22,-0.183624029
1_8,matched,1171 CE-04-20 06:44:22,1171 CE-04-20 06:44:22,-0.262320042
1_8,matched,1171 CE-05-16 00:51:05,1171 CE-05-16 00:51:05,-0.035566092
1_8,matched,1171 CE-07-17 16:45:40,1171 CE-07-17 16:45:40,0.451979041
1_8,matched,1171 CE-08-11 13:31:38,1171 CE-08-11 13:31:38,-0.338561833
1_8,matched,1171 CE-10-14 02:41:01,1171 CE-10-14 02:41:01,0.223334134
1_8,matched,1171 CE-11-07 02:17:11,1171 CE-11-07 02:17:11,0.321583450
1_8,matched,1172 CE-01-10 12:26:35,1172 CE-01-10 12:26:35,0.349062681
1_8,matched,1172 CE-02-02 15:10:50,1172 CE-02-02 15:10:50,-0.334055722
1_8,matched,1172 CE-04-07 22:05:30,1172 CE-04-07 22:05:30,-0.057171285
1_8,matched,1172 CE-04-30 04:08:57,1172 CE-04-30 04:08:57,-0.386036932
1_8,matched,1172 CE-07-05 07:40:58,1172 CE-07-05 07:40:58,0.412148237
1_8,matched,1172 CE-07-26 17:12:57,1172 CE-07-26 17:12:57,-0.171111524
1_8,matched,1172 CE-10-01 17:14:42,1172 CE-10-01 17:14:42,0.485453010
1_8,matched,1172 CE-10-22 06:20:23,1172 CE-10-22 06:20:23,0.274832547
1_8,matched,1172 CE-12-29 02:45:55,1172 CE-12-29 02:45:55,-0.072580576
1_8,matched,1173 CE-01-17 19:28:10,1173 CE-01-17 19:28:10,0.071574748
1_8,matched,1173 CE-03-27 12:11:52,1173 CE-03-27 12:11:52,-0.071977079
1_8,matched,1173 CE-04-15 08:38:06,1173 CE-04-15 08:38:06,-0.440713763
1_8,matched,1173 CE-06-23 21:41:19,1173 CE-06-23 21:41:19,0.481107831
1_8,matched,1173 CE-07-11 21:44:09,1173 CE-07-11 21:44:09,-0.108830631
1_8,matched,1173 CE-09-20 07:17:33,1173 CE-09-20 07:17:33,-0.434316695
1_8,matched,1173 CE-10-07 10:44:37,1173 CE-10-07 10:44:37,-0.014121830
1_8,matched,1173 CE-12-17 17:01:20,1173 CE-12-17 17:01:20,-0.263687968
1_8,matched,1174 CE-01-02 23:40:22,1174 CE-01-02 23:40:22,-0.143431127
1_8,matched,1174 CE-03-16 02:55:05,1174 CE-03-16 02:55:05,0.393962860
1_8,matched,1174 CE-03-31 12:21:18,1174 CE-03-31 12:21:18,0.226351619
1_8,matched,1174 CE-06-12 13:03:13,1174 CE-06-12 13:03:13,-0.340251625
1_8,matched,1174 CE-06-27 00:47:18,1174 CE-06-27 00:47:17,-0.541095436
1_8,matched,1174 CE-09-08 23:37:06,1174 CE-09-08 23:37:06,-0.394646823
1_8,matched,1174 CE-09-22 12:45:43,1174 CE-09-22 12:45:43,-0.032950938
1_8,matched,1174 CE-12-06 10:44:07,1174 CE-12-06 10:44:07,0.152000785
1_8,matched,1174 CE-12-19 00:14:27,1174 CE-12-19 00:14:27,0.031019747
1_8,matched,1175 CE-03-04 22:26:55,1175 CE-03-04 22:26:55,-0.331762433
1_8,matched,1175 CE-03-16 11:06:30,1175 CE-03-16 11:06:30,0.375053287
1_8,matched,1175 CE-06-01 11:08:18,1175 CE-06-01 11:08:18,0.184187293
1_8,matched,1175 CE-06-11 20:57:25,1175 CE-06-11 20:57:25,0.164271891
1_8,matched,1175 CE-08-29 01:13:35,1175 CE-08-29 01:13:35,-0.475555658
1_8,matched,1175 CE-09-07 05:23:31,1175 CE-09-07 05:23:31,-0.103841722
1_8,matched,1175 CE-11-25 17:29:29,1175 CE-11-25 17:29:29,0.247192383
1_8,matched,1175 CE-12-03 11:39:45,1175 CE-12-03 11:39:45,0.102473795
1_8,matched,1176 CE-02-22 13:24:14,1176 CE-02-22 13:24:14,-0.309070945
1_8,matched,1176 CE-02-28 14:19:04,1176 CE-02-28 14:19:04,0.445099175
1_8,matched,1176 CE-05-21 17:44:30,1176 CE-05-21 17:44:31,0.768412650
1_8,matched,1176 CE-05-25 08:30:18,1176 CE-05-25 08:30:18,-0.253911316
1_8,matched,1268 CE-08-18 18:48:46,1268 CE-08-18 18:48:46,-0.118245184
1_8,matched,1268 CE-08-22 23:31:22,1268 CE-08-22 23:31:21,-0.598427653
1_8,matched,1268 CE-11-13 10:54:06,1268 CE-11-13 10:54:06,-0.233714283
1_8,matched,1268 CE-11-20 05:54:55,1268 CE-11-20 05:54:55,0.097203255
1_8,matched,1269 CE-02-08 12:13:08,1269 CE-02-08 12:13:08,0.139327347
1_8,matched,1269 CE-02-17 03:05:32,1269 CE-02-17 03:05:32,0.258699059
1_8,matched,1269 CE-05-06 17:44:25,1269 CE-05-06 17:44:25,0.220960379
1_8,matched,1269 CE-05-16 20:08:09,1269 CE-05-16 20:08:09,0.084167719
1_8,matched,1269 CE-08-02 01:39:23,1269 CE-08-02 01:39:23,-0.435121357
1_8,matched,1269 CE-08-13 10:44:11,1269 CE-08-13 10:44:11,0.186762214
1_8,matched,1269 CE-10-28 11:15:12,1269 CE-10-28 11:15:12,-0.011305511
1_8,matched,1269 CE-11-09 23:36:58,1269 CE-11-09 23:36:58,0.235685706
1_8,matched,1270 CE-01-23 22:08:05,1270 CE-01-23 22:08:05,-0.209936500
1_8,matched,1270 CE-02-06 11:13:49,1270 CE-02-06 11:13:49,-0.047796965
1_8,matched,1270 CE-04-21 10:00:28,1270 CE-04-21 10:00:28,-0.033272803
1_8,matched,1270 CE-05-05 21:52:01,1270 CE-05-05 21:52:01,0.394687057
1_8,matched,1270 CE-07-17 22:43:04,1270 CE-07-17 22:43:04,-0.049205124
1_8,matched,1270 CE-08-02 07:44:16,1270 CE-08-02 07:44:16,-0.287023187
1_8,matched,1270 CE-10-13 11:58:17,1270 CE-10-13 11:58:17,-0.147132576
1_8,matched,1270 CE-10-29 17:00:04,1270 CE-10-29 17:00:04,-0.417137146
1_8,matched,1271 CE-01-09 01:44:55,1271 CE-01-09 01:44:55,-0.154012442
1_8,matched,1271 CE-01-26 01:43:10,1271 CE-01-26 01:43:10,-0.042928755
1_8,matched,1271 CE-04-06 15:59:43,1271 CE-04-06 15:59:43,-0.145523250
1_8,matched,1271 CE-04-24 09:59:19,1271 CE-04-24 09:59:19,-0.198952854
1_8,matched,1271 CE-07-03 06:35:10,1271 CE-07-03 06:35:10,-0.075557828
1_8,matched,1271 CE-07-21 17:58:06,1271 CE-07-21 17:58:06,0.111767650
1_8,matched,1271 CE-09-28 21:25:40,1271 CE-09-28 21:25:40,-0.186118484
1_8,matched,1271 CE-10-18 01:41:17,1271 CE-10-18 01:41:17,-0.489073992
1_8,matched,1271 CE-12-25 12:26:28,1271 CE-12-25 12:26:28,-0.200924277
1_8,matched,1272 CE-01-14 09:13:14,1272 CE-01-14 09:13:14,0.311726332
1_8,matched,1272 CE-03-22 03:37:26,1272 CE-03-22 03:37:26,0.450409949
1_8,matched,1272 CE-04-11 16:33:30,1272 CE-04-11 16:33:30,-0.197625160
1_8,matched,1272 CE-06-17 18:58:45,1272 CE-06-17 18:58:45,0.461876392
1_8,matched,1272 CE-07-08 23:48:17,1272 CE-07-08 23:48:17,0.408084691
1_8,matched,1272 CE-09-13 10:19:40,1272 CE-09-13 10:19:40,0.080144405
1_8,matched,1272 CE-10-05 07:03:27,1272 CE-10-05 07:03:27,0.126975775
1_8,matched,1272 CE-12-10 01:40:22,1272 CE-12-10 01:40:22,-0.211223960
1_8,matched,1273 CE-01-01 14:17:42,1273 CE-01-01 14:17:42,-0.141741335
1_8,matched,1273 CE-03-07 16:59:18,1273 CE-03-07 16:59:18,0.147253275
1_8,matched,1273 CE-03-30 21:33:09,1273 CE-03-30 21:33:09,-0.464129448
1_8,matched,1273 CE-06-03 08:15:51,1273 CE-06-03 08:15:51,-0.189256668
1_8,matched,1273 CE-06-27 04:52:36,1273 CE-06-27 04:52:36,-0.208809972
1_8,matched,1273 CE-08-29 23:28:48,1273 CE-08-29 23:28:48,0.205913186
1_8,matched,1273 CE-09-23 12:19:45,1273 CE-09-23 12:19:45,-0.397060812
1_8,matched,1273 CE-11-25 14:29:40,1273 CE-11-25 14:29:40,-0.197061896
1_8,matched,1273 CE-12-20 19:58:11,1273 CE-12-20 19:58:11,-0.277327001
1_8,matched,1274 CE-02-21 05:21:01,1274 CE-02-21 05:21:01,-0.243330002
1_8,matched,1274 CE-03-19 03:43:06,1274 CE-03-19 03:43:06,-0.336550176
1_8,matched,1274 CE-05-19 20:03:22,1274 CE-05-19 20:03:22,-0.272619724
1_8,matched,1274 CE-06-15 11:39:08,1274 CE-06-15 11:39:08,0.129188597
1_8,matched,1274 CE-08-15 10:33:19,1274 CE-08-15 10:33:19,-0.045181811
1_8,matched,1274 CE-09-11 19:48:31,1274 CE-09-11 19:48:31,0.145201385
1_8,matched,1274 CE-11-11 00:53:03,1274 CE-11-11 00:53:03,0.226311386
1_8,matched,1274 CE-12-09 04:13:15,1274 CE-12-09 04:13:15,0.368817151
1_8,matched,1275 CE-02-06 14:56:34,1275 CE-02-06 14:56:34,0.452944636
1_8,matched,1275 CE-03-07 12:50:26,1275 CE-03-07 12:50:26,0.146327913
1_8,matched,1275 CE-05-05 04:48:06,1275 CE-05-05 04:48:06,-0.099456310
1_8,matched,1275 CE-06-03 21:37:30,1275 CE-06-03 21:37:30,0.383542478
1_8,matched,1275 CE-07-31 18:27:58,1275 CE-07-31 18:27:58,-0.298087299
1_8,matched,1275 CE-08-31 06:38:43,1275 CE-08-31 06:38:43,0.062441826
1_8,matched,1275 CE-10-27 07:53:22,1275 CE-10-27 07:53:22,-0.162220001
1_8,matched,1275 CE-11-27 15:55:27,1275 CE-11-27 15:55:27,0.463566184
1_8,matched,1276 CE-01-22 21:09:12,1276 CE-01-22 21:09:12,-0.234398246
1_8,matched,1276 CE-02-24 01:24:01,1276 CE-02-24 01:24:01,0.146649778
1_8,matched,1276 CE-04-19 10:12:46,1276 CE-04-19 10:12:46,0.001890957
1_8,matched,1276 CE-05-22 11:01:13,1276 CE-05-22 11:01:13,-0.046791136
1_8,matched,1276 CE-07-15 23:07:04,1276 CE-07-15 23:07:04,0.363264978
1_8,matched,1276 CE-08-18 20:46:38,1276 CE-08-18 20:46:38,0.427879393
1_8,matched,1276 CE-10-11 11:53:14,1276 CE-10-11 11:53:14,0.471773744
1_8,matched,1276 CE-11-15 06:41:42,1276 CE-11-15 06:41:42,-0.162099302
1_8,matched,1277 CE-01-07 00:31:09,1277 CE-01-07 00:31:09,0.147534907
1_8,matched,1277 CE-02-11 16:45:15,1277 CE-02-11 16:45:15,0.342826545
1_8,matched,1277 CE-04-04 13:05:58,1277 CE-04-04 13:05:58,0.345441699
1_8,matched,1277 CE-05-11 02:50:22,1277 CE-05-11 02:50:22,0.127016008
1_8,matched,1277 CE-07-01 01:37:09,1277 CE-07-01 01:37:09,0.070971251
1_8,matched,1277 CE-08-07 12:59:08,1277 CE-08-07 12:59:08,0.183543563
1_8,matched,1277 CE-09-26 14:04:01,1277 CE-09-26 14:04:01,0.256888568
1_8,matched,1277 CE-11-03 23:09:27,1277 CE-11-03 23:09:27,0.102071464
1_8,matched,1277 CE-12-23 02:31:36,1277 CE-12-23 02:31:36,0.452984869
1_8,matched,1278 CE-01-31 09:20:56,1278 CE-01-31 09:20:56,-0.147856772
1_8,matched,1278 CE-03-20 14:59:44,1278 CE-03-20 14:59:44,0.459703803
1_8,matched,1278 CE-04-29 19:30:08,1278 CE-04-29 19:30:08,-0.406917930
1_8,matched,1278 CE-06-16 03:32:44,1278 CE-06-16 03:32:44,-0.208890438
1_8,matched,1278 CE-07-27 05:33:11,1278 CE-07-27 05:33:11,-0.203499198
1_8,matched,1278 CE-09-11 16:08:42,1278 CE-09-11 16:08:42,-0.099134445
1_8,matched,1278 CE-10-23 15:32:39,1278 CE-10-23 15:32:39,-0.438661873
1_8,matched,1278 CE-12-08 04:48:11,1278 CE-12-08 04:48:11,-0.119774044
1_8,matched,1279 CE-01-20 01:26:29,1279 CE-01-20 01:26:29,-0.409814715
1_8,matched,1279 CE-03-05 17:37:52,1279 CE-03-05 17:37:52,0.036129355
1_8,matched,1279 CE-04-18 11:11:52,1279 CE-04-18 11:11:52,-0.324882567
1_8,matched,1279 CE-06-01 06:36:17,1279 CE-06-01 06:36:17,0.271654129
1_8,matched,1279 CE-07-15 20:48:00,1279 CE-07-15 20:48:00,0.315146148
1_8,matched,1279 CE-08-27 19:42:52,1279 CE-08-27 19:42:52,-0.322428346
1_8,matched,1279 CE-10-12 06:11:55,1279 CE-10-12 06:11:54,-0.511161983
1_8,matched,1279 CE-11-23 08:59:20,1279 CE-11-23 08:59:20,-0.137315691
1_8,matched,1280 CE-01-08 15:26:50,1280 CE-01-08 15:26:50,-0.308789313
1_8,matched,1280 CE-02-18 22:25:47,1280 CE-02-18 22:25:47,0.096398592
1_8,matched,1280 CE-04-06 00:28:53,1280 CE-04-06 00:28:53,0.094547868
1_8,matched,1280 CE-05-16 12:10:25,1280 CE-05-16 12:10:25,0.364673138
1_8,matched,1280 CE-07-03 09:17:29,1280 CE-07-03 09:17:29,0.314703584
1_8,matched,1280 CE-08-12 02:05:46,1280 CE-08-12 02:05:46,0.018306077
1_8,matched,1280 CE-09-29 17:52:33,1280 CE-09-29 17:52:33,0.371834636
1_8,matched,1280 CE-11-07 16:12:29,1280 CE-11-07 16:12:29,-0.426833332
1_8,matched,1280 CE-12-27 02:12:18,1280 CE-12-27 02:12:18,-0.401929021
1_8,matched,1281 CE-02-03 06:34:10,1281 CE-02-03 06:34:10,-0.363908708
1_8,matched,1281 CE-03-25 10:17:23,1281 CE-03-25 10:17:23,-0.165237486
1_8,matched,1281 CE-05-01 21:11:13,1281 CE-05-01 21:11:13,0.492332876
1_8,matched,1281 CE-06-21 18:06:59,1281 CE-06-21 18:06:59,0.399877131
1_8,matched,1281 CE-07-28 12:06:49,1281 CE-07-28 12:06:49,-0.171996653
1_8,matched,1281 CE-09-18 01:41:35,1281 CE-09-18 01:41:35,-0.036048889
1_8,matched,1281 CE-10-24 03:13:44,1281 CE-10-24 03:13:44,-0.100623071
1_8,matched,1281 CE-12-15 09:02:48,1281 CE-12-15 09:02:48,0.167088211
1_8,matched,1282 CE-01-19 18:32:27,1282 CE-01-19 18:32:27,0.411665440
1_8,matched,1282 CE-03-13 16:07:05,1282 CE-03-13 16:07:05,0.040192902
1_8,matched,1282 CE-04-17 10:09:12,1282 CE-04-17 10:09:12,-0.299012661
1_8,matched,1282 CE-06-09 22:55:46,1282 CE-06-09 22:55:46,-0.107502937
1_8,matched,1282 CE-07-14 02:00:03,1282 CE-07-14 02:00:03,0.145080686
1_8,matched,1282 CE-09-06 05:32:34,1282 CE-09-06 05:32:34,-0.488229096
1_8,matched,1282 CE-10-09 18:05:09,1282 CE-10-09 18:05:10,0.501747429
1_8,matched,1282 CE-12-03 11:55:37,1282 CE-12-03 11:55:37,0.266182423
1_8,matched,1283 CE-01-05 10:19:55,1283 CE-01-05 10:19:55,-0.310237706
1_8,matched,1283 CE-03-01 18:08:23,1283 CE-03-01 18:08:23,-0.212270021
1_8,matched,1283 CE-04-03 02:44:36,1283 CE-04-03 02:44:36,0.153127313
1_8,matched,1283 CE-05-29 00:07:43,1283 CE-05-29 00:07:43,0.428724289
1_8,matched,1283 CE-06-29 19:22:59,1283 CE-06-29 19:22:59,0.242605805
1_8,matched,1283 CE-08-25 05:59:51,1283 CE-08-25 05:59:51,0.050935149
1_8,matched,1283 CE-09-25 12:07:25,1283 CE-09-25 12:07:25,0.318405032
1_8,matched,1283 CE-11-21 11:47:49,1283 CE-11-21 11:47:49,0.241197646
1_8,matched,1283 CE-12-22 04:56:14,1283 CE-12-22 04:56:15,0.511725247
1_8,matched,1284 CE-02-17 17:29:03,1284 CE-02-17 17:29:03,0.358960032
1_8,matched,1284 CE-03-18 21:49:19,1284 CE-03-18 21:49:19,-0.006879866
1_8,matched,1284 CE-05-15 23:07:54,1284 CE-05-15 23:07:54,-0.213557482
1_8,matched,1284 CE-06-14 14:43:22,1284 CE-06-14 14:43:22,0.314462185
1_8,matched,1284 CE-08-12 04:47:22,1284 CE-08-12 04:47:22,-0.306496024
1_8,matched,1284 CE-09-10 07:37:58,1284 CE-09-10 07:37:58,-0.416573882
1_8,matched,1284 CE-11-08 10:33:22,1284 CE-11-08 10:33:22,-0.060591102
1_8,matched,1284 CE-12-07 00:24:26,1284 CE-12-07 00:24:26,-0.152604282
1_8,matched,1285 CE-02-04 16:28:47,1285 CE-02-04 16:28:47,-0.189940631
1_8,matched,1285 CE-03-04 17:00:49,1285 CE-03-04 17:00:49,0.181692839
1_8,matched,1285 CE-05-03 22:30:32,1285 CE-05-03 22:30:32,-0.010058284
1_8,matched,1285 CE-05-31 09:28:43,1285 CE-05-31 09:28:43,-0.044497848
1_8,matched,1285 CE-07-31 04:48:52,1285 CE-07-31 04:48:52,0.401566923
1_8,matched,1285 CE-08-27 01:37:28,1285 CE-08-27 01:37:28,-0.161536038
1_8,matched,1285 CE-10-27 11:29:12,1285 CE-10-27 11:29:12,0.084047019
1_8,matched,1285 CE-11-22 17:26:54,1285 CE-11-22 17:26:54,-0.343510509
1_8,matched,1286 CE-01-23 18:36:28,1286 CE-01-23 18:36:28,0.096318126
1_8,matched,1286 CE-02-18 08:48:22,1286 CE-02-18 08:48:22,-0.358195603
1_8,matched,1286 CE-04-22 02:11:47,1286 CE-04-22 02:11:47,0.353085995
1_8,matched,1286 CE-05-16 23:40:01,1286 CE-05-16 23:40:01,-0.209896266
1_8,matched,1286 CE-07-19 10:17:23,1286 CE-07-19 10:17:23,0.043411553
1_8,matched,1286 CE-08-12 13:58:50,1286 CE-08-12 13:58:50,0.355540216
1_8,matched,1286 CE-10-15 19:06:33,1286 CE-10-15 19:06:33,0.132527947
1_8,matched,1286 CE-11-08 03:32:26,1286 CE-11-08 03:32:26,0.354373455
1_8,matched,1287 CE-01-12 04:46:20,1287 CE-01-12 04:46:20,-0.197786093
1_8,matched,1287 CE-02-03 16:20:28,1287 CE-02-03 16:20:29,0.508828461
1_8,matched,1287 CE-04-10 15:17:37,1287 CE-04-10 15:17:37,-0.346367061
1_8,matched,1287 CE-05-02 04:15:10,1287 CE-05-02 04:15:10,0.037215650
1_8,matched,1287 CE-07-08 02:50:22,1287 CE-07-08 02:50:21,-0.530473888
1_8,matched,1287 CE-07-28 15:05:10,1287 CE-07-28 15:05:10,-0.095070899
1_8,matched,1287 CE-10-04 15:34:10,1287 CE-10-04 15:34:10,0.208608806
1_8,matched,1287 CE-10-24 00:44:26,1287 CE-10-24 00:44:26,-0.382697582
1_8,matched,1288 CE-01-01 05:47:08,1288 CE-01-01 05:47:08,0.325888395
1_8,matched,1288 CE-01-19 08:54:55,1288 CE-01-19 08:54:55,0.055883825
1_8,matched,1288 CE-03-29 21:42:12,1288 CE-03-29 21:42:12,-0.208126009
1_8,matched,1288 CE-04-15 15:28:59,1288 CE-04-15 15:28:59,0.240594149
1_8,matched,1288 CE-06-26 15:36:07,1288 CE-06-26 15:36:07,-0.204706192
1_8,matched,1288 CE-07-11 20:00:04,1288 CE-07-11 20:00:04,0.049607456
1_8,matched,1288 CE-09-23 12:21:08,1288 CE-09-23 12:21:08,-0.107502937
1_8,matched,1288 CE-10-06 21:39:23,1288 CE-10-06 21:39:23,-0.406837463
1_8,matched,1288 CE-12-21 13:07:27,1288 CE-12-21 13:07:27,-0.485694408
1_8,matched,1289 CE-01-01 19:19:39,1289 CE-01-01 19:19:39,0.136752427
1_8,matched,1289 CE-03-20 20:43:00,1289 CE-03-20 20:42:59,-0.565959513
1_8,matched,1289 CE-03-29 10:13:19,1289 CE-03-29 10:13:19,-0.105531514
1_8,matched,1289 CE-06-18 21:57:50,1289 CE-06-18 21:57:50,0.141620636
1_8,matched,1289 CE-06-23 07:29:26,1289 CE-06-23 07:29:26,0.259543955
1_8,matched,1322 CE-12-09 05:33:58,1322 CE-12-09 05:33:58,0.220115483
1_8,matched,1322 CE-12-16 19:11:30,1322 CE-12-16 19:11:30,-0.407119095
1_8,matched,1323 CE-03-05 13:36:41,1323 CE-03-05 13:36:41,-0.396417081
1_8,matched,1323 CE-03-16 09:36:45,1323 CE-03-16 09:36:45,-0.310559571
1_8,matched,1323 CE-05-31 07:07:58,1323 CE-05-31 07:07:58,0.123837590
1_8,matched,1323 CE-06-13 14:35:37,1323 CE-06-13 14:35:37,0.325486064
1_8,matched,1323 CE-08-26 05:27:49,1323 CE-08-26 05:27:49,-0.244054198
1_8,matched,1323 CE-09-10 14:46:57,1323 CE-09-10 14:46:57,0.275114179
1_8,matched,1323 CE-11-21 07:02:04,1323 CE-11-21 07:02:04,-0.012150407
1_8,matched,1323 CE-12-08 11:39:55,1323 CE-12-08 11:39:56,0.520254672
1_8,matched,1324 CE-02-16 11:00:03,1324 CE-02-16 11:00:03,-0.382053852
1_8,matched,1324 CE-03-06 06:08:15,1324 CE-03-06 06:08:15,0.365236402
1_8,matched,1324 CE-05-13 16:49:01,1324 CE-05-13 16:49:01,0.220598280
1_8,matched,1324 CE-06-02 22:44:16,1324 CE-06-02 22:44:16,0.169542432
1_8,matched,1324 CE-08-09 00:11:21,1324 CE-08-09 00:11:21,-0.273625553
1_8,matched,1324 CE-08-30 13:49:46,1324 CE-08-30 13:49:46,0.159363449
1_8,matched,1324 CE-11-04 08:49:29,1324 CE-11-04 08:49:29,0.069040060
1_8,matched,1324 CE-11-27 03:39:35,1324 CE-11-27 03:39:35,-0.129309297
1_8,matched,1325 CE-01-30 18:37:43,1325 CE-01-30 18:37:43,0.384186208
1_8,matched,1325 CE-02-23 16:14:55,1325 CE-02-23 16:14:55,-0.425103307
1_8,matched,1325 CE-04-28 05:26:28,1325 CE-04-28 05:26:28,-0.147534907
1_8,matched,1325 CE-05-23 03:51:46,1325 CE-05-23 03:51:46,0.223495066
1_8,matched,1325 CE-07-24 17:04:56,1325 CE-07-24 17:04:56,0.079540908
1_8,matched,1325 CE-08-19 14:37:45,1325 CE-08-19 14:37:45,-0.442765653
1_8,matched,1325 CE-10-20 05:32:22,1325 CE-10-20 05:32:22,-0.053550303
1_8,matched,1325 CE-11-16 00:37:40,1325 CE-11-16 00:37:40,-0.275878608
1_8,matched,1326 CE-01-15 18:43:23,1326 CE-01-15 18:43:22,-0.509914756
1_8,matched,1326 CE-02-12 09:54:04,1326 CE-02-12 09:54:04,0.302030146
1_8,matched,1326 CE-04-13 08:32:04,1326 CE-04-13 08:32:04,-0.212430954
1_8,matched,1326 CE-05-11 18:29:57,1326 CE-05-11 18:29:57,0.254273415
1_8,matched,1326 CE-07-09 22:53:35,1326 CE-07-09 22:53:35,0.345481932
1_8,matched,1326 CE-08-08 02:34:47,1326 CE-08-08 02:34:47,-0.070770085
1_8,matched,1326 CE-10-05 13:41:14,1326 CE-10-05 13:41:14,-0.246991217
1_8,matched,1326 CE-11-04 10:12:58,1326 CE-11-04 10:12:58,0.107140839
1_8,matched,1327 CE-01-01 04:58:54,1327 CE-01-01 04:58:54,0.382576883
1_8,matched,1327 CE-01-31 17:23:32,1327 CE-01-31 17:23:32,0.279942155
1_8,matched,1327 CE-03-29 20:40:40,1327 CE-03-29 20:40:40,-0.295512378
1_8,matched,1327 CE-04-30 00:11:01,1327 CE-04-30 00:11:01,0.488229096
1_8,matched,1327 CE-06-25 12:39:39,1327 CE-06-25 12:39:39,-0.122630596
1_8,matched,1327 CE-07-27 06:38:12,1327 CE-07-27 06:38:13,0.515748560
1_8,matched,1327 CE-09-21 04:55:10,1327 CE-09-21 04:55:10,0.459663570
1_8,matched,1327 CE-10-23 12:51:15,1327 CE-10-23 12:51:15,0.421965122
1_8,matched,1327 CE-12-17 21:23:06,1327 CE-12-17 21:23:06,0.439667702
1_8,matched,1328 CE-01-19 18:51:56,1328 CE-01-19 18:51:56,0.312168896
1_8,matched,1328 CE-03-14 14:06:00,1328 CE-03-14 14:05:59,-0.084570050
1_8,matched,1328 CE-04-17 00:40:01,1328 CE-04-17 00:40:01,0.287385285
1_8,matched,1328 CE-06-10 06:55:51,1328 CE-06-10 06:55:51,0.411906838
1_8,matched,1328 CE-07-14 06:21:55,1328 CE-07-14 06:21:55,-0.010339916
1_8,matched,1328 CE-09-05 23:48:41,1328 CE-09-05 23:48:41,-0.251859426
1_8,matched,1328 CE-10-10 11:59:00,1328 CE-10-10 11:58:59,-0.481872261
1_8,matched,1328 CE-12-02 16:46:46,1328 CE-12-02 16:46:46,-0.141902268
1_8,matched,1329 CE-01-06 17:32:31,1329 CE-01-06 17:32:31,0.072862208
1_8,matched,1329 CE-02-28 09:47:28,1329 CE-02-28 09:47:28,0.242163241
1_8,matched,1329 CE-04-04 23:06:05,1329 CE-04-04 23:06:05,-0.456847250
1_8,matched,1329 CE-05-27 02:48:11,1329 CE-05-27 02:48:11,0.425344706
1_8,matched,1329 CE-07-02 04:39:57,1329 CE-07-02 04:39:57,-0.174812973
1_8,matched,1329 CE-08-22 19:44:20,1329 CE-08-22 19:44:20,0.387163460
1_8,matched,1329 CE-09-28 10:19:58,1329 CE-09-28 10:19:58,-0.387485325
1_8,matched,1329 CE-11-18 12:33:00,1329 CE-11-18 12:33:00,0.122871995
1_8,matched,1329 CE-12-25 16:05:01,1329 CE-12-25 16:05:01,0.258417428
1_8,matched,1330 CE-02-14 05:19:20,1330 CE-02-14 05:19:20,-0.409372151
1_8,matched,1330 CE-03-23 21:56:16,1330 CE-03-23 21:56:16,-0.245180726
1_8,matched,1330 CE-05-12 21:58:04,1330 CE-05-12 21:58:04,-0.498166680
1_8,matched,1330 CE-06-20 03:58:58,1330 CE-06-20 03:58:58,-0.143310428
1_8,matched,1330 CE-08-08 14:25:14,1330 CE-08-08 14:25:14,-0.016455352
1_8,matched,1330 CE-09-16 10:11:05,1330 CE-09-16 10:11:05,-0.177709758
1_8,matched,1330 CE-11-04 06:39:42,1330 CE-11-04 06:39:42,-0.458778441
1_8,matched,1330 CE-12-13 16:36:16,1330 CE-12-13 16:36:16,-0.454071164
1_8,matched,1331 CE-01-30 22:41:34,1331 CE-01-30 22:41:34,-0.317680836
1_8,matched,1331 CE-03-11 23:13:18,1331 CE-03-11 23:13:18,0.311364233
1_8,matched,1331 CE-04-28 14:33:21,1331 CE-04-28 14:33:21,-0.291408598
1_8,matched,1331 CE-06-08 06:05:59,1331 CE-06-08 06:05:59,-0.208850205
1_8,matched,1331 CE-07-25 06:10:56,1331 CE-07-25 06:10:56,0.222086906
1_8,matched,1331 CE-09-04 13:15:07,1331 CE-09-04 13:15:07,0.356827676
1_8,matched,1331 CE-10-20 21:29:13,1331 CE-10-20 21:29:13,0.090564787
1_8,matched,1331 CE-12-01 20:38:29,1331 CE-12-01 20:38:29,-0.299817324
1_8,matched,1332 CE-01-16 12:33:16,1332 CE-01-16 12:33:16,0.427436829
1_8,matched,1332 CE-02-28 04:17:08,1332 CE-02-28 04:17:08,-0.240030885
1_8,matched,1332 CE-04-13 03:20:40,1332 CE-04-13 03:20:40,-0.046509504
1_8,matched,1332 CE-05-26 12:13:50,1332 CE-05-26 12:13:50,-0.481711328
1_8,matched,1332 CE-07-09 17:53:39,1332 CE-07-09 17:53:39,-0.078736246
1_8,matched,1332 CE-08-22 20:28:09,1332 CE-08-22 20:28:09,-0.086903572
1_8,matched,1332 CE-10-05 08:09:19,1332 CE-10-05 08:09:19,-0.028605759
1_8,matched,1332 CE-11-19 04:59:25,1332 CE-11-19 04:59:25,0.007161498
1_8,matched,1332 CE-12-31 22:07:09,1332 CE-12-31 22:07:09,-0.229811668
1_8,matched,1333 CE-02-15 13:43:08,1333 CE-02-15 13:43:08,0.141982734
1_8,matched,1333 CE-03-29 11:52:23,1333 CE-03-29 11:52:23,-0.109031796
1_8,matched,1333 CE-05-14 22:41:57,1333 CE-05-14 22:41:57,0.128625333
1_8,matched,1333 CE-06-25 01:21:56,1333 CE-06-25 01:21:56,0.156144798
1_8,matched,1333 CE-08-11 07:57:30,1333 CE-08-11 07:57:30,0.365397334
1_8,matched,1333 CE-09-20 14:38:07,1333 CE-09-20 14:38:07,0.206476450
1_8,matched,1333 CE-11-07 17:26:00,1333 CE-11-07 17:25:59,-0.183422863
1_8,matched,1333 CE-12-17 03:42:19,1333 CE-12-17 03:42:18,-0.514702499
1_8,matched,1334 CE-02-04 03:05:10,1334 CE-02-04 03:05:10,-0.086943805
1_8,matched,1334 CE-03-14 16:34:59,1334 CE-03-14 16:34:59,-0.089317560
1_8,matched,1334 CE-05-03 12:52:23,1334 CE-05-03 12:52:23,0.199958682
1_8,matched,1334 CE-06-10 05:20:29,1334 CE-06-10 05:20:29,-0.424177945
1_8,matched,1334 CE-07-30 22:49:10,1334 CE-07-30 22:49:10,-0.298529863
1_8,matched,1334 CE-09-05 17:57:03,1334 CE-09-05 17:57:03,-0.400440395
1_8,matched,1334 CE-10-27 08:55:07,1334 CE-10-27 08:55:07,-0.370225310
1_8,matched,1334 CE-12-02 06:28:24,1334 CE-12-02 06:28:24,-0.450128317
1_8,matched,1335 CE-01-23 19:02:24,1335 CE-01-23 19:02:24,0.394043326
1_8,matched,1335 CE-02-27 18:57:49,1335 CE-02-27 18:57:49,-0.476279855
1_8,matched,1335 CE-04-22 05:11:38,1335 CE-04-22 05:11:38,0.079460442
1_8,matched,1335 CE-05-26 07:24:03,1335 CE-05-26 07:24:03,0.095754862
1_8,matched,1335 CE-07-19 15:22:15,1335 CE-07-19 15:22:15,-0.172197819
1_8,matched,1335 CE-08-21 19:51:20,1335 CE-08-21 19:51:20,-0.160248578
1_8,matched,1335 CE-10-16 01:33:57,1335 CE-10-16 01:33:57,-0.081874430
1_8,matched,1335 CE-11-17 08:19:56,1335 CE-11-17 08:19:56,0.125446916
1_8,matched,1336 CE-01-12 11:43:20,1336 CE-01-12 11:43:20,-0.305731595
1_8,matched,1336 CE-02-12 20:52:22,1336 CE-02-12 20:52:22,0.331561267
1_8,matched,1336 CE-04-09 21:44:06,1336 CE-04-09 21:44:06,-0.361454487
1_8,matched,1336 CE-05-10 09:30:39,1336 CE-05-10 09:30:39,0.199677050
1_8,matched,1336 CE-07-07 07:40:53,1336 CE-07-07 07:40:53,0.062683225
1_8,matched,1336 CE-08-05 22:12:43,1336 CE-08-05 22:12:43,-0.187245011
1_8,matched,1336 CE-10-03 17:32:24,1336 CE-10-03 17:32:24,-0.321462750
1_8,matched,1336 CE-11-01 11:02:08,1336 CE-11-01 11:02:08,0.448317826
1_8,matched,1336 CE-12-31 03:17:28,1336 CE-12-31 03:17:28,0.007081032
1_8,matched,1337 CE-01-28 00:02:05,1337 CE-01-28 00:02:05,0.402049720
1_8,matched,1337 CE-03-29 12:51:57,1337 CE-03-29 12:51:57,0.108790398
1_8,matched,1337 CE-04-25 13:08:51,1337 CE-04-25 13:08:51,0.359724462
1_8,matched,1337 CE-06-25 22:15:55,1337 CE-06-25 22:15:55,-0.183060765
1_8,matched,1337 CE-07-22 02:24:49,1337 CE-07-22 02:24:49,0.430735946
1_8,matched,1337 CE-09-22 07:32:42,1337 CE-09-22 07:32:42,0.261555612
1_8,matched,1337 CE-10-17 15:45:54,1337 CE-10-17 15:45:54,-0.165237486
1_8,matched,1337 CE-12-19 16:42:32,1337 CE-12-19 16:42:32,0.180807710
1_8,matched,1338 CE-01-13 05:17:49,1338 CE-01-13 05:17:49,0.365759432
1_8,matched,1338 CE-03-18 01:41:40,1338 CE-03-18 01:41:40,0.330917537
1_8,matched,1338 CE-04-10 19:01:15,1338 CE-04-10 19:01:15,-0.446105003
1_8,matched,1338 CE-06-14 10:32:40,1338 CE-06-14 10:32:40,-0.125084817
1_8,matched,1338 CE-07-07 08:49:13,1338 CE-07-07 08:49:13,0.419470668
1_8,matched,1338 CE-09-10 19:15:29,1338 CE-09-10 19:15:29,-0.125165284
1_8,matched,1338 CE-10-02 22:42:53,1338 CE-10-02 22:42:53,0.446708500
1_8,matched,1338 CE-12-08 03:53:45,1338 CE-12-08 03:53:45,-0.272579491
1_8,matched,1338 CE-12-29 12:41:27,1338 CE-12-29 12:41:27,-0.147776306
1_8,matched,1339 CE-03-06 12:26:41,1339 CE-03-06 12:26:41,0.198148191
1_8,matched,1339 CE-03-27 02:47:16,1339 CE-03-27 02:47:16,-0.320175290
1_8,matched,1339 CE-06-02 20:53:05,1339 CE-06-02 20:53:05,0.035445392
1_8,matched,1339 CE-06-22 16:59:05,1339 CE-06-22 16:59:05,-0.130636990
1_8,matched,1339 CE-08-30 05:19:47,1339 CE-08-30 05:19:47,0.226673484
1_8,matched,1339 CE-09-18 07:06:20,1339 CE-09-18 07:06:20,0.115670264
1_8,matched,1339 CE-11-26 13:47:02,1339 CE-11-26 13:47:02,0.403779745
1_8,matched,1339 CE-12-14 21:13:52,1339 CE-12-14 21:13:52,-0.280062854
1_8,matched,1340 CE-02-22 22:16:49,1340 CE-02-22 22:16:49,-0.379559398
1_8,matched,1340 CE-03-11 11:18:57,1340 CE-03-11 11:18:57,-0.232949853
1_8,matched,1340 CE-05-21 06:51:30,1340 CE-05-21 06:51:30,0.141097605
1_8,matched,1340 CE-06-07 01:20:29,1340 CE-06-07 01:20:29,-0.222690403
1_8,matched,1340 CE-08-17 15:32:28,1340 CE-08-17 15:32:28,0.024501979
1_8,matched,1340 CE-09-02 15:12:49,1340 CE-09-02 15:12:49,0.210218132
1_8,matched,1340 CE-11-14 00:29:05,1340 CE-11-14 00:29:05,-0.413998961
1_8,matched,1340 CE-11-29 04:48:11,1340 CE-11-29 04:48:11,-0.210459530
1_8,matched,1341 CE-02-10 09:42:21,1341 CE-02-10 09:42:21,-0.089880824
1_8,matched,1341 CE-02-24 18:08:14,1341 CE-02-24 18:08:14,0.483964384
1_8,matched,1341 CE-05-09 19:18:37,1341 CE-05-09 19:18:37,-0.413475931
1_8,matched,1341 CE-05-23 07:06:36,1341 CE-05-23 07:06:36,-0.250692666
1_8,matched,1341 CE-08-06 05:27:54,1341 CE-08-06 05:27:54,-0.358517468
1_8,matched,1341 CE-08-18 19:31:10,1341 CE-08-18 19:31:10,-0.244577229
1_8,matched,1341 CE-11-02 16:16:05,1341 CE-11-02 16:16:05,-0.356385112
1_8,matched,1341 CE-11-14 07:14:28,1341 CE-11-14 07:14:28,0.319692492
1_8,matched,1342 CE-01-30 04:02:22,1342 CE-01-30 04:02:22,-0.272016227
1_8,matched,1342 CE-02-09 17:59:10,1342 CE-02-09 17:59:10,-0.076282024
1_8,matched,1342 CE-04-28 17:04:20,1342 CE-04-28 17:04:20,-0.067833066
1_8,matched,1342 CE-05-08 03:29:22,1342 CE-05-08 03:29:23,0.508345664
1_8,matched,1342 CE-07-26 08:03:30,1342 CE-07-26 08:03:30,0.314864516
1_8,matched,1342 CE-08-03 11:06:03,1342 CE-08-03 11:06:02,-0.549705327
1_8,matched,1342 CE-10-23 02:12:34,1342 CE-10-23 02:12:35,0.606796145
1_8,matched,1342 CE-10-29 15:29:01,1342 CE-10-29 15:29:01,-0.187566876
1_8,matched,1343 CE-01-20 02:42:38,1343 CE-01-20 02:42:38,0.033071637
1_8,matched,1343 CE-01-24 13:29:35,1343 CE-01-24 13:29:35,-0.034117699
1_8,matched,1433 CE-11-08 05:14:38,1433 CE-11-08 05:14:38,0.377829373
1_8,matched,1433 CE-11-11 12:03:03,1433 CE-11-11 12:03:03,0.307662785
1_8,matched,1434 CE-02-02 14:50:03,1434 CE-02-02 14:50:03,0.211666524
1_8,matched,1434 CE-02-09 00:56:17,1434 CE-02-09 00:56:17,-0.258176029
1_8,matched,1434 CE-04-30 13:44:17,1434 CE-04-30 13:44:17,-0.201165676
1_8,matched,1434 CE-05-09 00:31:08,1434 CE-05-09 00:31:08,-0.462520123
1_8,matched,1434 CE-07-26 17:35:35,1434 CE-07-26 17:35:35,0.130315125
1_8,matched,1434 CE-08-05 19:11:20,1434 CE-08-05 19:11:20,-0.406555831
1_8,matched,1434 CE-10-22 00:17:03,1434 CE-10-22 00:17:03,0.462681055
1_8,matched,1434 CE-11-02 11:03:10,1434 CE-11-02 11:03:10,0.012592971
1_8,matched,1435 CE-01-17 08:51:08,1435 CE-01-17 08:51:08,0.233955681
1_8,matched,1435 CE-01-30 00:58:48,1435 CE-01-30 00:58:48,-0.233352184
1_8,matched,1435 CE-04-14 18:52:56,1435 CE-04-14 18:52:56,-0.013719499
1_8,matched,1435 CE-04-28 13:24:18,1435 CE-04-28 13:24:18,0.260630250
1_8,matched,1435 CE-07-11 06:03:45,1435 CE-07-11 06:03:45,0.317479670
1_8,matched,1435 CE-07-26 00:44:11,1435 CE-07-26 00:44:11,0.415608287
1_8,matched,1435 CE-10-06 18:02:53,1435 CE-10-06 18:02:53,0.265216827
1_8,matched,1435 CE-10-22 11:16:08,1435 CE-10-22 11:16:08,0.432063639
1_8,matched,1436 CE-01-02 06:45:25,1436 CE-01-02 06:45:25,-0.382094085
1_8,matched,1436 CE-01-18 21:04:52,1436 CE-01-18 21:04:52,0.182980299
1_8,matched,1436 CE-03-29 20:03:40,1436 CE-03-29 20:03:40,0.303035975
1_8,matched,1436 CE-04-16 06:15:28,1436 CE-04-16 06:15:28,-0.277045369
1_8,matched,1436 CE-06-25 09:54:22,1436 CE-06-25 09:54:22,-0.227075815
1_8,matched,1436 CE-07-13 14:54:40,1436 CE-07-13 14:54:40,0.396779180
1_8,matched,1436 CE-09-21 00:11:23,1436 CE-09-21 00:11:23,-0.399193168
1_8,matched,1436 CE-10-09 23:09:40,1436 CE-10-09 23:09:40,0.448840857
1_8,matched,1436 CE-12-17 14:46:19,1436 CE-12-17 14:46:19,-0.436690450
1_8,matched,1437 CE-01-06 07:07:42,1437 CE-01-06 07:07:42,-0.092375278
1_8,matched,1437 CE-03-15 05:39:47,1437 CE-03-15 05:39:47,0.386881828
1_8,matched,1437 CE-04-04 14:44:40,1437 CE-04-04 14:44:40,-0.449725986
1_8,matched,1437 CE-06-10 20:48:43,1437 CE-06-10 20:48:43,0.431138277
1_8,matched,1437 CE-07-01 22:08:02,1437 CE-07-01 22:08:02,0.469882786
1_8,matched,1437 CE-09-06 12:07:38,1437 CE-09-06 12:07:38,-0.140655041
1_8,matched,1437 CE-09-28 05:21:05,1437 CE-09-28 05:21:05,0.047676265
1_8,matched,1437 CE-12-03 03:37:12,1437 CE-12-03 03:37:12,0.034318864
1_8,matched,1437 CE-12-25 12:28:20,1437 CE-12-25 12:28:20,-0.012995303
1_8,matched,1438 CE-02-28 19:09:46,1438 CE-02-28 19:09:46,0.223414600
1_8,matched,1438 CE-03-23 19:30:32,1438 CE-03-23 19:30:32,-0.126171112
1_8,matched,1438 CE-05-27 10:47:05,1438 CE-05-27 10:47:05,0.481992960
1_8,matched,1438 CE-06-20 02:26:56,1438 CE-06-20 02:26:56,0.178192556
1_8,matched,1438 CE-08-23 02:24:51,1438 CE-08-23 02:24:51,0.000523031
1_8,matched,1438 CE-09-16 09:24:09,1438 CE-09-16 09:24:09,0.031341612
1_8,matched,1438 CE-11-18 17:59:23,1438 CE-11-18 17:59:23,-0.165559351
1_8,matched,1438 CE-12-13 16:25:54,1438 CE-12-13 16:25:54,0.065016747
1_8,matched,1439 CE-02-14 09:33:44,1439 CE-02-14 09:33:44,0.457611680
1_8,matched,1439 CE-03-11 23:32:13,1439 CE-03-11 23:32:13,-0.300581753
1_8,matched,1439 CE-05-13 01:00:10,1439 CE-05-13 01:00:10,-0.400520861
1_8,matched,1439 CE-06-08 06:43:56,1439 CE-06-08 06:43:56,0.283120573
1_8,matched,1439 CE-08-08 16:18:25,1439 CE-08-08 16:18:25,0.044175982
1_8,matched,1439 CE-09-04 14:02:20,1439 CE-09-04 14:02:20,0.411021709
1_8,matched,1439 CE-11-04 07:26:17,1439 CE-11-04 07:26:17,-0.109474361
1_8,matched,1439 CE-12-01 21:33:07,1439 CE-12-01 21:33:07,0.154253840
1_8,matched,1440 CE-01-30 22:22:01,1440 CE-01-30 22:22:01,0.014805794
1_8,matched,1440 CE-02-28 05:17:02,1440 CE-02-28 05:17:02,0.301145017
1_8,matched,1440 CE-04-27 13:08:45,1440 CE-04-27 13:08:45,-0.375656784
1_8,matched,1440 CE-05-26 13:12:58,1440 CE-05-26 13:12:58,-0.023375452
1_8,matched,1440 CE-07-24 03:39:41,1440 CE-07-24 03:39:41,0.068999827
1_8,matched,1440 CE-08-22 21:23:07,1440 CE-08-22 21:23:07,0.085414946
1_8,matched,1440 CE-10-19 17:53:52,1440 CE-10-19 17:53:52,0.109434128
1_8,matched,1440 CE-11-19 05:48:18,1440 CE-11-19 05:48:18,-0.263848901
1_8,matched,1441 CE-01-15 07:53:31,1441 CE-01-15 07:53:31,0.408366323
1_8,matched,1441 CE-02-15 14:30:06,1441 CE-02-15 14:30:06,-0.290322304
1_8,matched,1441 CE-04-12 21:37:20,1441 CE-04-12 21:37:20,0.370426476
1_8,matched,1441 CE-05-14 23:28:33,1441 CE-05-14 23:28:33,-0.301949680
1_8,matched,1441 CE-07-09 11:07:30,1441 CE-07-09 11:07:30,-0.352402031
1_8,matched,1441 CE-08-11 08:42:29,1441 CE-08-11 08:42:29,0.121061504
1_8,matched,1441 CE-10-05 00:19:00,1441 CE-10-05 00:18:59,-0.137315691
1_8,matched,1441 CE-11-07 18:13:47,1441 CE-11-07 18:13:47,0.031583011
1_8,matched,1441 CE-12-31 13:13:40,1441 CE-12-31 13:13:40,0.277970731
1_8,matched,1442 CE-02-04 04:00:30,1442 CE-02-04 04:00:30,-0.469520688
1_8,matched,1442 CE-03-29 01:56:35,1442 CE-03-29 01:56:35,0.079379976
1_8,matched,1442 CE-05-03 14:00:50,1442 CE-05-03 14:00:50,-0.051820278
1_8,matched,1442 CE-06-24 14:26:17,1442 CE-06-24 14:26:17,-0.086742640
1_8,matched,1442 CE-07-31 00:16:36,1442 CE-07-31 00:16:36,-0.027157366
1_8,matched,1442 CE-09-20 02:42:23,1442 CE-09-20 02:42:23,0.392755866
1_8,matched,1442 CE-10-27 10:43:22,1442 CE-10-27 10:43:22,-0.143270195
1_8,matched,1442 CE-12-16 14:45:54,1442 CE-12-16 14:45:54,0.358034670
1_8,matched,1443 CE-01-23 21:23:04,1443 CE-01-23 21:23:04,0.326089561
1_8,matched,1443 CE-03-14 02:38:49,1443 CE-03-14 02:38:49,-0.257813931
1_8,matched,1443 CE-04-22 08:10:56,1443 CE-04-22 08:10:56,0.069241226
1_8,matched,1443 CE-06-09 14:28:10,1443 CE-06-09 14:28:10,0.326210260
1_8,matched,1443 CE-07-19 19:07:35,1443 CE-07-19 19:07:35,-0.055843592
1_8,matched,1443 CE-09-05 02:07:56,1443 CE-09-05 02:07:56,0.353085995
1_8,matched,1443 CE-10-16 06:11:48,1443 CE-10-16 06:11:48,0.361374021
1_8,matched,1443 CE-12-01 13:40:49,1443 CE-12-01 13:40:49,0.283442438
1_8,matched,1444 CE-01-12 17:19:20,1444 CE-01-12 17:19:20,-0.083202124
1_8,matched,1444 CE-02-27 01:10:36,1444 CE-02-27 01:10:36,0.170508027
1_8,matched,1444 CE-04-10 04:29:22,1444 CE-04-10 04:29:22,0.418625772
1_8,matched,1444 CE-05-24 12:39:24,1444 CE-05-24 12:39:24,0.361414254
1_8,matched,1444 CE-07-07 15:40:28,1444 CE-07-07 15:40:28,0.303237140
1_8,matched,1444 CE-08-20 00:11:02,1444 CE-08-20 00:11:02,0.055159628
1_8,matched,1444 CE-10-04 02:52:37,1444 CE-10-04 02:52:37,0.344596803
1_8,matched,1444 CE-11-15 11:40:08,1444 CE-11-15 11:40:08,0.441075861
1_8,matched,1444 CE-12-31 14:03:52,1444 CE-12-31 14:03:52,-0.004586577
1_8,matched,1445 CE-02-10 23:10:08,1445 CE-02-10 23:10:08,-0.127016008
1_8,matched,1445 CE-03-30 01:08:27,1445 CE-03-30 01:08:27,0.450047851
1_8,matched,1445 CE-05-09 10:47:17,1445 CE-05-09 10:47:17,-0.056688488
1_8,matched,1445 CE-06-26 12:07:38,1445 CE-06-26 12:07:38,0.250008702
1_8,matched,1445 CE-08-04 22:28:52,1445 CE-08-04 22:28:52,0.145643950
1_8,matched,1445 CE-09-22 23:02:22,1445 CE-09-22 23:02:22,-0.142545998
1_8,matched,1445 CE-10-31 10:19:11,1445 CE-10-31 10:19:12,0.515668094
1_8,matched,1445 CE-12-20 09:50:17,1445 CE-12-20 09:50:17,0.448518991
1_8,matched,1446 CE-01-26 22:14:10,1446 CE-01-26 22:14:10,0.234116614
1_8,matched,1446 CE-03-18 20:28:50,1446 CE-03-18 20:28:50,-0.336268544
1_8,matched,1446 CE-04-24 10:18:16,1446 CE-04-24 10:18:16,0.112451613
1_8,matched,1446 CE-06-15 06:53:41,1446 CE-06-15 06:53:41,0.025306642
1_8,matched,1446 CE-07-20 22:35:16,1446 CE-07-20 22:35:16,-0.384347141
1_8,matched,1446 CE-09-11 17:09:03,1446 CE-09-11 17:09:03,0.112290680
1_8,matched,1446 CE-10-16 11:01:12,1446 CE-10-16 11:01:12,0.038301945
1_8,matched,1446 CE-12-09 03:15:23,1446 CE-12-09 03:15:23,0.186520815
1_8,matched,1447 CE-01-11 23:39:31,1447 CE-01-11 23:39:31,0.341659784
1_8,matched,1447 CE-03-07 13:06:47,1447 CE-03-07 13:06:47,-0.197423995
1_8,matched,1447 CE-04-09 12:30:27,1447 CE-04-09 12:30:27,-0.009173155
1_8,matched,1447 CE-06-03 22:43:54,1447 CE-06-03 22:43:54,-0.115710497
1_8,matched,1447 CE-07-06 01:34:00,1447 CE-07-06 01:33:59,-0.229650736
1_8,matched,1447 CE-08-31 08:06:35,1447 CE-08-31 08:06:35,-0.428684056
1_8,matched,1447 CE-10-01 14:52:49,1447 CE-10-01 14:52:49,0.470164418
1_8,matched,1447 CE-11-27 17:17:27,1447 CE-11-27 17:17:27,-0.311645865
1_8,matched,1447 CE-12-28 04:23:07,1447 CE-12-28 04:23:07,0.336670876
1_8,matched,1448 CE-02-24 02:15:14,1448 CE-02-24 02:15:14,-0.374409556
1_8,matched,1448 CE-03-24 18:08:50,1448 CE-03-24 18:08:50,-0.217500329
1_8,matched,1448 CE-05-22 10:53:00,1448 CE-05-22 10:52:59,-0.025708973
1_8,matched,1448 CE-06-20 08:11:16,1448 CE-06-20 08:11:16,0.420033932
1_8,matched,1448 CE-08-18 19:18:26,1448 CE-08-18 19:18:26,-0.001327693
1_8,matched,1448 CE-09-15 22:24:31,1448 CE-09-15 22:24:31,-0.160610676
1_8,matched,1448 CE-11-15 03:31:27,1448 CE-11-15 03:31:27,-0.389496982
1_8,matched,1448 CE-12-12 12:52:01,1448 CE-12-12 12:52:01,0.028002262
1_8,matched,1449 CE-02-11 11:33:54,1449 CE-02-11 11:33:54,-0.201527774
1_8,matched,1449 CE-03-10 03:30:52,1449 CE-03-10 03:30:52,0.267349184
1_8,matched,1449 CE-05-10 19:22:39,1449 CE-05-10 19:22:39,0.133694708
1_8,matched,1449 CE-06-05 18:22:41,1449 CE-06-05 18:22:41,-0.389778614
1_8,matched,1449 CE-08-07 02:57:00,1449 CE-08-07 02:56:59,-0.451858342
1_8,matched,1449 CE-09-01 09:25:39,1449 CE-09-01 09:25:40,0.532807410
1_8,matched,1449 CE-11-03 10:26:11,1449 CE-11-03 10:26:11,-0.040273368
1_8,matched,1449 CE-11-28 00:31:57,1449 CE-11-28 00:31:57,-0.442403555
1_8,matched,1450 CE-01-30 17:51:10,1450 CE-01-30 17:51:10,0.168174505
1_8,matched,1450 CE-02-23 15:46:56,1450 CE-02-23 15:46:55,-0.884766877
1_8,matched,1450 CE-04-29 01:10:53,1450 CE-04-29 01:10:54,0.580242276
1_8,matched,1450 CE-05-22 07:06:16,1450 CE-05-22 07:06:17,0.887261331
1_8,matched,1450 CE-07-26 08:29:09,1450 CE-07-26 08:29:09,0.355701149
1_8,matched,1450 CE-08-17 22:22:53,1450 CE-08-17 22:22:54,0.653627515
1_8,matched,1450 CE-10-22 15:49:24,1450 CE-10-22 15:49:24,-0.126010180
1_8,matched,1450 CE-11-13 13:35:15,1450 CE-11-13 13:35:16,0.686860085
1_8,matched,1451 CE-01-18 23:21:55,1451 CE-01-18 23:21:54,-0.798748434
1_8,matched,1451 CE-02-09 04:34:34,1451 CE-02-09 04:34:34,-0.248318911
1_8,matched,1451 CE-04-17 07:06:56,1451 CE-04-17 07:06:55,-0.884686410
1_8,matched,1451 CE-05-07 19:26:29,1451 CE-05-07 19:26:28,-0.735180080
1_8,matched,1451 CE-07-14 15:07:00,1451 CE-07-14 15:07:00,0.387324393
1_8,matched,1451 CE-08-03 09:57:46,1451 CE-08-03 09:57:46,-0.046469271
1_8,matched,1451 CE-10-10 23:36:19,1451 CE-10-10 23:36:20,0.909027457
1_8,matched,1451 CE-10-29 23:56:24,1451 CE-10-29 23:56:25,1.162335277
1_8,matched,1452 CE-01-07 08:39:36,1452 CE-01-07 08:39:37,0.618946552
1_8,matched,1452 CE-01-25 13:20:55,1452 CE-01-25 13:20:55,0.332285464
1_8,matched,1452 CE-04-04 18:26:50,1452 CE-04-04 18:26:50,-0.346447527
1_8,matched,1452 CE-04-22 02:01:44,1452 CE-04-22 02:01:43,-0.667910278
1_8,matched,1452 CE-07-02 05:06:53,1452 CE-07-02 05:06:53,-0.367932022
1_8,matched,1452 CE-07-18 13:51:11,1452 CE-07-18 13:51:11,-0.418706238
1_8,matched,1452 CE-09-28 16:54:24,1452 CE-09-28 16:54:25,0.520174205
1_8,matched,1452 CE-10-14 00:28:24,1452 CE-10-14 00:28:25,1.153282821
1_8,matched,1452 CE-12-26 06:18:58,1452 CE-12-26 06:18:59,0.702470541
1_8,matched,1453 CE-01-09 09:26:50,1453 CE-01-09 09:26:50,-0.230777264
1_8,matched,1453 CE-03-24 21:38:31,1453 CE-03-24 21:38:30,-0.846867263
1_8,matched,1453 CE-04-06 16:32:59,1453 CE-04-06 16:32:59,-0.164553523
1_8,matched,1453 CE-06-21 15:37:11,1453 CE-06-21 15:37:11,0.408607721
1_8,matched,1453 CE-07-02 20:59:14,1453 CE-07-02 20:59:15,0.588892400
1_8,matched,1453 CE-09-18 13:42:00,1453 CE-09-18 13:41:59,-0.470888615
1_8,matched,1453 CE-09-27 21:20:38,1453 CE-09-27 21:20:37,-1.173198223
1_8,matched,1453 CE-12-16 19:10:26,1453 CE-12-16 19:10:27,0.654271245
1_8,matched,1453 CE-12-23 14:15:24,1453 CE-12-23 14:15:25,0.502431393
1_8,matched,1454 CE-03-17 04:20:16,1454 CE-03-17 04:20:18,2.286730707
1_8,matched,1454 CE-03-19 03:29:37,1454 CE-03-19 03:29:34,-2.563293278
1_8,matched,1598 CE-05-19 21:46:34,1598 CE-05-19 21:47:31,57.488483191
1_8,matched,1598 CE-05-21 22:52:23,1598 CE-05-21 22:51:26,-57.371002436
1_8,matched,1598 CE-08-13 19:19:16,1598 CE-08-13 19:19:31,15.147534013
1_8,matched,1598 CE-08-19 23:52:10,1598 CE-08-19 23:51:54,-16.117997468
1_8,matched,1598 CE-11-08 14:33:58,1598 CE-11-08 14:33:53,-5.281081796
1_8,matched,1598 CE-11-17 03:10:14,1598 CE-11-17 03:10:23,9.232820570
1_8,matched,1599 CE-02-03 16:00:14,1599 CE-02-03 16:00:19,5.042620003
1_8,matched,1599 CE-02-14 00:18:47,1599 CE-02-14 00:18:41,-5.953940749
1_8,matched,1599 CE-05-01 20:45:43,1599 CE-05-01 20:45:39,-3.821061552
1_8,matched,1599 CE-05-13 18:03:27,1599 CE-05-13 18:03:28,0.910516083
1_8,matched,1599 CE-07-28 03:46:01,1599 CE-07-28 03:46:02,0.925965607
1_8,matched,1599 CE-08-10 09:32:37,1599 CE-08-10 09:32:40,2.957457304
1_8,matched,1599 CE-10-23 12:22:09,1599 CE-10-23 12:22:11,2.028594911
1_8,matched,1599 CE-11-06 23:26:28,1599 CE-11-06 23:26:27,-1.408280432
1_8,matched,1600 CE-01-18 22:11:54,1600 CE-01-18 22:11:53,-0.692452490
1_8,matched,1600 CE-02-03 12:07:38,1600 CE-02-03 12:07:36,-1.737266779
1_8,matched,1600 CE-04-15 09:05:31,1600 CE-04-15 09:05:29,-1.542457938
1_8,matched,1600 CE-05-01 23:43:25,1600 CE-05-01 23:43:25,-0.368133187
1_8,matched,1600 CE-07-11 20:51:18,1600 CE-07-11 20:51:18,0.404302776
1_8,matched,1600 CE-07-29 10:26:51,1600 CE-07-29 10:26:52,1.339843869
1_8,matched,1600 CE-10-07 09:20:16,1600 CE-10-07 09:20:17,1.438978314
1_8,matched,1600 CE-10-25 20:25:07,1600 CE-10-25 20:25:09,1.504276693
1_8,matched,1601 CE-01-02 22:30:08,1601 CE-01-02 22:30:09,1.102669537
1_8,matched,1601 CE-01-22 05:45:22,1601 CE-01-22 05:45:22,0.096639991
1_8,matched,1601 CE-03-31 12:12:53,1601 CE-03-31 12:12:52,-0.995287299
1_8,matched,1601 CE-04-20 14:31:49,1601 CE-04-20 14:31:48,-0.661593676
1_8,matched,1601 CE-06-27 02:28:10,1601 CE-06-27 02:28:08,-1.967158914
1_8,matched,1601 CE-07-17 22:45:24,1601 CE-07-17 22:45:23,-1.327371597
1_8,matched,1601 CE-09-22 17:08:56,1601 CE-09-22 17:08:56,-0.103358924
1_8,matched,1601 CE-10-14 06:32:41,1601 CE-10-14 06:32:41,-0.163426995
1_8,matched,1601 CE-12-19 08:13:21,1601 CE-12-19 08:13:23,1.582650840
1_8,matched,1602 CE-01-10 13:56:34,1602 CE-01-10 13:56:35,1.187521219
1_8,matched,1602 CE-03-16 23:43:53,1602 CE-03-16 23:43:55,1.734893024
1_8,matched,1602 CE-04-08 20:57:39,1602 CE-04-08 20:57:40,1.452858746
1_8,matched,1602 CE-06-12 15:32:40,1602 CE-06-12 15:32:40,0.305570662
1_8,matched,1602 CE-07-06 03:40:15,1602 CE-07-06 03:40:16,1.152397692
1_8,matched,1602 CE-09-08 07:37:57,1602 CE-09-08 07:37:55,-1.505966485
1_8,matched,1602 CE-10-02 10:03:45,1602 CE-10-02 10:03:45,-0.387525558
1_8,matched,1602 CE-12-04 23:57:13,1602 CE-12-04 23:57:11,-2.011495829
1_8,matched,1602 CE-12-29 16:14:42,1602 CE-12-29 16:14:41,-1.059941947
1_8,matched,1603 CE-03-02 16:29:20,1603 CE-03-02 16:29:19,-1.098525524
1_8,matched,1603 CE-03-27 22:12:52,1603 CE-03-27 22:12:50,-1.588082314
1_8,matched,1603 CE-05-29 09:17:21,1603 CE-05-29 09:17:22,1.163582504
1_8,matched,1603 CE-06-24 04:00:46,1603 CE-06-24 04:00:45,-1.282230020
1_8,matched,1603 CE-08-25 02:10:36,1603 CE-08-25 02:10:39,2.528049052
1_8,matched,1603 CE-09-20 09:40:38,1603 CE-09-20 09:40:37,-0.673985481
1_8,matched,1603 CE-11-20 19:08:53,1603 CE-11-20 19:08:54,1.377220452
1_8,matched,1603 CE-12-17 15:13:33,1603 CE-12-17 15:13:34,0.980924070
1_8,matched,1604 CE-02-16 12:12:29,1604 CE-02-16 12:12:29,0.293178856
1_8,matched,1604 CE-03-14 20:42:25,1604 CE-03-14 20:42:27,1.864846051
1_8,matched,1604 CE-05-14 05:19:25,1604 CE-05-14 05:19:24,-1.371024549
1_8,matched,1604 CE-06-11 02:09:34,1604 CE-06-11 02:09:36,2.416361868
1_8,matched,1604 CE-08-09 22:29:42,1604 CE-08-09 22:29:40,-2.232174575
1_8,matched,1604 CE-09-07 07:37:33,1604 CE-09-07 07:37:34,1.412987709
1_8,matched,1604 CE-11-05 15:33:58,1604 CE-11-05 15:33:57,-1.304800808
1_8,matched,1604 CE-12-04 13:08:48,1604 CE-12-04 13:08:48,0.143752992
1_8,matched,1605 CE-02-01 08:33:26,1605 CE-02-01 08:33:26,0.384065509
1_8,matched,1605 CE-03-02 18:43:00,1605 CE-03-02 18:42:58,-2.096347511
1_8,matched,1605 CE-04-30 01:29:28,1605 CE-04-30 01:29:30,2.377255261
1_8,matched,1605 CE-05-30 00:22:35,1605 CE-05-30 00:22:33,-2.287213504
1_8,matched,1605 CE-07-26 18:17:53,1605 CE-07-26 18:17:54,1.483798027
1_8,matched,1605 CE-08-26 06:12:56,1605 CE-08-26 06:12:55,-1.385588944
1_8,matched,1605 CE-10-22 10:56:10,1605 CE-10-22 10:56:10,-0.230294466
1_8,matched,1605 CE-11-22 12:13:29,1605 CE-11-22 12:13:29,0.260227919
1_8,matched,1606 CE-01-18 03:20:53,1606 CE-01-18 03:20:51,-1.519766450
1_8,matched,1606 CE-02-18 18:26:43,1606 CE-02-18 18:26:45,1.812341809
1_8,matched,1606 CE-04-15 19:32:42,1606 CE-04-15 19:32:40,-1.797857881
1_8,matched,1606 CE-05-18 00:51:11,1606 CE-05-18 00:51:13,1.852615178
1_8,matched,1606 CE-07-12 11:33:49,1606 CE-07-12 11:33:49,-0.358678401
1_8,matched,1606 CE-08-14 07:31:31,1606 CE-08-14 07:31:32,1.092490554
1_8,matched,1606 CE-10-08 03:16:31,1606 CE-10-08 03:16:32,1.444852352
1_8,matched,1606 CE-11-10 14:30:45,1606 CE-11-10 14:30:45,-0.446949899
1_8,matched,1607 CE-01-03 18:41:45,1607 CE-01-03 18:41:47,1.708580554
1_8,matched,1607 CE-02-06 21:45:55,1607 CE-02-06 21:45:54,-1.403291523
1_8,matched,1607 CE-04-01 09:49:45,1607 CE-04-01 09:49:45,-0.098852813
1_8,matched,1607 CE-05-06 05:18:05,1607 CE-05-06 05:18:04,-1.214396954
1_8,matched,1607 CE-06-28 00:41:10,1607 CE-06-28 00:41:08,-1.657886803
1_8,matched,1607 CE-08-02 13:08:22,1607 CE-08-02 13:08:22,0.256204605
1_8,matched,1607 CE-09-23 15:16:52,1607 CE-09-23 15:16:51,-0.643649697
1_8,matched,1607 CE-10-29 21:18:18,1607 CE-10-29 21:18:20,1.954847574
1_8,matched,1607 CE-12-20 05:32:03,1607 CE-12-20 05:32:04,0.991384685
1_8,matched,1608 CE-01-26 05:47:58,1608 CE-01-26 05:47:59,1.631332934
1_8,matched,1608 CE-03-16 19:29:51,1608 CE-03-16 19:29:52,1.214034855
1_8,matched,1608 CE-04-23 14:31:07,1608 CE-04-23 14:31:07,-0.454513729
1_8,matched,1608 CE-06-12 09:13:49,1608 CE-06-12 09:13:49,0.011748075
1_8,matched,1608 CE-07-20 23:31:02,1608 CE-07-20 23:31:00,-1.614877582
1_8,matched,1608 CE-09-07 22:40:55,1608 CE-09-07 22:40:53,-2.023766935
1_8,matched,1608 CE-10-17 08:47:41,1608 CE-10-17 08:47:40,-1.230128109
1_8,matched,1608 CE-12-04 11:56:12,1608 CE-12-04 11:56:12,-0.425706804
1_8,matched,1609 CE-01-13 18:20:43,1609 CE-01-13 18:20:44,0.679336488
1_8,matched,1609 CE-03-02 00:55:42,1609 CE-03-02 00:55:44,1.771947742
1_8,matched,1609 CE-04-12 04:05:02,1609 CE-04-12 04:05:03,0.862839818
1_8,matched,1609 CE-05-28 13:44:49,1609 CE-05-28 13:44:50,0.763785839
1_8,matched,1609 CE-07-09 13:57:05,1609 CE-07-09 13:57:05,-0.165157020
1_8,matched,1609 CE-08-24 02:25:16,1609 CE-08-24 02:25:15,-1.410976052
1_8,matched,1609 CE-10-05 23:59:37,1609 CE-10-05 23:59:36,-1.498523355
1_8,matched,1609 CE-11-19 14:55:37,1609 CE-11-19 14:55:36,-0.537876785
1_8,matched,1610 CE-01-02 10:12:20,1610 CE-01-02 10:12:19,-0.849281251
1_8,matched,1610 CE-02-15 03:21:58,1610 CE-02-15 03:21:59,1.462192833
1_8,matched,1610 CE-03-31 20:29:43,1610 CE-03-31 20:29:44,1.478809118
1_8,matched,1610 CE-05-13 15:42:53,1610 CE-05-13 15:42:54,1.050809026
1_8,matched,1610 CE-06-28 06:49:21,1610 CE-06-28 06:49:22,0.722225010
1_8,matched,1610 CE-08-09 03:59:49,1610 CE-08-09 03:59:48,-1.190015674
1_8,matched,1610 CE-09-24 17:10:13,1610 CE-09-24 17:10:13,-0.378714502
1_8,matched,1610 CE-11-04 16:15:50,1610 CE-11-04 16:15:49,-0.552722812
1_8,matched,1610 CE-12-22 03:33:47,1610 CE-12-22 03:33:46,-0.724960864
1_8,matched,1611 CE-01-31 04:30:04,1611 CE-01-31 04:30:05,1.337470114
1_8,matched,1611 CE-03-20 13:57:35,1611 CE-03-20 13:57:36,0.622285903
1_8,matched,1611 CE-04-28 16:49:03,1611 CE-04-28 16:49:04,1.121015847
1_8,matched,1611 CE-06-17 00:14:41,1611 CE-06-17 00:14:42,0.913292170
1_8,matched,1611 CE-07-25 05:11:10,1611 CE-07-25 05:11:10,-0.300098956
1_8,matched,1611 CE-09-13 10:28:51,1611 CE-09-13 10:28:51,-0.078696012
1_8,matched,1611 CE-10-20 17:35:13,1611 CE-10-20 17:35:12,-1.181285083
1_8,matched,1611 CE-12-10 20:37:49,1611 CE-12-10 20:37:48,-0.644494593
1_8,matched,1612 CE-01-16 06:06:10,1612 CE-01-16 06:06:10,0.213114917
1_8,matched,1612 CE-03-08 06:41:03,1612 CE-03-08 06:41:02,-0.642563403
1_8,matched,1612 CE-04-12 18:44:17,1612 CE-04-12 18:44:18,1.141051948
1_8,matched,1612 CE-06-04 16:35:12,1612 CE-06-04 16:35:13,0.850327313
1_8,matched,1612 CE-07-09 07:32:45,1612 CE-07-09 07:32:45,-0.294747949
1_8,matched,1612 CE-09-01 02:17:34,1612 CE-09-01 02:17:35,1.271286607
1_8,matched,1612 CE-10-04 20:29:45,1612 CE-10-04 20:29:44,-0.539124012
1_8,matched,1612 CE-11-28 11:52:35,1612 CE-11-28 11:52:35,0.081230700
1_8,matched,1612 CE-12-31 09:33:20,1612 CE-12-31 09:33:20,-0.220035017
1_8,matched,1613 CE-02-24 21:17:19,1613 CE-02-24 21:17:18,-0.921741128
1_8,matched,1613 CE-03-28 22:51:18,1613 CE-03-28 22:51:18,0.487786531
1_8,matched,1613 CE-05-24 06:29:11,1613 CE-05-24 06:29:11,-0.342866778
1_8,matched,1613 CE-06-24 12:22:21,1613 CE-06-24 12:22:21,-0.097203255
1_8,matched,1613 CE-08-20 15:28:38,1613 CE-08-20 15:28:39,0.515829027
1_8,matched,1613 CE-09-20 02:04:24,1613 CE-09-20 02:04:23,-1.304841042
1_8,matched,1613 CE-11-17 00:13:17,1613 CE-11-17 00:13:18,0.655357540
1_8,matched,1613 CE-12-16 15:58:44,1613 CE-12-16 15:58:44,-0.096479058
1_8,matched,1614 CE-02-13 08:47:41,1614 CE-02-13 08:47:42,0.886657834
1_8,matched,1614 CE-03-14 06:03:42,1614 CE-03-14 06:03:42,0.491246581
1_8,matched,1614 CE-05-12 17:07:39,1614 CE-05-12 17:07:39,-0.223937631
1_8,matched,1614 CE-06-09 20:27:58,1614 CE-06-09 20:27:59,0.600479543
1_8,matched,1614 CE-08-09 01:14:16,1614 CE-08-09 01:14:15,-1.392589509
1_8,matched,1614 CE-09-05 11:03:06,1614 CE-09-05 11:03:07,0.521220267
1_8,matched,1614 CE-11-05 09:09:39,1614 CE-11-05 09:09:39,-0.497241318
1_8,matched,1614 CE-12-02 01:46:31,1614 CE-12-02 01:46:30,-0.647471845
1_8,matched,1615 CE-02-01 16:52:04,1615 CE-02-01 16:52:05,0.624056160
1_8,matched,1615 CE-02-27 16:42:38,1615 CE-02-27 16:42:38,-0.477004051
1_8,matched,1615 CE-05-01 00:23:20,1615 CE-05-01 00:23:21,0.556585193
1_8,matched,1615 CE-05-26 07:50:10,1615 CE-05-26 07:50:10,0.139769912
1_8,matched,1615 CE-07-28 07:44:14,1615 CE-07-28 07:44:15,0.968371332
1_8,matched,1615 CE-08-21 23:10:58,1615 CE-08-21 23:10:59,0.701907277
1_8,matched,1615 CE-10-24 14:57:06,1615 CE-10-24 14:57:05,-0.504080951
1_8,matched,1615 CE-11-17 14:35:32,1615 CE-11-17 14:35:32,0.437495112
1_8,matched,1616 CE-01-20 22:07:35,1616 CE-01-20 22:07:35,-0.433793664
1_8,matched,1616 CE-02-13 06:00:20,1616 CE-02-13 06:00:20,-0.098007917
1_8,matched,1616 CE-04-18 05:11:40,1616 CE-04-18 05:11:39,-0.865495205
1_8,matched,1616 CE-05-10 21:32:32,1616 CE-05-10 21:32:31,-1.117917895
1_8,matched,1616 CE-07-15 12:14:53,1616 CE-07-15 12:14:53,0.259020925
1_8,matched,1616 CE-08-06 13:03:09,1616 CE-08-06 13:03:08,-0.597341359
1_8,matched,1616 CE-10-11 19:24:33,1616 CE-10-11 19:24:34,0.837935507
1_8,matched,1616 CE-11-02 04:29:31,1616 CE-11-02 04:29:31,0.234156847
1_8,matched,1617 CE-01-08 02:41:57,1617 CE-01-08 02:41:58,0.652098656
1_8,matched,1617 CE-01-28 19:43:39,1617 CE-01-28 19:43:39,0.408808887
1_8,matched,1617 CE-04-06 10:14:52,1617 CE-04-06 10:14:52,0.039911270
1_8,matched,1617 CE-04-26 10:41:28,1617 CE-04-26 10:41:28,0.429770350
1_8,matched,1617 CE-07-03 18:02:39,1617 CE-07-03 18:02:39,-0.390301645
1_8,matched,1617 CE-07-23 01:23:56,1617 CE-07-23 01:23:56,-0.376823545
1_8,matched,1617 CE-09-30 02:19:01,1617 CE-09-30 02:19:00,-0.882232189
1_8,matched,1617 CE-10-18 15:36:41,1617 CE-10-18 15:36:41,-0.319571793
1_8,matched,1617 CE-12-27 11:14:02,1617 CE-12-27 11:14:02,-0.324802101
1_8,matched,1618 CE-01-14 05:10:49,1618 CE-01-14 05:10:49,0.235363841
1_8,matched,1618 CE-03-25 20:49:51,1618 CE-03-25 20:49:52,0.612750649
1_8,matched,1618 CE-04-11 18:01:46,1618 CE-04-11 18:01:46,0.102151930
1_8,matched,1618 CE-06-22 07:22:42,1618 CE-06-22 07:22:42,0.391548872
1_8,matched,1618 CE-07-08 05:53:25,1618 CE-07-08 05:53:25,0.042526424
1_8,matched,1618 CE-09-18 19:07:53,1618 CE-09-18 19:07:52,-0.520455837
1_8,matched,1618 CE-10-03 16:34:36,1618 CE-10-03 16:34:36,-0.168496370
1_8,matched,1618 CE-12-16 08:31:12,1618 CE-12-16 08:31:12,-0.112532079
1_8,matched,1618 CE-12-30 01:36:59,1618 CE-12-30 01:37:00,1.005667448
1_8,matched,1619 CE-03-15 00:01:45,1619 CE-03-15 00:01:45,0.317479670
1_8,matched,1619 CE-03-27 08:32:05,1619 CE-03-27 08:32:05,-0.220437348
1_8,matched,1619 CE-06-11 18:16:00,1619 CE-06-11 18:15:59,-0.888589025
1_8,matched,1619 CE-06-22 12:41:50,1619 CE-06-22 12:41:50,-0.499252975
1_8,matched,1619 CE-09-08 17:03:55,1619 CE-09-08 17:03:56,0.958836079
1_8,matched,1619 CE-09-17 12:16:35,1619 CE-09-17 12:16:35,0.259584188
1_8,matched,1619 CE-12-07 00:43:43,1619 CE-12-07 00:43:42,-0.995609164
1_8,matched,1619 CE-12-13 03:03:02,1619 CE-12-13 03:03:03,1.243364811
1_8,matched,1763 CE-02-14 13:37:53,1763 CE-02-14 13:37:42,-11.411726475
1_8,matched,1763 CE-02-17 08:54:20,1763 CE-02-17 08:54:38,18.336331844
1_8,matched,1763 CE-05-11 13:18:56,1763 CE-05-11 13:18:51,-5.071306229
1_8,matched,1763 CE-05-18 07:52:01,1763 CE-05-18 07:52:11,10.141485929
1_8,matched,1763 CE-08-06 07:19:32,1763 CE-08-06 07:19:30,-2.355569601
1_8,matched,1763 CE-08-15 12:27:43,1763 CE-08-15 12:27:41,-2.469952404
1_8,matched,1763 CE-11-01 07:06:05,1763 CE-11-01 07:06:06,0.628723204
1_8,matched,1763 CE-11-12 11:14:32,1763 CE-11-12 11:14:35,3.006139398
1_8,matched,1764 CE-01-27 10:04:59,1764 CE-01-27 10:04:59,0.720454752
1_8,matched,1764 CE-02-09 06:50:27,1764 CE-02-09 06:50:23,-3.586542606
1_8,matched,1764 CE-04-23 15:09:05,1764 CE-04-23 15:09:03,-2.273856103
1_8,matched,1764 CE-05-08 00:20:52,1764 CE-05-08 00:20:54,1.662795246
1_8,matched,1764 CE-07-19 21:47:19,1764 CE-07-19 21:47:21,1.518358290
1_8,matched,1764 CE-08-04 16:18:02,1764 CE-08-04 16:18:03,1.380881667
1_8,matched,1764 CE-10-15 05:33:36,1764 CE-10-15 05:33:37,1.162295043
1_8,matched,1764 CE-11-01 07:04:08,1764 CE-11-01 07:04:07,-1.227512956
1_8,matched,1765 CE-01-10 14:18:35,1765 CE-01-10 14:18:35,-0.240473449
1_8,matched,1765 CE-01-28 20:50:17,1765 CE-01-28 20:50:16,-1.187480986
1_8,matched,1765 CE-04-07 23:57:01,1765 CE-04-07 23:56:59,-1.335981488
1_8,matched,1765 CE-04-27 09:44:08,1765 CE-04-27 09:44:08,0.320175290
1_8,matched,1765 CE-07-04 10:18:02,1765 CE-07-04 10:18:03,0.948697329
1_8,matched,1765 CE-07-24 21:56:38,1765 CE-07-24 21:56:39,1.041153073
1_8,matched,1765 CE-09-29 21:16:15,1765 CE-09-29 21:16:17,1.695746183
1_8,matched,1765 CE-10-21 09:28:38,1765 CE-10-21 09:28:38,-0.182417035
1_8,matched,1765 CE-12-26 08:47:53,1765 CE-12-26 08:47:51,-1.594640315
1_8,matched,1766 CE-01-17 20:27:02,1766 CE-01-17 20:27:00,-1.848712564
1_8,matched,1766 CE-03-23 20:51:59,1766 CE-03-23 20:51:58,-1.012788713
1_8,matched,1766 CE-04-16 06:51:18,1766 CE-04-16 06:51:17,-0.849522650
1_8,matched,1766 CE-06-19 09:30:25,1766 CE-06-19 09:30:26,1.155133545
1_8,matched,1766 CE-07-13 16:46:24,1766 CE-07-13 16:46:26,1.722018421
1_8,matched,1766 CE-09-14 22:31:53,1766 CE-09-14 22:31:55,1.570782065
1_8,matched,1766 CE-10-10 02:15:53,1766 CE-10-10 02:15:54,1.481464505
1_8,matched,1766 CE-12-11 11:57:18,1766 CE-12-11 11:57:18,0.054314733
1_8,matched,1767 CE-01-06 11:18:49,1767 CE-01-06 11:18:49,0.411424041
1_8,matched,1767 CE-03-09 01:46:43,1767 CE-03-09 01:46:41,-1.843763888
1_8,matched,1767 CE-04-04 19:57:33,1767 CE-04-04 19:57:31,-1.658289135
1_8,matched,1767 CE-06-04 15:59:29,1767 CE-06-04 15:59:28,-0.644454360
1_8,matched,1767 CE-07-02 04:14:03,1767 CE-07-02 04:14:01,-1.599307358
1_8,matched,1767 CE-08-31 06:35:59,1767 CE-08-31 06:36:01,1.516748965
1_8,matched,1767 CE-09-28 12:11:23,1767 CE-09-28 12:11:23,0.276643038
1_8,matched,1767 CE-11-26 21:27:04,1767 CE-11-26 21:27:06,2.341367304
1_8,matched,1767 CE-12-25 19:50:43,1767 CE-12-25 19:50:45,1.952232420
1_8,matched,1768 CE-02-22 12:35:37,1768 CE-02-22 12:35:38,0.522708893
1_8,matched,1768 CE-03-23 03:09:26,1768 CE-03-23 03:09:27,1.412706077
1_8,matched,1768 CE-05-20 04:02:44,1768 CE-05-20 04:02:42,-2.217851579
1_8,matched,1768 CE-06-19 10:11:28,1768 CE-06-19 10:11:28,0.167369843
1_8,matched,1768 CE-08-15 19:44:22,1768 CE-08-15 19:44:20,-1.733967662
1_8,matched,1768 CE-09-15 17:00:46,1768 CE-09-15 17:00:44,-1.584340632
1_8,matched,1768 CE-11-11 11:40:31,1768 CE-11-11 11:40:31,-0.204384327
1_8,matched,1768 CE-12-12 23:38:25,1768 CE-12-12 23:38:22,-2.586346865
1_8,matched,1769 CE-02-07 03:45:33,1769 CE-02-07 03:45:35,2.013507485
1_8,matched,1769 CE-03-11 06:03:44,1769 CE-03-11 06:03:43,-1.054671407
1_8,matched,1769 CE-05-05 20:01:42,1769 CE-05-05 20:01:44,1.682549715
1_8,matched,1769 CE-06-07 12:15:55,1769 CE-06-07 12:15:54,-0.506816804
1_8,matched,1769 CE-08-01 12:28:58,1769 CE-08-01 12:28:58,0.430293381
1_8,matched,1769 CE-09-03 18:20:45,1769 CE-09-03 18:20:47,1.681905985
1_8,matched,1769 CE-10-28 05:01:10,1769 CE-10-28 05:01:08,-1.623688638
1_8,matched,1769 CE-12-01 00:21:55,1769 CE-12-01 00:21:57,1.898239553
1_8,matched,1770 CE-01-23 21:39:17,1770 CE-01-23 21:39:15,-2.099163830
1_8,matched,1770 CE-02-27 06:17:11,1770 CE-02-27 06:17:13,1.537911594
1_8,matched,1770 CE-04-21 14:20:16,1770 CE-04-21 14:20:15,-0.937472284
1_8,matched,1770 CE-05-26 12:08:16,1770 CE-05-26 12:08:16,0.339487195
1_8,matched,1770 CE-07-18 07:03:23,1770 CE-07-18 07:03:24,1.381404698
1_8,matched,1770 CE-08-22 17:58:08,1770 CE-08-22 17:58:06,-1.742255688
1_8,matched,1770 CE-10-13 23:46:53,1770 CE-10-13 23:46:54,1.466377079
1_8,matched,1770 CE-11-18 23:50:50,1770 CE-11-18 23:50:49,-1.418218017
1_8,matched,1771 CE-01-09 16:25:49,1771 CE-01-09 16:25:50,0.890198350
1_8,matched,1771 CE-02-15 05:48:56,1771 CE-02-15 05:48:55,-1.200596988
1_8,matched,1771 CE-04-07 09:01:03,1771 CE-04-07 09:01:02,-0.925120711
1_8,matched,1771 CE-05-14 11:48:21,1771 CE-05-14 11:48:21,-0.381208956
1_8,matched,1771 CE-07-04 01:31:09,1771 CE-07-04 01:31:07,-1.785586774
1_8,matched,1771 CE-08-10 17:56:05,1771 CE-08-10 17:56:06,1.196211576
1_8,matched,1771 CE-09-29 17:50:40,1771 CE-09-29 17:50:39,-0.764188170
1_8,matched,1771 CE-11-07 00:14:02,1771 CE-11-07 00:14:04,1.825980842
1_8,matched,1771 CE-12-26 10:01:41,1771 CE-12-26 10:01:41,0.319451094
1_8,matched,1772 CE-02-03 06:45:34,1772 CE-02-03 06:45:35,1.497396827
1_8,matched,1772 CE-03-23 01:58:26,1772 CE-03-23 01:58:27,1.406349242
1_8,matched,1772 CE-05-01 13:29:43,1772 CE-05-01 13:29:43,0.098893046
1_8,matched,1772 CE-06-18 17:42:15,1772 CE-06-18 17:42:16,1.389612257
1_8,matched,1772 CE-07-28 20:26:27,1772 CE-07-28 20:26:26,-1.443766057
1_8,matched,1772 CE-09-14 09:09:41,1772 CE-09-14 09:09:40,-0.511845946
1_8,matched,1772 CE-10-25 03:41:47,1772 CE-10-25 03:41:45,-1.595525444
1_8,matched,1772 CE-12-11 00:17:36,1772 CE-12-11 00:17:35,-1.412706077
1_8,matched,1773 CE-01-21 11:17:30,1773 CE-01-21 11:17:29,-0.650569797
1_8,matched,1773 CE-03-08 15:10:20,1773 CE-03-08 15:10:20,-0.280666351
1_8,matched,1773 CE-04-19 19:12:31,1773 CE-04-19 19:12:32,0.844413042
1_8,matched,1773 CE-06-04 05:42:50,1773 CE-06-04 05:42:51,1.288224757
1_8,matched,1773 CE-07-17 03:26:46,1773 CE-07-17 03:26:48,1.552033424
1_8,matched,1773 CE-08-30 19:53:45,1773 CE-08-30 19:53:46,1.316991448
1_8,matched,1773 CE-10-13 12:00:35,1773 CE-10-13 12:00:35,0.369299948
1_8,matched,1773 CE-11-26 09:43:58,1773 CE-11-26 09:43:58,-0.463807583
1_8,matched,1774 CE-01-09 20:58:09,1774 CE-01-09 20:58:07,-1.539561152
1_8,matched,1774 CE-02-21 23:11:49,1774 CE-02-21 23:11:48,-1.354408264
1_8,matched,1774 CE-04-08 06:17:45,1774 CE-04-08 06:17:43,-1.557303965
1_8,matched,1774 CE-05-20 12:23:44,1774 CE-05-20 12:23:44,-0.031301379
1_8,matched,1774 CE-07-05 15:56:49,1774 CE-07-05 15:56:50,0.541859865
1_8,matched,1774 CE-08-16 01:13:04,1774 CE-08-16 01:13:06,1.575368643
1_8,matched,1774 CE-10-02 01:57:13,1774 CE-10-02 01:57:14,1.037089527
1_8,matched,1774 CE-11-11 13:40:11,1774 CE-11-11 13:40:12,0.954249501
1_8,matched,1774 CE-12-29 12:17:20,1774 CE-12-29 12:17:20,-0.064775348
1_8,matched,1775 CE-02-07 01:49:26,1775 CE-02-07 01:49:25,-1.306691766
1_8,matched,1775 CE-03-27 22:56:43,1775 CE-03-27 22:56:42,-1.423810422
1_8,matched,1775 CE-05-05 13:41:38,1775 CE-05-05 13:41:37,-0.630936027
1_8,matched,1775 CE-06-24 09:53:13,1775 CE-06-24 09:53:12,-0.574649870
1_8,matched,1775 CE-08-01 01:20:05,1775 CE-08-01 01:20:06,0.673301518
1_8,matched,1775 CE-09-20 21:04:27,1775 CE-09-20 21:04:28,0.879053771
1_8,matched,1775 CE-10-27 12:41:05,1775 CE-10-27 12:41:05,0.141137838
1_8,matched,1775 CE-12-18 08:32:58,1775 CE-12-18 08:32:58,0.471612811
1_8,matched,1776 CE-01-22 23:45:11,1776 CE-01-22 23:45:10,-1.334895194
1_8,matched,1776 CE-03-15 20:14:07,1776 CE-03-15 20:14:07,-0.422447920
1_8,matched,1776 CE-04-19 10:40:15,1776 CE-04-19 10:40:15,0.473342836
1_8,matched,1776 CE-06-12 08:06:06,1776 CE-06-12 08:06:06,-0.225627422
1_8,matched,1776 CE-07-15 21:25:00,1776 CE-07-15 21:25:01,1.248192787
1_8,matched,1776 CE-09-08 20:09:53,1776 CE-09-08 20:09:53,0.277407467
1_8,matched,1776 CE-10-11 07:59:45,1776 CE-10-11 07:59:44,-0.507380068
1_8,matched,1776 CE-12-06 08:20:53,1776 CE-12-06 08:20:54,0.789977610
1_8,matched,1777 CE-01-06 18:24:58,1777 CE-01-06 18:24:57,-1.194199920
1_8,matched,1777 CE-03-04 20:41:34,1777 CE-03-04 20:41:33,-1.181244850
1_8,matched,1777 CE-04-04 04:41:56,1777 CE-04-04 04:41:57,1.006874442
1_8,matched,1777 CE-06-01 09:05:43,1777 CE-06-01 09:05:43,-0.276321173
1_8,matched,1777 CE-06-30 14:58:54,1777 CE-06-30 14:58:55,0.565597415
1_8,matched,1777 CE-08-28 21:35:44,1777 CE-08-28 21:35:45,0.859621167
1_8,matched,1777 CE-09-26 01:09:57,1777 CE-09-26 01:09:56,-0.851131976
1_8,matched,1777 CE-11-25 10:11:05,1777 CE-11-25 10:11:05,0.401245058
1_8,matched,1777 CE-12-22 11:14:54,1777 CE-12-22 11:14:54,-0.436006486
1_8,matched,1778 CE-02-21 22:46:55,1778 CE-02-21 22:46:54,-1.096352935
1_8,matched,1778 CE-03-19 21:19:01,1778 CE-03-19 21:19:02,0.653024018
1_8,matched,1778 CE-05-21 11:24:04,1778 CE-05-21 11:24:03,-0.542704761
1_8,matched,1778 CE-06-15 07:22:18,1778 CE-06-15 07:22:18,-0.436288118
1_8,matched,1778 CE-08-18 00:01:34,1778 CE-08-18 00:01:35,0.627355278
1_8,matched,1778 CE-09-10 17:28:50,1778 CE-09-10 17:28:50,-0.240674615
1_8,matched,1778 CE-11-14 12:41:13,1778 CE-11-14 12:41:13,-0.124360621
1_8,matched,1778 CE-12-07 03:31:45,1778 CE-12-07 03:31:46,0.737513602
1_8,matched,1779 CE-02-11 01:22:29,1779 CE-02-11 01:22:28,-0.701424479
1_8,matched,1779 CE-03-04 13:32:04,1779 CE-03-04 13:32:04,0.482314825
1_8,matched,1779 CE-05-10 13:57:11,1779 CE-05-10 13:57:11,0.290845335
1_8,matched,1779 CE-05-30 23:39:24,1779 CE-05-30 23:39:23,-1.138195395
1_8,matched,1779 CE-08-07 02:31:11,1779 CE-08-07 02:31:11,0.479659438
1_8,matched,1779 CE-08-26 09:45:43,1779 CE-08-26 09:45:43,0.110480189
1_8,matched,1779 CE-11-03 15:07:17,1779 CE-11-03 15:07:17,0.189095736
1_8,matched,1779 CE-11-21 19:54:11,1779 CE-11-21 19:54:11,0.437776744
1_8,matched,1780 CE-01-31 03:44:37,1780 CE-01-31 03:44:36,-1.266337931
1_8,matched,1780 CE-02-17 05:58:37,1780 CE-02-17 05:58:37,-0.436127186
1_8,matched,1780 CE-04-28 16:23:55,1780 CE-04-28 16:23:55,-0.155420601
1_8,matched,1780 CE-05-14 16:00:28,1780 CE-05-14 16:00:28,-0.172720850
1_8,matched,1780 CE-07-26 05:00:27,1780 CE-07-26 05:00:28,0.538681448
1_8,matched,1780 CE-08-10 02:03:55,1780 CE-08-10 02:03:55,0.322388113
1_8,matched,1780 CE-10-22 17:48:19,1780 CE-10-22 17:48:18,-0.778350234
1_8,matched,1780 CE-11-05 11:55:15,1780 CE-11-05 11:55:15,-0.151678920
1_8,matched,1781 CE-01-19 06:52:08,1781 CE-01-19 06:52:08,-0.191026926
1_8,matched,1781 CE-01-31 21:34:03,1781 CE-01-31 21:34:02,-0.874225795
1_8,matched,1781 CE-04-17 20:08:35,1781 CE-04-17 20:08:36,0.509391725
1_8,matched,1781 CE-04-29 06:57:21,1781 CE-04-29 06:57:22,0.667427480
1_8,matched,1781 CE-07-15 09:56:03,1781 CE-07-15 09:56:04,0.751675665
1_8,matched,1781 CE-07-25 15:46:48,1781 CE-07-25 15:46:48,0.451214612
1_8,matched,1781 CE-10-12 00:31:17,1781 CE-10-12 00:31:15,-1.665571332
1_8,matched,1781 CE-10-20 23:49:16,1781 CE-10-20 23:49:15,-1.215644181
1_8,matched,1782 CE-01-08 16:38:21,1782 CE-01-08 16:38:21,0.035606325
1_8,matched,1782 CE-01-16 06:19:18,1782 CE-01-16 06:19:18,0.473584235
1_8,matched,1782 CE-04-07 11:17:48,1782 CE-04-07 11:17:49,0.521944463
1_8,matched,1782 CE-04-13 10:18:58,1782 CE-04-13 10:18:58,0.079862773
1_8,matched,1782 CE-07-05 11:25:12,1782 CE-07-05 11:25:11,-0.608003139
1_8,matched,1782 CE-07-09 08:46:17,1782 CE-07-09 08:46:18,1.413229108
1_8,matched,1928 CE-05-06 05:35:54,1928 CE-05-06 05:36:06,12.292067707
1_8,matched,1928 CE-05-11 15:25:39,1928 CE-05-11 15:25:34,-5.114355683
1_8,matched,1928 CE-07-31 21:59:50,1928 CE-07-31 21:59:39,-10.591654480
1_8,matched,1928 CE-08-08 21:40:21,1928 CE-08-08 21:40:30,8.796331286
1_8,matched,1928 CE-10-26 21:20:49,1928 CE-10-26 21:20:56,7.417219877
1_8,matched,1928 CE-11-05 20:56:34,1928 CE-11-05 20:56:29,-4.571932554
1_8,matched,1929 CE-01-22 00:05:13,1929 CE-01-22 00:05:09,-3.798450530
1_8,matched,1929 CE-02-02 16:47:52,1929 CE-02-02 16:47:52,0.358879566
1_8,matched,1929 CE-04-19 04:59:45,1929 CE-04-19 04:59:46,0.515104830
1_8,matched,1929 CE-05-02 10:26:54,1929 CE-05-02 10:26:56,1.999466121
1_8,matched,1929 CE-07-15 11:28:20,1929 CE-07-15 11:28:22,1.738795638
1_8,matched,1929 CE-07-30 02:36:00,1929 CE-07-30 02:35:58,-1.736663282
1_8,matched,1929 CE-10-10 18:59:29,1929 CE-10-10 18:59:28,-1.155857742
1_8,matched,1929 CE-10-26 17:41:17,1929 CE-10-26 17:41:16,-0.998908281
1_8,matched,1930 CE-01-06 03:24:50,1930 CE-01-06 03:24:50,-0.473785400
1_8,matched,1930 CE-01-23 07:50:16,1930 CE-01-23 07:50:17,0.885973871
1_8,matched,1930 CE-04-03 12:36:34,1930 CE-04-03 12:36:35,1.054430008
1_8,matched,1930 CE-04-21 21:11:14,1930 CE-04-21 21:11:15,1.032502949
1_8,matched,1930 CE-06-29 22:30:05,1930 CE-06-29 22:30:06,1.019909978
1_8,matched,1930 CE-07-19 09:51:20,1930 CE-07-19 09:51:20,-0.373886526
1_8,matched,1930 CE-09-25 09:01:19,1930 CE-09-25 09:01:18,-0.594887137
1_8,matched,1930 CE-10-15 21:56:32,1930 CE-10-15 21:56:30,-1.663036644
1_8,matched,1930 CE-12-21 20:00:17,1930 CE-12-21 20:00:16,-1.395164430
1_8,matched,1931 CE-01-12 09:31:48,1931 CE-01-12 09:31:47,-0.581771135
1_8,matched,1931 CE-03-19 07:29:43,1931 CE-03-19 07:29:44,1.360885799
1_8,matched,1931 CE-04-10 20:32:26,1931 CE-04-10 20:32:28,1.724110544
1_8,matched,1931 CE-06-14 19:28:52,1931 CE-06-14 19:28:53,1.158553362
1_8,matched,1931 CE-07-08 07:04:41,1931 CE-07-08 07:04:42,0.726328790
1_8,matched,1931 CE-09-10 07:53:33,1931 CE-09-10 07:53:32,-0.962336361
1_8,matched,1931 CE-10-04 17:11:12,1931 CE-10-04 17:11:10,-1.747888327
1_8,matched,1931 CE-12-06 20:45:25,1931 CE-12-06 20:45:23,-1.755894721
1_8,matched,1932 CE-01-01 02:54:46,1932 CE-01-01 02:54:44,-2.109704912
1_8,matched,1932 CE-03-03 09:57:42,1932 CE-03-03 09:57:43,0.567810237
1_8,matched,1932 CE-03-29 12:12:57,1932 CE-03-29 12:12:57,-0.126613677
1_8,matched,1932 CE-05-29 23:33:56,1932 CE-05-29 23:33:58,1.914533973
1_8,matched,1932 CE-06-25 21:04:44,1932 CE-06-25 21:04:46,2.094416320
1_8,matched,1932 CE-08-25 13:32:38,1932 CE-08-25 13:32:38,0.159484148
1_8,matched,1932 CE-09-22 05:35:31,1932 CE-09-22 05:35:32,1.082472503
1_8,matched,1932 CE-11-21 03:50:13,1932 CE-11-21 03:50:11,-1.983413100
1_8,matched,1932 CE-12-19 13:48:04,1932 CE-12-19 13:48:04,-0.139528513
1_8,matched,1933 CE-02-16 18:29:58,1933 CE-02-16 18:29:56,-1.569575071
1_8,matched,1933 CE-03-17 21:40:10,1933 CE-03-17 21:40:08,-1.841229200
1_8,matched,1933 CE-05-15 09:27:15,1933 CE-05-15 09:27:16,1.084001362
1_8,matched,1933 CE-06-14 05:11:10,1933 CE-06-14 05:11:08,-1.722984016
1_8,matched,1933 CE-08-11 00:42:48,1933 CE-08-11 00:42:50,1.732398570
1_8,matched,1933 CE-09-10 12:22:53,1933 CE-09-10 12:22:53,-0.239950418
1_8,matched,1933 CE-11-06 16:15:17,1933 CE-11-06 16:15:18,0.871650875
1_8,matched,1933 CE-12-07 19:19:25,1933 CE-12-07 19:19:26,1.464244723
1_8,matched,1934 CE-02-02 08:02:20,1934 CE-02-02 08:02:19,-1.297599077
1_8,matched,1934 CE-03-06 02:02:02,1934 CE-03-06 02:02:04,1.741531491
1_8,matched,1934 CE-05-01 00:06:13,1934 CE-05-01 00:06:11,-2.249836922
1_8,matched,1934 CE-06-02 08:27:06,1934 CE-06-02 08:27:06,0.478814542
1_8,matched,1934 CE-07-27 16:23:22,1934 CE-07-27 16:23:21,-1.434110105
1_8,matched,1934 CE-08-29 14:39:25,1934 CE-08-29 14:39:25,-0.334297121
1_8,matched,1934 CE-10-23 08:50:51,1934 CE-10-23 08:50:52,0.663082302
1_8,matched,1934 CE-11-25 20:39:50,1934 CE-11-25 20:39:48,-1.547406614
1_8,matched,1935 CE-01-19 01:30:57,1935 CE-01-19 01:30:59,1.973515749
1_8,matched,1935 CE-02-22 02:30:39,1935 CE-02-22 02:30:37,-2.013024688
1_8,matched,1935 CE-04-16 18:20:09,1935 CE-04-16 18:20:11,1.917470992
1_8,matched,1935 CE-05-21 08:12:03,1935 CE-05-21 08:12:02,-0.719448924
1_8,matched,1935 CE-07-13 11:19:20,1935 CE-07-13 11:19:20,0.424218178
1_8,matched,1935 CE-08-17 13:43:47,1935 CE-08-17 13:43:47,0.153610110
1_8,matched,1935 CE-10-09 04:23:22,1935 CE-10-09 04:23:21,-1.483596861
1_8,matched,1935 CE-11-13 19:11:11,1935 CE-11-13 19:11:13,1.783896983
1_8,matched,1936 CE-01-04 21:30:30,1936 CE-01-04 21:30:28,-1.671968400
1_8,matched,1936 CE-02-10 00:35:23,1936 CE-02-10 00:35:24,1.431535184
1_8,matched,1936 CE-04-01 14:44:06,1936 CE-04-01 14:44:06,-0.194366276
1_8,matched,1936 CE-05-08 05:56:45,1936 CE-05-08 05:56:47,1.690073311
1_8,matched,1936 CE-06-28 07:58:39,1936 CE-06-28 07:58:39,0.481791794
1_8,matched,1936 CE-08-04 11:18:17,1936 CE-08-04 11:18:17,0.048963726
1_8,matched,1936 CE-09-24 01:10:56,1936 CE-09-24 01:10:57,1.307174563
1_8,matched,1936 CE-10-31 16:39:36,1936 CE-10-31 16:39:35,-0.931799412
1_8,matched,1936 CE-12-20 18:19:48,1936 CE-12-20 18:19:49,1.327693462
1_8,matched,1937 CE-01-27 22:06:39,1937 CE-01-27 22:06:37,-1.910550892
1_8,matched,1937 CE-03-18 11:23:04,1937 CE-03-18 11:23:04,0.178353488
1_8,matched,1937 CE-04-26 03:38:57,1937 CE-04-26 03:38:56,-1.364345849
1_8,matched,1937 CE-06-14 04:24:53,1937 CE-06-14 04:24:52,-1.471084356
1_8,matched,1937 CE-07-23 09:19:38,1937 CE-07-23 09:19:37,-1.120975614
1_8,matched,1937 CE-09-09 21:14:07,1937 CE-09-09 21:14:05,-1.935897768
1_8,matched,1937 CE-10-19 15:10:46,1937 CE-10-19 15:10:46,0.474911928
1_8,matched,1937 CE-12-06 13:49:53,1937 CE-12-06 13:49:53,-0.147092342
1_8,matched,1938 CE-01-15 21:13:37,1938 CE-01-15 21:13:38,0.917476416
1_8,matched,1938 CE-03-04 06:12:55,1938 CE-03-04 06:12:56,0.830452144
1_8,matched,1938 CE-04-14 03:30:55,1938 CE-04-14 03:30:56,1.370783150
1_8,matched,1938 CE-05-30 22:21:27,1938 CE-05-30 22:21:28,1.295346022
1_8,matched,1938 CE-07-11 10:05:03,1938 CE-07-11 10:05:03,0.335906446
1_8,matched,1938 CE-08-26 14:15:30,1938 CE-08-26 14:15:31,0.873944163
1_8,matched,1938 CE-10-07 16:57:55,1938 CE-10-07 16:57:54,-1.013432443
1_8,matched,1938 CE-11-22 05:46:50,1938 CE-11-22 05:46:49,-1.265573502
1_8,matched,1939 CE-01-04 00:12:08,1939 CE-01-04 00:12:07,-1.424534619
1_8,matched,1939 CE-02-17 20:55:40,1939 CE-02-17 20:55:39,-1.026709378
1_8,matched,1939 CE-04-02 07:46:05,1939 CE-04-02 07:46:04,-0.569057465
1_8,matched,1939 CE-05-16 11:45:44,1939 CE-05-16 11:45:44,0.239869952
1_8,matched,1939 CE-06-29 15:42:16,1939 CE-06-29 15:42:17,0.560005009
1_8,matched,1939 CE-08-12 02:12:25,1939 CE-08-12 02:12:26,1.009207964
1_8,matched,1939 CE-09-26 00:04:48,1939 CE-09-26 00:04:50,1.573719084
1_8,matched,1939 CE-11-07 16:15:28,1939 CE-11-07 16:15:28,0.434035063
1_8,matched,1939 CE-12-23 08:51:55,1939 CE-12-23 08:51:56,0.684124231
1_8,matched,1940 CE-02-03 05:51:35,1940 CE-02-03 05:51:34,-1.027594507
1_8,matched,1940 CE-03-20 18:05:17,1940 CE-03-20 18:05:17,-0.294104218
1_8,matched,1940 CE-04-30 19:02:31,1940 CE-04-30 19:02:30,-0.685331225
1_8,matched,1940 CE-06-17 03:41:44,1940 CE-06-17 03:41:43,-0.777947903
1_8,matched,1940 CE-07-27 07:52:02,1940 CE-07-27 07:52:03,0.626952946
1_8,matched,1940 CE-09-13 13:45:05,1940 CE-09-13 13:45:05,0.065700710
1_8,matched,1940 CE-10-22 20:14:59,1940 CE-10-22 20:14:59,0.867868960
1_8,matched,1940 CE-12-11 00:16:08,1940 CE-12-11 00:16:09,1.025260985
1_8,matched,1941 CE-01-18 08:12:44,1941 CE-01-18 08:12:43,-0.532042980
1_8,matched,1941 CE-03-09 11:09:41,1941 CE-03-09 11:09:41,0.303518772
1_8,matched,1941 CE-04-15 19:47:38,1941 CE-04-15 19:47:37,-1.328739524
1_8,matched,1941 CE-06-05 22:26:39,1941 CE-06-05 22:26:38,-1.235519350
1_8,matched,1941 CE-07-12 06:59:42,1941 CE-07-12 06:59:43,0.519450009
1_8,matched,1941 CE-09-02 10:07:04,1941 CE-09-02 10:07:04,-0.061033666
1_8,matched,1941 CE-10-07 17:51:46,1941 CE-10-07 17:51:47,0.647954643
1_8,matched,1941 CE-11-29 22:12:15,1941 CE-11-29 22:12:15,0.486660004
1_8,matched,1942 CE-01-03 04:19:45,1942 CE-01-03 04:19:44,-0.802208483
1_8,matched,1942 CE-02-26 10:40:12,1942 CE-02-26 10:40:12,0.468233228
1_8,matched,1942 CE-03-31 14:26:47,1942 CE-03-31 14:26:47,-0.189980865
1_8,matched,1942 CE-05-25 23:23:44,1942 CE-05-25 23:23:43,-0.574810803
1_8,matched,1942 CE-06-27 00:17:54,1942 CE-06-27 00:17:55,1.389370859
1_8,matched,1942 CE-08-22 12:27:56,1942 CE-08-22 12:27:56,-0.495631993
1_8,matched,1942 CE-09-22 09:48:09,1942 CE-09-22 09:48:09,-0.129269063
1_8,matched,1942 CE-11-19 01:52:41,1942 CE-11-19 01:52:42,1.155334711
1_8,matched,1942 CE-12-18 19:02:30,1942 CE-12-18 19:02:29,-0.823894143
1_8,matched,1943 CE-02-15 15:37:42,1943 CE-02-15 15:37:41,-0.616653264
1_8,matched,1943 CE-03-16 03:57:13,1943 CE-03-16 03:57:14,0.995729864
1_8,matched,1943 CE-05-15 05:38:42,1943 CE-05-15 05:38:41,-1.208683848
1_8,matched,1943 CE-06-11 12:35:37,1943 CE-06-11 12:35:37,-0.029410422
1_8,matched,1943 CE-08-11 19:53:32,1943 CE-08-11 19:53:33,0.795771182
1_8,matched,1943 CE-09-06 20:58:53,1943 CE-09-06 20:58:53,-0.439667702
1_8,matched,1943 CE-11-08 10:29:28,1943 CE-11-08 10:29:28,0.384266675
1_8,matched,1943 CE-12-03 05:00:42,1943 CE-12-03 05:00:43,0.921258330
1_8,matched,1944 CE-02-05 01:27:14,1944 CE-02-05 01:27:13,-0.929465890
1_8,matched,1944 CE-02-28 12:46:45,1944 CE-02-28 12:46:45,0.059182942
1_8,matched,1944 CE-05-03 16:41:50,1944 CE-05-03 16:41:51,0.788609684
1_8,matched,1944 CE-05-25 20:14:21,1944 CE-05-25 20:14:20,-0.503115356
1_8,matched,1944 CE-07-31 08:17:43,1944 CE-07-31 08:17:43,0.135062635
1_8,matched,1944 CE-08-21 03:17:54,1944 CE-08-21 03:17:55,1.041997969
1_8,matched,1944 CE-10-28 00:17:37,1944 CE-10-28 00:17:36,-0.586076081
1_8,matched,1944 CE-11-16 09:57:42,1944 CE-11-16 09:57:42,0.140815973
1_8,matched,1945 CE-01-24 16:51:42,1945 CE-01-24 16:51:42,0.389175117
1_8,matched,1945 CE-02-11 16:03:47,1945 CE-02-11 16:03:46,-0.871771574
1_8,matched,1945 CE-04-23 10:01:47,1945 CE-04-23 10:01:47,0.355660915
1_8,matched,1945 CE-05-09 21:38:51,1945 CE-05-09 21:38:52,0.703033805
1_8,matched,1945 CE-07-21 03:51:36,1945 CE-07-21 03:51:35,-0.754210353
1_8,matched,1945 CE-08-05 02:29:10,1945 CE-08-05 02:29:09,-0.627918541
1_8,matched,1945 CE-10-17 22:50:29,1945 CE-10-17 22:50:29,0.391709805
1_8,matched,1945 CE-10-31 06:09:08,1945 CE-10-31 06:09:08,0.348137319
1_8,matched,1946 CE-01-14 19:21:32,1946 CE-01-14 19:21:31,-1.017898321
1_8,matched,1946 CE-01-26 08:18:33,1946 CE-01-26 08:18:33,0.288069248
1_8,matched,1946 CE-04-13 18:15:31,1946 CE-04-13 18:15:32,0.527979434
1_8,matched,1946 CE-04-23 08:06:42,1946 CE-04-23 08:06:42,0.277729332
1_8,matched,1946 CE-07-11 21:20:22,1946 CE-07-11 21:20:21,-1.293978095
1_8,matched,1946 CE-07-19 03:44:14,1946 CE-07-19 03:44:13,-1.291845739
1_8,matched,1946 CE-10-09 11:26:41,1946 CE-10-09 11:26:40,-0.661271811
1_8,matched,1946 CE-10-13 12:17:05,1946 CE-10-13 12:17:06,1.174204051
1_8,missing_reference_root,0940 CE-02-15 01:06:29,,
1_8,extra_generated_root,,0940 CE-02-15 01:09:16,
3_6,matched,3989 BCE-01-14 12:10:14,3989 BCE-01-14 12:10:15,0.803561322
3_6,matched,3971 BCE-04-24 09:05:28,3971 BCE-04-24 09:05:32,4.463765770
3_6,matched,3960 BCE-09-14 06:22:27,3960 BCE-09-14 06:21:59,-27.617125399
3_6,matched,3942 BCE-08-07 00:39:08,3942 BCE-08-07 00:39:08,-0.438988768
3_6,matched,3931 BCE-12-29 15:13:21,3931 BCE-12-29 15:13:24,3.362801112
3_6,matched,3912 BCE-05-11 14:33:56,3912 BCE-05-11 14:34:02,6.172451936
3_6,matched,3901 BCE-05-10 05:20:26,3901 BCE-05-10 05:20:09,-16.519911401
3_6,matched,3883 BCE-08-20 04:35:38,3883 BCE-08-20 04:35:35,-2.804566361
3_6,matched,3872 BCE-12-05 17:05:51,3872 BCE-12-05 17:05:58,6.724048220
3_6,matched,3853 BCE-05-16 11:45:17,3853 BCE-05-16 11:45:10,-7.188680582
3_6,matched,3842 BCE-03-25 04:56:49,3842 BCE-03-25 04:56:45,-3.577208519
3_6,matched,3824 BCE-08-29 13:34:25,3824 BCE-08-29 13:34:22,-3.290190361
3_6,matched,3813 BCE-10-21 18:51:02,3813 BCE-10-21 18:51:21,18.541908078
3_6,matched,3794 BCE-05-18 16:28:18,3794 BCE-05-18 16:28:09,-9.250734374
3_6,matched,3783 BCE-02-15 03:12:46,3783 BCE-02-15 03:12:50,3.540973552
3_6,matched,3765 BCE-08-30 13:11:53,3765 BCE-08-30 13:11:49,-3.522390872
3_6,matched,3754 BCE-05-02 01:11:15,3754 BCE-05-02 01:11:15,-0.188180432
3_6,matched,3735 BCE-05-04 06:41:19,3735 BCE-05-04 06:41:11,-7.529892772
3_6,matched,3724 BCE-01-06 21:05:05,3724 BCE-01-06 21:05:06,1.272352785
3_6,matched,3706 BCE-08-26 13:49:55,3706 BCE-08-26 13:49:56,1.196764782
3_6,matched,3695 BCE-03-11 00:01:48,3695 BCE-03-11 00:01:52,4.094898328
3_6,matched,3676 BCE-03-15 17:58:30,3676 BCE-03-15 17:59:05,34.638451226
3_6,matched,3666 BCE-11-25 00:52:41,3666 BCE-11-25 00:52:51,10.047677346
3_6,matched,3647 BCE-08-08 14:48:07,3647 BCE-08-08 14:48:07,0.353121199
3_6,matched,3636 BCE-02-04 22:41:14,3636 BCE-02-04 22:41:15,0.957885571
3_6,matched,3618 BCE-10-20 20:40:12,3618 BCE-10-20 20:40:17,5.444388092
3_6,matched,3607 BCE-07-23 15:30:55,3607 BCE-07-23 15:30:07,-48.028803058
3_6,matched,3588 BCE-07-16 22:58:36,3588 BCE-07-16 22:58:38,2.429125831
3_6,matched,3577 BCE-01-11 09:56:05,3577 BCE-01-11 09:56:05,-0.427034497
3_6,matched,3559 BCE-09-05 23:29:10,3559 BCE-09-05 23:29:11,0.859922916
3_6,matched,3548 BCE-04-16 18:03:09,3548 BCE-04-16 18:03:03,-5.516666919
3_6,matched,3529 BCE-06-17 12:17:51,3529 BCE-06-17 12:17:48,-3.236645088
3_6,matched,3519 BCE-12-24 17:32:02,3519 BCE-12-24 17:32:01,-1.143672131
3_6,matched,3500 BCE-08-03 13:53:16,3500 BCE-08-03 13:53:15,-1.081818715
3_6,matched,3489 BCE-03-25 23:43:25,3489 BCE-03-25 23:43:21,-4.318202287
3_6,matched,3470 BCE-05-05 17:39:34,3470 BCE-05-05 17:39:27,-6.855882145
3_6,matched,3460 BCE-12-18 04:27:34,3460 BCE-12-18 04:27:35,1.154183038
3_6,matched,3441 BCE-07-02 03:17:15,3441 BCE-07-02 03:17:15,-0.461388566
3_6,matched,3430 BCE-03-19 19:31:05,3430 BCE-03-19 19:31:09,3.730632551
3_6,matched,3412 BCE-12-27 04:08:11,3412 BCE-12-27 04:08:01,-9.730700590
3_6,matched,3401 BCE-12-17 23:33:34,3401 BCE-12-17 23:33:34,-0.221262127
3_6,matched,3382 BCE-06-03 03:09:42,3382 BCE-06-03 03:09:45,2.732146718
3_6,matched,3371 BCE-03-23 07:54:40,3371 BCE-03-23 07:54:36,-3.592512198
3_6,matched,3353 BCE-10-24 07:19:10,3353 BCE-10-24 07:19:06,-4.244500212
3_6,matched,3342 BCE-12-25 03:38:20,3342 BCE-12-25 03:38:22,1.679190248
3_6,matched,3323 BCE-05-14 01:31:58,3323 BCE-05-14 01:31:54,-4.012294672
3_6,matched,3312 BCE-03-29 08:52:00,3312 BCE-03-29 08:52:05,4.713105597
3_6,matched,3294 BCE-10-07 15:59:06,3294 BCE-10-07 15:59:10,3.886007890
3_6,matched,3282 BCE-01-04 21:04:14,3282 BCE-01-04 21:04:15,1.181611978
3_6,matched,3264 BCE-05-01 11:09:35,3264 BCE-05-01 11:09:32,-3.420601040
3_6,matched,3253 BCE-04-05 14:53:53,3253 BCE-04-05 14:53:53,0.310036540
3_6,matched,3235 BCE-10-02 18:12:58,3235 BCE-10-02 18:12:59,1.283245906
3_6,matched,3223 BCE-01-12 10:29:30,3223 BCE-01-12 10:29:29,-0.769820809
3_6,matched,3205 BCE-05-09 21:35:51,3205 BCE-05-09 21:35:53,2.268947661
3_6,matched,3194 BCE-04-11 18:35:51,3194 BCE-04-11 18:35:48,-3.366135433
3_6,matched,3176 BCE-10-04 22:34:17,3176 BCE-10-04 22:34:22,5.201661587
3_6,matched,3164 BCE-01-16 07:10:03,3164 BCE-01-16 07:10:03,0.251376629
3_6,matched,3146 BCE-05-25 11:19:39,3146 BCE-05-25 11:19:34,-4.637220874
3_6,matched,3135 BCE-04-08 22:51:31,3135 BCE-04-08 22:51:34,3.348603845
3_6,matched,3117 BCE-10-18 03:28:22,3117 BCE-10-18 03:28:17,-5.202506483
3_6,matched,3105 BCE-01-15 05:08:38,3105 BCE-01-15 05:08:39,1.059378684
3_6,matched,3087 BCE-06-14 18:13:59,3087 BCE-06-14 18:13:55,-4.225324094
3_6,matched,3076 BCE-03-28 12:00:55,3076 BCE-03-28 12:00:56,1.440929621
3_6,matched,3058 BCE-11-01 19:04:48,3058 BCE-11-01 19:04:45,-2.860756963
3_6,matched,3046 BCE-01-04 18:21:17,3046 BCE-01-04 18:21:16,-0.694182515
3_6,matched,3028 BCE-07-05 20:58:46,3028 BCE-07-05 20:58:47,1.342730597
3_6,matched,3017 BCE-03-09 06:41:03,3017 BCE-03-09 06:41:05,1.854757592
3_6,matched,2999 BCE-11-26 11:14:00,2999 BCE-11-26 11:13:56,-4.488489032
3_6,matched,2988 BCE-12-14 20:47:53,2988 BCE-12-14 20:47:53,0.262581557
3_6,matched,2969 BCE-07-19 23:28:46,2969 BCE-07-19 23:28:46,-0.186832622
3_6,matched,2958 BCE-02-14 18:53:22,2958 BCE-02-14 18:53:22,0.347071141
3_6,matched,2939 BCE-01-09 10:25:56,2939 BCE-01-09 10:25:45,-10.772924870
3_6,matched,2929 BCE-11-05 12:44:52,2929 BCE-11-05 12:44:49,-3.171728924
3_6,matched,2910 BCE-08-03 16:47:50,2910 BCE-08-03 16:47:49,-0.877112523
3_6,matched,2899 BCE-01-15 19:14:06,2899 BCE-01-15 19:14:06,0.162823498
3_6,matched,2881 BCE-12-29 06:54:09,2881 BCE-12-29 06:53:55,-14.014247060
3_6,matched,2870 BCE-05-11 01:25:47,2870 BCE-05-11 01:25:43,-3.530578315
3_6,matched,2851 BCE-08-08 04:46:42,2851 BCE-08-08 04:46:43,0.781086087
3_6,matched,2841 BCE-12-09 06:17:40,2841 BCE-12-09 06:17:38,-2.437826246
3_6,matched,2822 BCE-12-04 03:54:30,2822 BCE-12-04 03:54:30,0.381460413
3_6,matched,2811 BCE-03-16 07:16:03,2811 BCE-03-16 07:16:02,-1.328488067
3_6,matched,2792 BCE-08-03 06:13:09,2792 BCE-08-03 06:13:09,0.090061873
3_6,matched,2782 BCE-10-12 06:02:09,2782 BCE-10-12 06:02:15,5.930213258
3_6,matched,2763 BCE-10-26 00:48:34,2763 BCE-10-26 00:48:36,1.845081523
3_6,matched,2752 BCE-02-04 18:22:28,2752 BCE-02-04 18:22:28,-0.030034035
3_6,matched,2733 BCE-07-23 14:52:50,2733 BCE-07-23 14:52:50,0.430404022
3_6,matched,2723 BCE-04-22 22:53:26,2723 BCE-04-22 22:53:28,2.486789972
3_6,matched,2704 BCE-09-24 03:47:22,2704 BCE-09-24 03:47:24,1.664273813
3_6,matched,2693 BCE-01-03 21:53:52,2693 BCE-01-03 21:53:51,-0.608325005
3_6,matched,2674 BCE-07-01 08:36:28,2674 BCE-07-01 08:36:29,0.906754285
3_6,matched,2664 BCE-03-19 23:00:54,2664 BCE-03-19 23:00:55,1.366971061
3_6,matched,2645 BCE-08-23 09:36:51,2645 BCE-08-23 09:36:51,-0.430544838
3_6,matched,2635 BCE-12-02 10:24:04,2635 BCE-12-02 10:24:06,1.894678921
3_6,matched,2615 BCE-05-31 23:51:25,2615 BCE-05-31 23:51:26,1.404237002
3_6,matched,2605 BCE-03-01 15:40:36,2605 BCE-03-01 15:40:35,-0.661472976
3_6,matched,2586 BCE-07-22 11:07:08,2586 BCE-07-22 11:07:08,-0.278383121
3_6,matched,2576 BCE-10-30 20:34:05,2576 BCE-10-30 20:34:11,5.788411573
3_6,matched,2556 BCE-03-17 12:06:40,2556 BCE-03-17 12:06:26,-14.112526551
3_6,matched,2546 BCE-02-20 16:32:21,2546 BCE-02-20 16:32:19,-2.370435745
3_6,matched,2527 BCE-06-20 13:34:52,2527 BCE-06-20 13:34:56,3.559415415
3_6,matched,2517 BCE-09-25 01:50:45,2517 BCE-09-25 01:50:43,-1.863709465
3_6,matched,2498 BCE-10-27 10:23:18,2498 BCE-10-27 10:23:25,7.156026363
3_6,matched,2487 BCE-02-18 15:57:24,2487 BCE-02-18 15:57:23,-1.311891899
3_6,matched,2468 BCE-05-08 21:48:37,2468 BCE-05-08 21:48:49,12.056009844
3_6,matched,2458 BCE-09-01 17:11:36,2458 BCE-09-01 17:10:48,-47.910432145
3_6,matched,2439 BCE-10-01 23:18:46,2439 BCE-10-01 23:18:42,-4.342965782
3_6,matched,2428 BCE-02-21 08:55:50,2428 BCE-02-21 08:55:49,-0.768704340
3_6,matched,2409 BCE-03-04 01:19:36,2409 BCE-03-04 01:20:21,44.892856479
3_6,matched,2399 BCE-09-21 05:47:23,2399 BCE-09-21 05:47:03,-19.711389765
3_6,matched,2380 BCE-09-13 06:59:00,2380 BCE-09-13 06:59:04,3.932054713
3_6,matched,2369 BCE-02-29 14:38:49,2369 BCE-02-29 14:38:46,-2.888256311
3_6,matched,2351 BCE-12-10 02:39:32,2351 BCE-12-10 02:39:49,16.897152364
3_6,matched,2340 BCE-10-08 17:10:59,2340 BCE-10-08 17:11:26,27.197287604
3_6,matched,2321 BCE-09-07 03:08:48,2321 BCE-09-07 03:08:46,-2.355509251
3_6,matched,2310 BCE-03-08 22:11:56,2310 BCE-03-08 22:11:58,2.310961112
3_6,matched,2292 BCE-12-02 02:34:13,2292 BCE-12-02 02:34:13,-0.120900571
3_6,matched,2281 BCE-10-24 02:20:01,2281 BCE-10-24 02:19:40,-21.442691982
3_6,matched,2262 BCE-09-06 14:53:04,2262 BCE-09-06 14:53:01,-2.687241510
3_6,matched,2251 BCE-03-13 18:17:17,2251 BCE-03-13 18:17:16,-1.348242536
3_6,matched,2232 BCE-01-16 20:41:52,2232 BCE-01-16 20:41:23,-29.175540805
3_6,matched,2222 BCE-10-24 03:36:20,2222 BCE-10-24 03:35:58,-21.536364779
3_6,matched,2203 BCE-09-10 08:58:20,2203 BCE-09-10 08:58:23,3.153805062
3_6,matched,2192 BCE-03-15 14:30:49,2192 BCE-03-15 14:30:54,4.547863081
3_6,matched,2173 BCE-04-19 20:14:08,2173 BCE-04-19 20:13:50,-17.565334216
3_6,matched,2163 BCE-10-05 06:16:19,2163 BCE-10-05 06:16:42,23.012548685
3_6,matched,2144 BCE-09-21 12:45:09,2144 BCE-09-21 12:45:14,4.662426934
3_6,matched,2133 BCE-03-07 13:44:32,2133 BCE-03-07 13:44:30,-1.768819615
3_6,matched,2114 BCE-05-27 11:54:16,2114 BCE-05-27 11:54:26,10.494028777
3_6,matched,2104 BCE-06-13 02:20:13,2104 BCE-06-13 02:20:35,21.592087671
3_6,matched,2085 BCE-10-03 05:48:59,2085 BCE-10-03 05:49:01,1.778043061
3_6,matched,2074 BCE-02-19 11:45:38,2074 BCE-02-19 11:45:40,1.716627181
3_6,matched,2055 BCE-06-22 07:03:24,2055 BCE-06-22 07:03:18,-5.580687895
3_6,matched,2045 BCE-04-26 06:44:15,2045 BCE-04-26 06:44:19,4.148398340
3_6,matched,2026 BCE-10-20 08:12:19,2026 BCE-10-20 08:12:19,-0.003158301
3_6,matched,2015 BCE-01-25 09:00:03,2015 BCE-01-25 09:00:05,1.783776283
3_6,matched,1996 BCE-07-10 18:30:41,1996 BCE-07-10 18:30:44,2.681900561
3_6,matched,1986 BCE-03-21 16:45:30,1986 BCE-03-21 16:45:26,-3.956415877
3_6,matched,1967 BCE-10-28 07:21:12,1967 BCE-10-28 07:20:59,-12.396231294
3_6,matched,1957 BCE-12-19 13:02:20,1957 BCE-12-19 13:02:27,6.504360214
3_6,matched,1937 BCE-07-25 16:37:51,1937 BCE-07-25 16:37:48,-3.490184247
3_6,matched,1927 BCE-02-13 17:19:41,1927 BCE-02-13 17:19:39,-2.066715807
3_6,matched,1908 BCE-10-29 06:10:50,1908 BCE-10-29 06:10:49,-1.469454914
3_6,matched,1898 BCE-06-20 14:15:03,1898 BCE-06-20 14:15:20,17.121572793
3_6,matched,1878 BCE-07-28 02:21:00,1878 BCE-07-28 02:21:02,1.919190958
3_6,matched,1868 BCE-01-07 12:19:19,1868 BCE-01-07 12:19:14,-4.759851471
3_6,matched,1849 BCE-10-18 22:36:19,1849 BCE-10-18 22:36:27,8.150006086
3_6,matched,1839 BCE-03-31 23:03:04,1839 BCE-03-31 23:02:59,-4.815041274
3_6,matched,1819 BCE-07-22 10:29:23,1819 BCE-07-22 10:29:20,-2.816641331
3_6,matched,1810 BCE-11-24 07:18:15,1810 BCE-11-24 07:18:02,-13.227809966
3_6,matched,1790 BCE-09-23 22:47:42,1790 BCE-09-23 22:47:39,-2.648004144
3_6,matched,1780 BCE-02-21 18:42:16,1780 BCE-02-21 18:42:16,-0.403136015
3_6,matched,1760 BCE-07-05 18:58:49,1760 BCE-07-05 18:58:55,6.494915485
3_6,matched,1751 BCE-05-24 20:33:23,1751 BCE-05-24 20:33:07,-16.428255290
3_6,matched,1731 BCE-08-28 13:36:07,1731 BCE-08-28 13:36:05,-1.518599689
3_6,matched,1721 BCE-01-24 04:15:06,1721 BCE-01-24 04:15:08,1.957181096
3_6,matched,1701 BCE-05-30 12:07:34,1701 BCE-05-30 12:07:38,3.500121832
3_6,matched,1692 BCE-04-23 11:35:44,1692 BCE-04-23 11:35:44,0.028967857
3_6,matched,1672 BCE-07-25 16:10:02,1672 BCE-07-25 16:10:03,0.608848035
3_6,matched,1662 BCE-01-02 21:43:56,1662 BCE-01-02 21:43:55,-0.750026107
3_6,matched,1643 BCE-12-06 15:19:50,1643 BCE-12-06 15:19:29,-21.317848563
3_6,matched,1633 BCE-04-10 08:09:20,1633 BCE-04-10 08:09:16,-3.683584929
3_6,matched,1613 BCE-06-14 22:51:09,1613 BCE-06-14 22:51:12,3.147739917
3_6,matched,1604 BCE-12-24 13:08:31,1604 BCE-12-24 13:08:23,-8.171148598
3_6,matched,1584 BCE-10-14 22:38:46,1584 BCE-10-14 22:38:45,-1.192691177
3_6,matched,1574 BCE-04-09 01:21:13,1574 BCE-04-09 01:21:07,-6.477735937
3_6,matched,1554 BCE-04-14 07:35:35,1554 BCE-04-14 07:35:11,-24.427467585
3_6,matched,1545 BCE-12-21 02:25:49,1545 BCE-12-21 02:25:47,-2.055792511
3_6,matched,1525 BCE-09-19 09:04:56,1525 BCE-09-19 09:04:52,-4.146748781
3_6,matched,1515 BCE-04-15 17:56:27,1515 BCE-04-15 17:56:27,0.442624837
3_6,matched,1496 BCE-11-11 17:43:15,1496 BCE-11-11 17:43:17,1.940082014
3_6,matched,1486 BCE-12-25 13:46:52,1486 BCE-12-25 13:46:49,-3.431785852
3_6,matched,1466 BCE-09-03 11:41:21,1466 BCE-09-03 11:41:22,0.798064470
3_6,matched,1456 BCE-04-24 09:15:25,1456 BCE-04-24 09:15:32,6.928286701
3_6,matched,1437 BCE-10-29 07:51:06,1437 BCE-10-29 07:51:16,9.924166650
3_6,matched,1427 BCE-12-30 20:39:19,1427 BCE-12-30 20:39:19,0.411846489
3_6,matched,1407 BCE-08-25 13:11:53,1407 BCE-08-25 13:11:52,-1.289673150
3_6,matched,1397 BCE-05-04 03:17:02,1397 BCE-05-04 03:17:11,9.337829053
3_6,matched,1378 BCE-10-26 02:12:09,1378 BCE-10-26 02:12:13,3.858578950
3_6,matched,1367 BCE-01-03 04:15:28,1367 BCE-01-03 04:15:24,-4.260648787
3_6,matched,1348 BCE-08-26 13:22:29,1348 BCE-08-26 13:22:29,-0.315850228
3_6,matched,1338 BCE-05-10 14:43:19,1338 BCE-05-10 14:43:14,-5.292387307
3_6,matched,1319 BCE-11-05 01:40:45,1319 BCE-11-05 01:40:49,3.887023777
3_6,matched,1308 BCE-01-03 03:51:00,1308 BCE-01-03 03:50:59,-0.598990917
3_6,matched,1289 BCE-08-29 04:41:52,1289 BCE-08-29 04:41:53,0.531499833
3_6,matched,1279 BCE-05-09 00:53:00,1279 BCE-05-09 00:52:53,-7.479199022
3_6,matched,1260 BCE-12-03 07:38:18,1260 BCE-12-03 07:37:57,-21.430360526
3_6,matched,1250 BCE-12-27 08:40:28,1250 BCE-12-27 08:40:33,4.908341914
3_6,matched,1230 BCE-09-09 20:43:12,1230 BCE-09-09 20:43:14,2.299625427
3_6,matched,1220 BCE-04-26 04:47:39,1220 BCE-04-26 04:47:31,-8.472595364
3_6,matched,1200 BCE-04-12 21:20:37,1200 BCE-04-12 21:21:07,29.548019171
3_6,matched,1191 BCE-12-12 13:50:51,1191 BCE-12-12 13:50:59,8.786775917
3_6,matched,1171 BCE-09-22 14:18:27,1171 BCE-09-22 14:18:29,1.917873323
3_6,matched,1161 BCE-04-05 02:20:33,1161 BCE-04-05 02:20:32,-0.927896798
3_6,matched,1141 BCE-06-04 20:26:12,1141 BCE-06-04 20:26:17,5.018902570
3_6,matched,1132 BCE-11-06 18:54:15,1132 BCE-11-06 18:54:12,-2.724266052
3_6,matched,1112 BCE-10-03 08:06:05,1112 BCE-10-03 08:06:06,1.277562976
3_6,matched,1102 BCE-03-12 16:15:16,1102 BCE-03-12 16:15:14,-2.372246236
3_6,matched,1082 BCE-06-30 17:48:45,1082 BCE-06-30 17:48:48,3.469826281
3_6,matched,1073 BCE-05-14 12:32:51,1073 BCE-05-14 12:32:48,-3.369444609
3_6,matched,1053 BCE-10-16 12:38:36,1053 BCE-10-16 12:38:27,-8.565956354
3_6,matched,1043 BCE-02-08 11:29:55,1043 BCE-02-08 11:29:56,0.590119511
3_6,matched,1023 BCE-07-16 19:34:27,1023 BCE-07-16 19:34:25,-1.555252075
3_6,matched,1014 BCE-04-04 03:11:29,1014 BCE-04-04 03:11:25,-4.129267484
3_6,matched,0994 BCE-10-20 05:35:26,0994 BCE-10-20 05:35:31,4.900194705
3_6,matched,0985 BCE-12-30 04:27:32,0985 BCE-12-30 04:27:27,-5.214817822
3_6,matched,0964 BCE-07-27 05:24:10,0964 BCE-07-27 05:24:10,-0.225064158
3_6,matched,0955 BCE-02-25 23:11:10,0955 BCE-02-25 23:11:09,-1.274766773
3_6,matched,0935 BCE-10-17 20:34:21,0935 BCE-10-17 20:34:19,-2.239838988
3_6,matched,0926 BCE-06-06 16:55:12,0926 BCE-06-06 16:54:53,-18.914019316
3_6,matched,0905 BCE-07-25 18:52:01,0905 BCE-07-25 18:51:59,-1.475630701
3_6,matched,0896 BCE-01-22 00:15:20,0896 BCE-01-22 00:15:18,-1.521234959
3_6,matched,0876 BCE-10-03 02:56:57,0876 BCE-10-03 02:56:51,-6.108979136
3_6,matched,0867 BCE-04-04 08:59:49,0867 BCE-04-04 08:59:49,0.312430412
3_6,matched,0846 BCE-07-19 01:49:22,0846 BCE-07-19 01:49:26,4.325685650
3_6,matched,0838 BCE-12-17 05:41:59,0838 BCE-12-17 05:41:47,-12.256803364
3_6,matched,0817 BCE-09-10 03:38:42,0817 BCE-09-10 03:38:41,-1.384060085
3_6,matched,0808 BCE-03-02 02:55:54,0808 BCE-03-02 02:55:56,1.835435629
3_6,matched,0787 BCE-06-24 17:24:24,0787 BCE-06-24 17:24:34,9.788741916
3_6,matched,0779 BCE-07-02 08:48:23,0779 BCE-07-02 08:48:39,16.435859352
3_6,matched,0779 BCE-08-23 10:50:55,0779 BCE-08-23 10:51:18,23.159480095
3_6,matched,0779 BCE-10-21 21:56:52,0779 BCE-10-21 21:56:09,-43.360336125
3_6,matched,0758 BCE-08-16 22:53:32,0758 BCE-08-16 22:53:31,-1.169215143
3_6,matched,0749 BCE-02-07 02:02:32,0749 BCE-02-07 02:02:33,1.472633332
3_6,matched,0728 BCE-05-06 00:59:58,0728 BCE-05-06 00:59:33,-25.267837197
3_6,matched,0720 BCE-05-21 14:46:02,0720 BCE-05-21 14:46:13,11.015249044
3_6,matched,0699 BCE-07-10 13:33:16,0699 BCE-07-10 13:33:10,-6.360516697
3_6,matched,0690 BCE-01-24 23:08:46,0690 BCE-01-24 23:08:49,2.983689308
3_6,matched,0670 BCE-11-04 07:01:04,0670 BCE-11-04 07:00:52,-12.326909602
3_6,matched,0661 BCE-05-11 21:22:23,0661 BCE-05-11 21:22:17,-6.052532047
3_6,matched,0640 BCE-05-23 03:54:55,0640 BCE-05-23 03:55:06,10.697668791
3_6,matched,0631 BCE-01-20 15:27:04,0631 BCE-01-20 15:27:05,1.179897040
3_6,matched,0611 BCE-10-01 11:57:02,0611 BCE-10-01 11:56:57,-4.699692875
3_6,matched,0602 BCE-05-19 02:32:25,0602 BCE-05-19 02:32:38,13.075245917
3_6,matched,0582 BCE-11-19 20:24:38,0582 BCE-11-19 20:24:49,11.047013104
3_6,matched,0572 BCE-01-22 07:27:51,0572 BCE-01-22 07:27:55,4.173544049
3_6,matched,0552 BCE-09-12 16:49:55,0552 BCE-09-12 16:49:57,1.706367731
3_6,matched,0543 BCE-05-31 05:16:04,0543 BCE-05-31 05:16:12,7.858517021
3_6,matched,0523 BCE-10-23 21:45:38,0523 BCE-10-23 21:45:29,-8.584121615
3_6,matched,0513 BCE-01-31 11:25:30,0513 BCE-01-31 11:25:32,1.594036818
3_6,matched,0493 BCE-08-29 03:38:46,0493 BCE-08-29 03:38:48,1.575328410
3_6,matched,0484 BCE-06-22 18:57:28,0484 BCE-06-22 18:57:17,-10.729573667
3_6,matched,0464 BCE-10-18 16:27:30,0464 BCE-10-18 16:27:35,4.571530223
3_6,matched,0454 BCE-02-05 19:28:28,0454 BCE-02-05 19:28:26,-2.025838941
3_6,matched,0434 BCE-08-24 17:11:11,0434 BCE-08-24 17:11:10,-1.230107993
3_6,matched,0425 BCE-11-03 09:38:05,0425 BCE-11-03 09:38:31,26.402492076
3_6,matched,0405 BCE-10-20 16:14:33,0405 BCE-10-20 16:14:25,-7.916030288
3_6,matched,0395 BCE-02-08 03:14:47,0395 BCE-02-08 03:14:46,-1.013452560
3_6,matched,0375 BCE-08-28 11:53:30,0375 BCE-08-28 11:53:32,1.876775175
3_6,matched,0366 BCE-11-07 02:46:54,0366 BCE-11-07 02:46:30,-23.857102543
3_6,matched,0346 BCE-11-07 20:41:50,0346 BCE-11-07 20:42:01,11.001851410
3_6,matched,0336 BCE-02-05 23:12:29,0336 BCE-02-05 23:12:27,-2.230283618
3_6,matched,0316 BCE-09-05 13:17:11,0316 BCE-09-05 13:17:11,0.188713521
3_6,matched,0307 BCE-06-30 01:46:58,0307 BCE-06-30 01:47:17,18.555743247
3_6,matched,0287 BCE-12-10 00:10:08,0287 BCE-12-10 00:10:29,21.313785017
3_6,matched,0277 BCE-01-25 20:21:14,0277 BCE-01-25 20:21:10,-4.131520540
3_6,matched,0257 BCE-09-22 19:28:10,0257 BCE-09-22 19:28:11,0.929968804
3_6,matched,0248 BCE-05-18 12:44:14,0248 BCE-05-18 12:44:04,-10.120906681
3_6,matched,0227 BCE-05-30 13:04:40,0227 BCE-05-30 13:04:39,-0.532606244
3_6,matched,0218 BCE-01-03 21:57:34,0218 BCE-01-03 21:57:32,-1.804798096
3_6,matched,0198 BCE-10-09 04:49:42,0198 BCE-10-09 04:49:40,-2.067802101
3_6,matched,0189 BCE-04-12 23:33:55,0189 BCE-04-12 23:33:54,-0.808565319
3_6,matched,0168 BCE-07-09 21:13:30,0168 BCE-07-09 21:13:38,7.600139827
3_6,matched,0160 BCE-11-17 00:03:33,0160 BCE-11-17 00:03:06,-26.574026048
3_6,matched,0139 BCE-10-26 18:46:33,0139 BCE-10-26 18:46:27,-5.502866954
3_6,matched,0130 BCE-03-09 15:33:31,0130 BCE-03-09 15:33:32,0.572376698
3_6,matched,0109 BCE-07-30 22:01:59,0109 BCE-07-30 22:02:05,5.727669597
3_6,matched,0101 BCE-04-30 17:00:54,0101 BCE-04-30 17:00:59,5.815337598
3_6,matched,0080 BCE-11-12 01:18:22,0080 BCE-11-12 01:18:33,10.853692889
3_6,matched,0071 BCE-01-27 13:40:50,0071 BCE-01-27 13:40:55,4.844149947
3_6,matched,0050 BCE-08-16 19:43:24,0050 BCE-08-16 19:43:20,-3.612513095
3_6,matched,0042 BCE-03-20 18:27:20,0042 BCE-03-20 18:27:22,1.711879671
3_6,matched,0021 BCE-11-10 17:19:41,0021 BCE-11-10 17:19:50,8.563542366
3_6,matched,0013 BCE-12-02 09:23:19,0013 BCE-12-02 09:23:42,22.658718377
3_6,matched,0010 CE-08-22 04:18:11,0010 CE-08-22 04:18:13,2.345048636
3_6,matched,0018 CE-02-12 22:23:25,0018 CE-02-12 22:23:24,-1.340226084
3_6,matched,0039 CE-11-04 00:23:39,0039 CE-11-04 00:23:32,-6.572303921
3_6,matched,0047 CE-04-17 20:49:03,0047 CE-04-17 20:49:07,4.263062775
3_6,matched,0069 CE-08-15 00:13:35,0069 CE-08-15 00:13:35,0.319229811
3_6,matched,0077 CE-01-13 06:13:23,0077 CE-01-13 06:13:28,5.010876060
3_6,matched,0098 CE-10-11 19:25:06,0098 CE-10-11 19:25:02,-3.535909206
3_6,matched,0106 CE-03-13 22:14:49,0106 CE-03-13 22:14:50,1.158452779
3_6,matched,0128 CE-08-01 21:51:20,0128 CE-08-01 21:51:19,-1.214678586
3_6,matched,0135 CE-12-10 04:04:22,0135 CE-12-10 04:04:30,8.471549302
3_6,matched,0157 CE-09-14 02:10:48,0157 CE-09-14 02:10:48,0.273866951
3_6,matched,0165 CE-02-21 22:14:13,0165 CE-02-21 22:14:13,-0.188633054
3_6,matched,0187 CE-07-04 02:14:26,0187 CE-07-04 02:14:32,6.263514608
3_6,matched,0194 CE-06-08 04:39:25,0194 CE-06-08 04:39:18,-7.020682096
3_6,matched,0216 CE-08-15 18:09:44,0216 CE-08-15 18:09:46,2.324952185
3_6,matched,0224 CE-02-08 21:55:44,0224 CE-02-08 21:55:43,-1.330550015
3_6,matched,0245 CE-12-12 06:03:46,0245 CE-12-12 06:03:55,9.369190782
3_6,matched,0246 CE-03-26 15:11:26,0246 CE-03-26 15:11:12,-13.771118224
3_6,matched,0246 CE-05-07 20:37:25,0246 CE-05-07 20:37:51,25.929893553
3_6,matched,0253 CE-05-29 23:56:24,0253 CE-05-29 23:56:34,9.700047970
3_6,matched,0275 CE-07-09 15:04:08,0275 CE-07-09 15:04:03,-4.891001433
3_6,matched,0283 CE-02-04 21:03:03,0283 CE-02-04 21:03:06,2.707931399
3_6,matched,0304 CE-10-30 06:49:35,0304 CE-10-30 06:49:32,-2.985721081
3_6,matched,0312 CE-05-30 23:13:23,0312 CE-05-30 23:13:29,5.996809155
3_6,matched,0334 CE-01-04 23:41:08,0334 CE-01-04 23:41:04,-3.668839484
3_6,matched,0334 CE-02-21 23:25:30,0334 CE-02-21 23:25:37,7.406216115
3_6,matched,0334 CE-05-21 18:51:05,0334 CE-05-21 18:51:07,2.213184536
3_6,matched,0342 CE-02-06 21:42:57,0342 CE-02-06 21:42:55,-1.646299660
3_6,matched,0363 CE-10-07 05:52:44,0363 CE-10-07 05:52:44,-0.118969381
3_6,matched,0371 CE-06-14 02:27:24,0371 CE-06-14 02:27:15,-8.645054698
3_6,matched,0392 CE-11-16 14:17:19,0392 CE-11-16 14:17:27,7.695733756
3_6,matched,0401 CE-02-11 16:20:56,0401 CE-02-11 16:20:57,1.159740239
3_6,matched,0422 CE-09-25 07:41:09,0422 CE-09-25 07:41:09,-0.325546414
3_6,matched,0430 CE-07-02 08:16:52,0430 CE-07-02 08:17:03,10.915672034
3_6,matched,0430 CE-09-03 01:00:58,0430 CE-09-03 01:00:56,-1.859434694
3_6,matched,0430 CE-11-14 01:34:41,0430 CE-11-14 01:34:57,15.920110792
3_6,matched,0451 CE-11-05 14:59:33,0451 CE-11-05 14:59:39,5.991277099
3_6,matched,0460 CE-02-17 22:33:56,0460 CE-02-17 22:33:55,-0.604321808
3_6,matched,0481 CE-09-15 16:59:55,0481 CE-09-15 16:59:55,-0.238361210
3_6,matched,0489 CE-12-02 04:10:57,0489 CE-12-02 04:10:49,-7.978512347
3_6,matched,0510 CE-11-08 09:22:16,0510 CE-11-08 09:22:16,-0.002132356
3_6,matched,0519 CE-02-19 15:26:59,0519 CE-02-19 15:26:58,-0.815767050
3_6,matched,0540 CE-09-17 23:21:24,0540 CE-09-17 23:21:25,0.514642149
3_6,matched,0548 CE-12-04 12:56:02,0548 CE-12-04 12:56:14,11.702933908
3_6,matched,0569 CE-11-18 01:47:49,0569 CE-11-18 01:47:50,1.391342282
3_6,matched,0578 CE-02-18 21:09:43,0578 CE-02-18 21:09:42,-0.897239149
3_6,matched,0599 CE-09-26 14:33:55,0599 CE-09-26 14:33:54,-0.627013296
3_6,matched,0607 CE-07-03 10:40:27,0607 CE-07-03 10:40:10,-16.804736853
3_6,matched,0607 CE-09-03 02:42:09,0607 CE-09-03 02:41:59,-9.902682155
3_6,matched,0607 CE-11-18 17:46:44,0607 CE-11-18 17:46:24,-20.356538147
3_6,matched,0628 CE-12-26 10:22:42,0628 CE-12-26 10:22:47,4.640771449
3_6,matched,0637 CE-02-09 07:01:40,0637 CE-02-09 07:01:42,1.938311756
3_6,matched,0658 CE-10-08 00:02:05,0658 CE-10-08 00:02:04,-0.887603313
3_6,matched,0666 CE-05-31 22:35:11,0666 CE-05-31 22:35:02,-8.751873672
3_6,matched,0688 CE-06-26 05:11:06,0688 CE-06-26 05:11:12,5.687154830
3_6,matched,0696 CE-01-22 20:11:44,0696 CE-01-22 20:11:41,-3.447255492
3_6,matched,0717 CE-10-30 06:21:52,0717 CE-10-30 06:21:53,1.370119303
3_6,matched,0725 CE-04-25 06:45:11,0725 CE-04-25 06:45:09,-1.749618351
3_6,matched,0747 CE-07-30 06:22:25,0747 CE-07-30 06:22:29,4.230212420
3_6,matched,0754 CE-12-22 10:05:47,0754 CE-12-22 10:05:42,-5.321958661
3_6,matched,0776 CE-11-21 11:50:36,0776 CE-11-21 11:50:45,8.563140035
3_6,matched,0784 CE-03-21 04:53:00,0784 CE-03-21 04:52:59,-0.080627203
3_6,matched,0806 CE-08-27 07:38:56,0806 CE-08-27 07:38:55,-1.248655468
3_6,matched,0813 CE-05-11 02:07:09,0813 CE-05-11 02:07:10,0.603718311
3_6,matched,0836 CE-01-08 01:56:03,0836 CE-01-08 01:56:14,11.156366765
3_6,matched,0836 CE-02-06 12:39:39,0836 CE-02-06 12:39:22,-17.291155457
3_6,matched,0836 CE-06-22 15:40:00,0836 CE-06-22 15:40:05,4.566420615
3_6,matched,0843 CE-02-11 14:13:14,0843 CE-02-11 14:13:14,-0.038100779
3_6,matched,0865 CE-09-15 20:13:43,0865 CE-09-15 20:13:43,0.197846442
3_6,matched,0872 CE-03-29 05:31:43,0872 CE-03-29 05:31:45,2.150581777
3_6,matched,0895 CE-07-17 03:41:31,0895 CE-07-17 03:41:37,5.959794670
3_6,matched,0901 CE-06-03 18:55:46,0901 CE-06-03 18:55:56,10.347962379
3_6,matched,0901 CE-09-14 10:12:32,0901 CE-09-14 10:12:30,-2.495138347
3_6,matched,0901 CE-12-10 08:08:32,0901 CE-12-10 08:08:23,-9.044187516
3_6,matched,0924 CE-10-02 13:36:11,0924 CE-10-02 13:36:10,-0.513777137
3_6,matched,0931 CE-02-19 19:14:45,0931 CE-02-19 19:14:47,1.844628900
3_6,matched,0954 CE-07-23 12:50:34,0954 CE-07-23 12:50:33,-0.823089480
3_6,matched,0960 CE-04-06 10:31:56,0960 CE-04-06 10:31:55,-1.097318530
3_6,matched,0983 CE-10-06 04:49:50,0983 CE-10-06 04:49:52,1.735194772
3_6,matched,0990 CE-01-11 17:28:47,0990 CE-01-11 17:28:41,-6.174277514
3_6,matched,1013 CE-07-19 22:07:02,1013 CE-07-19 22:06:56,-5.762954056
3_6,matched,1019 CE-03-01 03:27:47,1019 CE-03-01 03:27:47,0.043290854
3_6,matched,1042 CE-09-29 22:40:31,1042 CE-09-29 22:40:30,-1.330067217
3_6,matched,1048 CE-05-18 09:16:22,1048 CE-05-18 09:16:14,-8.411219716
3_6,matched,1071 CE-11-21 20:10:56,1071 CE-11-21 20:10:59,2.756331861
3_6,matched,1072 CE-04-03 18:42:00,1072 CE-04-03 18:41:52,-7.571835816
3_6,matched,1072 CE-06-13 00:26:39,1072 CE-06-13 00:26:39,0.028927624
3_6,matched,1078 CE-02-03 11:48:01,1078 CE-02-03 11:47:59,-2.264320850
3_6,matched,1101 CE-09-14 20:41:18,1101 CE-09-14 20:41:17,-0.659300387
3_6,matched,1107 CE-04-26 09:02:03,1107 CE-04-26 09:01:58,-4.721398652
3_6,matched,1130 CE-10-18 06:00:17,1130 CE-10-18 06:00:18,0.787764788
3_6,matched,1137 CE-01-17 14:47:40,1137 CE-01-17 14:47:43,2.682584524
3_6,matched,1160 CE-08-17 21:01:02,1160 CE-08-17 21:01:03,1.211781800
3_6,matched,1166 CE-04-23 17:13:12,1166 CE-04-23 17:13:09,-2.806100249
3_6,matched,1189 CE-09-14 22:36:14,1189 CE-09-14 22:36:13,-0.908625126
3_6,matched,1196 CE-01-13 10:37:01,1196 CE-01-13 10:37:04,2.697108686
3_6,matched,1219 CE-07-22 14:31:54,1219 CE-07-22 14:31:57,2.805376053
3_6,matched,1225 CE-04-25 10:25:51,1225 CE-04-25 10:25:47,-3.879560530
3_6,matched,1248 CE-08-11 03:08:28,1248 CE-08-11 03:08:26,-2.343378961
3_6,matched,1255 CE-01-23 03:34:32,1255 CE-01-23 03:34:33,1.394802332
3_6,matched,1277 CE-12-03 14:15:28,1277 CE-12-03 14:15:18,-9.994393587
3_6,matched,1278 CE-04-10 18:49:24,1278 CE-04-10 18:49:35,10.896299779
3_6,matched,1278 CE-05-31 07:26:39,1278 CE-05-31 07:26:49,9.808114171
3_6,matched,1284 CE-05-04 05:37:48,1284 CE-05-04 05:37:43,-4.856984317
3_6,matched,1307 CE-07-15 01:49:36,1307 CE-07-15 01:49:41,4.866398871
3_6,matched,1314 CE-01-31 21:05:20,1314 CE-01-31 21:05:18,-1.825216413
3_6,matched,1336 CE-11-06 03:50:53,1336 CE-11-06 03:50:58,5.129483342
3_6,matched,1343 CE-05-21 10:47:20,1343 CE-05-21 10:47:26,5.572329462
3_6,matched,1365 CE-12-28 15:23:21,1365 CE-12-28 15:23:14,-6.505496800
3_6,matched,1366 CE-03-10 04:32:05,1366 CE-03-10 04:32:01,-4.000984132
3_6,matched,1366 CE-06-13 02:12:48,1366 CE-06-13 02:12:38,-9.630645812
3_6,matched,1373 CE-02-09 21:34:36,1373 CE-02-09 21:34:34,-2.285201848
3_6,matched,1395 CE-10-28 18:46:50,1395 CE-10-28 18:46:49,-1.380720735
3_6,matched,1402 CE-05-30 12:06:30,1402 CE-05-30 12:06:39,8.554932475
3_6,matched,1424 CE-12-26 08:11:25,1424 CE-12-26 08:11:08,-16.748571396
3_6,matched,1425 CE-03-18 10:58:05,1425 CE-03-18 10:58:08,2.614992857
3_6,matched,1425 CE-06-07 01:39:11,1425 CE-06-07 01:39:22,10.823316872
3_6,matched,1432 CE-02-16 02:05:49,1432 CE-02-16 02:05:51,1.569896936
3_6,matched,1454 CE-10-26 16:56:16,1454 CE-10-26 16:56:16,0.449243188
3_6,matched,1461 CE-06-03 09:55:00,1461 CE-06-03 09:54:53,-7.446429133
3_6,matched,1484 CE-06-25 11:40:12,1484 CE-06-25 11:40:07,-4.816710949
3_6,matched,1491 CE-02-13 09:15:05,1491 CE-02-13 09:15:08,2.923178673
3_6,matched,1513 CE-11-08 17:30:22,1513 CE-11-08 17:30:17,-5.181303620
3_6,matched,1520 CE-05-22 13:44:20,1520 CE-05-22 13:44:14,-6.412839890
3_6,matched,1543 CE-07-23 19:53:07,1543 CE-07-23 19:53:08,1.152357459
3_6,matched,1550 CE-02-03 04:31:45,1550 CE-02-03 04:31:48,3.320682049
3_6,matched,1572 CE-11-28 08:34:30,1572 CE-11-28 08:34:25,-4.729968309
3_6,matched,1579 CE-05-01 17:39:15,1579 CE-05-01 17:39:10,-4.919667542
3_6,matched,1602 CE-09-03 01:37:14,1602 CE-09-03 01:37:16,2.132597566
3_6,matched,1609 CE-01-19 00:09:55,1609 CE-01-19 00:10:03,8.001485467
3_6,matched,1632 CE-07-27 19:23:27,1632 CE-07-27 19:23:33,6.424748898
3_6,matched,1638 CE-04-14 03:01:35,1638 CE-04-14 03:01:36,0.959238410
3_6,matched,1661 CE-09-28 00:46:05,1661 CE-09-28 00:46:04,-1.259940863
3_6,matched,1667 CE-05-31 11:05:05,1667 CE-05-31 11:05:02,-3.175038099
3_6,matched,1691 CE-08-31 14:51:44,1691 CE-08-31 14:51:47,2.939794958
3_6,matched,1697 CE-03-09 17:09:08,1697 CE-03-09 17:09:06,-1.624453068
3_6,matched,1720 CE-10-30 02:58:28,1720 CE-10-30 02:58:30,2.412781119
3_6,matched,1726 CE-04-20 22:55:23,1726 CE-04-20 22:55:22,-1.470762491
3_6,matched,1750 CE-09-23 04:07:25,1750 CE-09-23 04:07:26,1.443041861
3_6,matched,1755 CE-06-17 14:11:25,1755 CE-06-17 14:11:30,4.789754748
3_6,matched,1755 CE-09-15 16:21:40,1755 CE-09-15 16:21:34,-6.488558650
3_6,matched,1756 CE-01-25 15:55:11,1756 CE-01-25 15:55:02,-8.993473649
3_6,matched,1779 CE-12-01 20:24:26,1779 CE-12-01 20:24:34,8.150991797
3_6,matched,1780 CE-04-25 17:16:44,1780 CE-04-25 17:16:46,2.003449202
3_6,matched,1780 CE-07-04 11:43:15,1780 CE-07-04 11:43:31,15.706533194
3_6,matched,1785 CE-03-13 07:58:51,1785 CE-03-13 07:58:50,-0.839786232
3_6,matched,1809 CE-10-17 09:07:21,1809 CE-10-17 09:07:23,1.917712390
3_6,matched,1814 CE-04-18 17:48:16,1814 CE-04-18 17:48:14,-1.831090450
3_6,matched,1839 CE-01-06 17:08:22,1839 CE-01-06 17:08:31,8.721698821
3_6,matched,1839 CE-02-27 08:18:57,1839 CE-02-27 08:18:49,-7.670849562
3_6,matched,1839 CE-08-13 11:45:52,1839 CE-08-13 11:45:46,-5.552212894
3_6,matched,1843 CE-06-20 23:12:48,1843 CE-06-20 23:13:00,12.189432979
3_6,matched,1843 CE-09-09 10:54:36,1843 CE-09-09 10:54:39,2.891635895
3_6,matched,1844 CE-02-04 12:39:54,1844 CE-02-04 12:39:52,-1.682670414
3_6,matched,1868 CE-10-30 07:01:05,1868 CE-10-30 07:01:06,0.553205609
3_6,matched,1869 CE-06-04 15:58:11,1869 CE-06-04 15:58:59,47.695536911
3_6,matched,1869 CE-06-23 20:03:08,1869 CE-06-23 20:03:47,38.908298314
3_6,matched,1873 CE-03-06 06:14:35,1873 CE-03-06 06:14:37,2.439013124
3_6,matched,1898 CE-09-06 07:03:10,1898 CE-09-06 07:03:11,0.719287992
3_6,matched,1902 CE-04-30 09:31:12,1902 CE-04-30 09:31:10,-1.504276693
3_6,matched,1927 CE-11-04 00:07:27,1927 CE-11-04 00:07:24,-3.229433298
3_6,matched,1928 CE-05-10 07:17:53,1928 CE-05-10 07:17:43,-9.901937842
3_6,matched,1928 CE-07-23 16:49:04,1928 CE-07-23 16:49:11,6.860594451
3_6,matched,1931 CE-05-12 06:51:30,1931 CE-05-12 06:51:28,-2.137264609
3_6,matched,1931 CE-10-24 01:23:49,1931 CE-10-24 01:23:47,-2.197694778
3_6,matched,1932 CE-01-23 02:51:27,1932 CE-01-23 02:51:39,11.923089623
3_6,matched,1957 CE-09-11 16:53:48,1957 CE-09-11 16:53:47,-1.416528225
3_6,matched,1961 CE-04-03 15:32:17,1961 CE-04-03 15:32:19,1.515300572
3_6,matched,1986 CE-10-28 06:25:33,1986 CE-10-28 06:25:35,2.133925259
3_6,matched,1987 CE-05-17 11:08:46,1987 CE-05-17 11:08:45,-1.038980484
3_6,matched,1987 CE-07-24 01:41:26,1987 CE-07-24 01:41:36,10.191334784
3_6,matched,1990 CE-04-15 22:14:19,1990 CE-04-15 22:14:21,1.519283652
3_6,matched,2016 CE-09-07 15:32:39,2016 CE-09-07 15:32:43,3.877066076
3_6,matched,2020 CE-03-17 20:10:10,2020 CE-03-17 20:10:11,1.328015327
7_9,matched,3832 BCE-01-03 12:25:35,3832 BCE-01-03 12:25:30,-4.960197397
7_9,matched,3811 BCE-08-13 13:20:05,3811 BCE-08-13 13:20:21,15.698526800
7_9,matched,3586 BCE-06-08 11:31:01,3586 BCE-06-08 11:31:01,0.100029632
7_9,matched,3559 BCE-01-16 10:28:20,3559 BCE-01-16 10:28:25,5.340908468
7_9,matched,3338 BCE-02-17 18:12:30,3338 BCE-02-17 18:12:29,-0.567020662
7_9,matched,3310 BCE-12-29 05:28:33,3310 BCE-12-29 05:28:32,-0.503165647
7_9,matched,3090 BCE-05-24 14:28:29,3090 BCE-05-24 14:28:28,-0.678944215
7_9,matched,3060 BCE-11-26 05:55:41,3060 BCE-11-26 05:55:44,3.066328168
7_9,matched,2841 BCE-04-04 01:30:52,2841 BCE-04-04 01:30:56,3.560592234
7_9,matched,2811 BCE-11-28 17:09:31,2811 BCE-11-28 17:09:32,0.751715899
7_9,matched,2592 BCE-09-22 16:52:57,2592 BCE-09-22 16:52:55,-2.380876243
7_9,matched,2562 BCE-12-04 02:06:10,2562 BCE-12-04 02:06:15,5.132058263
7_9,matched,2342 BCE-07-11 08:00:36,2342 BCE-07-11 08:00:32,-4.232867807
7_9,matched,2313 BCE-03-07 00:59:00,2313 BCE-03-07 00:58:55,-5.191945285
7_9,matched,2091 BCE-02-05 20:09:34,2091 BCE-02-05 20:09:34,0.326190144
7_9,matched,2065 BCE-06-29 00:06:53,2065 BCE-06-29 00:06:49,-4.349413142
7_9,matched,1840 BCE-12-20 15:37:20,1840 BCE-12-20 15:37:12,-7.954694331
7_9,matched,1819 BCE-12-21 14:25:07,1819 BCE-12-21 14:25:05,-2.189265937
7_9,matched,1583 BCE-06-15 04:47:18,1583 BCE-06-15 04:46:52,-26.385614276
7_9,matched,1575 BCE-01-31 13:21:20,1575 BCE-01-31 13:21:28,8.316953480
7_9,matched,0632 BCE-04-28 03:52:51,0632 BCE-04-28 03:53:07,15.713372827
7_9,matched,0616 BCE-02-22 15:37:05,0616 BCE-02-22 15:36:59,-5.534369498
7_9,matched,0387 BCE-08-13 03:06:11,0387 BCE-08-13 03:06:13,2.201899141
7_9,matched,0362 BCE-05-12 10:46:33,0362 BCE-05-12 10:46:29,-4.038219899
7_9,matched,0139 BCE-02-06 02:30:31,0139 BCE-02-06 02:30:37,6.042111665
7_9,matched,0110 BCE-02-10 15:01:49,0110 BCE-02-10 15:01:49,-0.219149888
7_9,matched,0110 CE-04-11 00:33:09,0110 CE-04-11 00:33:06,-2.938748896
7_9,matched,0141 CE-10-01 00:47:54,0141 CE-10-01 00:47:55,1.185348630
7_9,matched,0359 CE-02-01 08:25:14,0359 CE-02-01 08:25:14,-0.405972451
7_9,matched,0392 CE-02-21 11:33:27,0392 CE-02-21 11:33:28,1.401682198
7_9,matched,0608 CE-02-06 23:01:43,0608 CE-02-06 23:01:42,-0.744815916
7_9,matched,0642 CE-01-02 00:37:31,0642 CE-01-02 00:37:34,2.980450541
7_9,matched,0857 CE-08-05 23:56:17,0857 CE-08-05 23:56:16,-1.192791760
7_9,matched,0891 CE-12-04 02:23:18,0891 CE-12-04 02:23:22,3.527601063
7_9,matched,1107 CE-02-15 21:07:46,1107 CE-02-15 21:07:45,-1.349620521
7_9,matched,1141 CE-07-16 02:02:52,1141 CE-07-16 02:02:55,3.395837545
7_9,matched,1357 CE-01-26 21:10:32,1357 CE-01-26 21:10:29,-3.027905524
7_9,matched,1391 CE-04-12 01:10:37,1391 CE-04-12 01:10:34,-3.215552866
7_9,matched,1607 CE-01-30 20:26:28,1607 CE-01-30 20:26:25,-2.841183543
7_9,matched,1640 CE-09-27 06:37:48,1640 CE-09-27 06:37:45,-3.210966289
7_9,matched,1857 CE-05-30 19:42:32,1857 CE-05-30 19:42:33,1.065574586
7_9,matched,1890 CE-05-14 11:05:08,1890 CE-05-14 11:05:09,1.084806025
